;USDIDR;GDP;CPI;Birepo;USDIDRgrowth;Unemployment;GDP_lag1Q;CPI_lag1Q;Birepo_lag1Q;USDIDRgrowth_lag1Q;Unemployment_lag1Q;GDP_lag2Q;CPI_lag2Q;Birepo_lag2Q;USDIDRgrowth_lag2Q;Unemployment_lag2Q;GDP_lag3Q;CPI_lag3Q;Birepo_lag3Q;USDIDRgrowth_lag3Q;Unemployment_lag3Q;delta_GDP;delta_CPI;delta_Birepo;delta_USDIDRgrowth;delta_Unemployment;delta_GDP_lag1Q;delta_CPI_lag1Q;delta_Birepo_lag1Q;delta_USDIDRgrowth_lag1Q;delta_Unemployment_lag1Q;delta_GDP_lag2Q;delta_CPI_lag2Q;delta_Birepo_lag2Q;delta_USDIDRgrowth_lag2Q;delta_Unemployment_lag2Q;delta_GDP_lag3Q;delta_CPI_lag3Q;delta_Birepo_lag3Q;delta_USDIDRgrowth_lag3Q;delta_Unemployment_lag3Q
USDIDR;1,0;-0,08719918871101301;0,027454354975798304;0,29376490233501523;0,4749176089330241;0,16766771662333144;-0,04510573454810172;-0,02200114010053496;0,28784450496512654;0,08332604670619301;-0,007270601063743882;0,002408609849868614;-0,10401054633305144;0,3267421683376449;-0,058935418769477735;-0,07689709249637607;0,00926542067072798;-0,1853493834247134;0,3858821671815021;-0,19744823427687438;-0,09757415146618525;-0,059435222193017376;0,2564330868444808;-0,21220483073593116;0,3648791096624192;0,0980409373123837;-0,016146056368395556;0,3316753487681384;-0,24506636465571285;0,21422338259994358;-0,03401136543921272;0,027788537436203905;0,3966422896927178;-0,2374340044819373;0,2128668480059875;-0,10194051397203766;0,14338556605550043;0,5109267251566098;-0,23613947660192128;0,2171310848560449;-0,1543558130803665
GDP;-0,08719918871101301;1,0;0,46804810386347195;0,14431724445259017;0,0021535514147565564;-0,6806001739834773;0,6824351679056;0,317599822355039;-0,003192584580811677;-0,06663669620318553;-0,4430313898987471;0,42877139025575944;0,2048114305655036;-0,1113160065540469;0,13040384709288433;-0,15774554066545607;0,1522527451544159;0,10736910353070407;-0,21798081123484117;0,232447033210409;0,12593819692454433;0,7455960243988522;0,17774078735347518;0,39493039509242894;-0,1336844839668065;-0,8703882502176399;0,5138747503973577;0,09986288645662311;0,37735292805146514;-0,1424626277808611;-0,6872955323659774;0,3879760052761009;0,06416612393175772;0,33956225552145064;0,1251184558867402;-0,45494480719108227;0,22007733252439204;-0,019117897820563324;0,23506393101736786;0,2672884030477341;-0,229174435293397
CPI;0,027454354975798304;0,46804810386347195;1,0;0,11099566840611658;0,30826534532647437;-0,48190733064884045;0,57014682698471;0,7795076970832245;-0,06385725327235277;0,24679655711075071;-0,4000710088840334;0,5689772842301922;0,5052925534230189;-0,15297928687318843;0,1386841257876448;-0,3005605888665328;0,5384736345122806;0,2503612425830783;-0,21456666569624766;0,04202883149527973;-0,15890332675092056;-0,008797103858744137;0,5204463802004695;0,3437929977798507;0,1604598637555324;-0,3924648779704015;0,15187853058283776;0,49223295067992334;0,3505495232283118;0,16941654513859425;-0,5179246786981012;0,3220875736705038;0,3988369000931377;0,35540092924836564;0,07282464368731588;-0,581092681137888;0,5051341914585505;0,16374675650943296;0,33779837761387743;-0,08060939745097093;-0,5865733369202898
Birepo;0,29376490233501523;0,14431724445259017;0,11099566840611658;1,0;-0,0045265600137744;-0,3949327588799087;0,23641591179030302;0,084052798821138;0,7427400472929678;-0,14465447898041417;-0,5583276532879814;0,29867777825718983;-0,03606225662034971;0,5417983832579889;-0,13903778430135205;-0,44980198109119174;0,3296128453273717;0,037955996910054246;0,40381949684445295;0,017376083039730865;-0,3964053896186094;-0,12503936620899972;0,04739289599507266;0,385510213051135;-0,08355908947826905;-0,1288879185429258;-0,053686100949299605;0,012846008176495768;0,3810213145271616;-0,16362889710280618;-0,2518055962962755;-0,012065104399814956;-0,06718077580473758;0,32728433375643384;0,020682824301877244;-0,30588595735855884;0,07293252228920061;0,2664523386325395;0,24896490945000724;0,30823783671674737;-0,3448829987578531
USDIDRgrowth;0,4749176089330241;0,0021535514147565564;0,30826534532647437;-0,0045265600137744;1,0;-0,008128091051707528;0,07461778422907324;0,34055739948064256;-0,1426868649726517;0,43749649309892297;-0,06286395664811434;0,20638740848319947;0,25229083761556503;-0,044290973947707465;0,15821298381908536;-0,13988150839726868;0,28317047460629;0,10206578490696;0,047381146396064326;-0,15316757459110453;-0,2789123419947758;-0,155743528649769;0,21874610567021713;-0,10806849912083828;0,8115764153070203;0,2194089755143647;-0,06031785147600331;0,37937654261527504;-0,2836404990924659;0,4427093047946946;-0,02527625600667429;0,07831935031962263;0,38569769015704786;-0,21816758407322867;0,23453702195133563;-0,14918657832493495;0,2543769926852797;0,30361116192266835;-0,12846570756804748;-0,056452952879899675;-0,3327751696854503
Unemployment;0,16766771662333144;-0,6806001739834773;-0,48190733064884045;-0,3949327588799087;-0,008128091051707528;1,0;-0,6227470125439217;-0,454323237229905;-0,2794906140153915;-0,07562857276702954;0,6570436371244267;-0,5328986415426529;-0,3867708226300597;-0,1688554684835319;-0,20033813280733434;0,3548723146139404;-0,4725624980469998;-0,30018623631020735;-0,009759180241725998;-0,2480080012036854;0,31905343762368915;-0,18991127085812384;-0,05324668076185818;-0,3832009068239393;0,11696524936511532;0,5854774116088874;-0,2284903042890761;-0,08041596421964854;-0,4272249844296218;0,04271783406031392;0,5259087247023598;-0,2401584759268575;-0,10376422572574846;-0,4450954573065646;-0,11700541560562049;0,46647883004688234;-0,24896745531472683;-0,09294278120044194;-0,40207075767496664;-0,23664066346487675;0,4549209692305124
GDP_lag1Q;-0,04510573454810172;0,6824351679056;0,57014682698471;0,23641591179030302;0,07461778422907324;-0,6227470125439217;1,0;0,4466076113521775;0,08568279974057516;0,0164374156508934;-0,6391669897073351;0,6816539617894919;0,303718484827146;-0,03203026153014878;-0,033888295724382435;-0,4373588635796134;0,42832010645957036;0,21210096525542746;-0,13304351502592163;0,14066804040755082;-0,1502651509717497;0,3578547583466529;0,22702052280325402;0,3821903926385666;-0,11996460261698105;-0,6336861747936956;0,7455002699128414;0,19367423902135952;0,39198864602885136;-0,1232630190538496;-0,847667491828413;0,5136122788298814;0,12375121270289112;0,3769588614576777;-0,12668693145373391;-0,6847361841723403;0,38993751339123733;0,07730089827822775;0,3317033665588394;0,12343008710667326;-0,4497653565499391
CPI_lag1Q;-0,02200114010053496;0,317599822355039;0,7795076970832245;0,084052798821138;0,34055739948064256;-0,454323237229905;0,4466076113521775;1,0;-0,12024466874092674;0,4540438378257396;-0,33860718711733;0,5377991561212849;0,8156436906896589;-0,23142423418759805;0,36578582381340086;-0,34873254467843673;0,5386127637466037;0,5773755340417098;-0,2875139429784173;0,24869653348027088;-0,2605092323013141;-0,132321796546855;0,11492565722894209;0,3698509172696238;0,13367206770809506;-0,21529425459561305;-0,010908298045060055;0,5229623023940506;0,28292847832445495;0,23143759721156196;-0,3175588976547264;0,13380124235025548;0,5123586661159949;0,2933765488344653;0,16427955754198034;-0,45153862090125163;0,2844944611213205;0,34371499289368623;0,307034586775589;0,037433241959004784;-0,5182810105809333
Birepo_lag1Q;0,28784450496512654;-0,003192584580811677;-0,06385725327235277;0,7427400472929678;-0,1426868649726517;-0,2794906140153915;0,08568279974057516;-0,12024466874092674;1,0;-0,2685684350395146;-0,5173776996333642;0,1720787645497449;-0,1888628789782397;0,7947068004200389;-0,3295249503237506;-0,49483572800616726;0,22377552165271103;-0,22535984652835847;0,6229972559331367;-0,2754997479061748;-0,39745766048440173;-0,16151123221317176;0,12316284750764409;0,01365447309117119;-0,0590781880875885;0,016056319202945608;-0,10444484163988565;0,01703867500356799;0,3743216884102467;-0,18760942002679698;-0,15186938297706248;-0,04178557534027731;-0,06566087575100987;0,36003692811140603;-0,16297448699473016;-0,2384369441719753;0,0026857754973251334;-0,006631420018459533;0,29569046840677266;0,06187902679678705;-0,2721367715232321
USDIDRgrowth_lag1Q;0,08332604670619301;-0,06663669620318553;0,24679655711075071;-0,14465447898041417;0,43749649309892297;-0,07562857276702954;0,0164374156508934;0,4540438378257396;-0,2685684350395146;1,0;0,11821715745473617;0,07994695580964736;0,5032840522612707;-0,3469287268932861;0,5487390571864057;-0,022468780787484252;0,19951676526230486;0,3938704757169606;-0,2431857824135838;0,28661995825059355;-0,0922525994719533;-0,227540059811106;-0,09395942539506424;0,04866908624255579;0,28406254332072645;0,14281288093836786;-0,13998629225019138;0,2722672567260971;-0,12090289462226375;0,8007042188005684;0,24738476337047605;-0,05755610437603528;0,44881462008685974;-0,2797088072378838;0,43458759939727976;0,00030526907369596865;0,06605080655007674;0,3508157563180887;-0,23083718481302032;0,18051412751709814;-0,10512823338279831
Unemployment_lag1Q;-0,007270601063743882;-0,4430313898987471;-0,4000710088840334;-0,5583276532879814;-0,06286395664811434;0,6570436371244267;-0,6391669897073351;-0,33860718711733;-0,5173776996333642;0,11821715745473617;1,0;-0,5873985763715909;-0,23733189611983435;-0,3851187096433434;0,07935709580360982;0,6713914479471229;-0,4995089909764305;-0,2009962166031223;-0,27794878251618627;-0,06838348971012967;0,34299602222878023;-0,007188215213937825;-0,10285473860367435;-0,2537054354858352;0,09229648514947869;0,2961186265238621;-0,18562511764154505;-0,09449929613928552;-0,41251293593228766;0,1653285454510947;0,6010130955657629;-0,22542775632010087;-0,03219092816433858;-0,43325385502793645;0,08425720586546401;0,5322231206200222;-0,2414146803045072;-0,07998952959854962;-0,4454693835241283;-0,12522702185111662;0,4571243824507299
GDP_lag2Q;0,002408609849868614;0,42877139025575944;0,5689772842301922;0,29867777825718983;0,20638740848319947;-0,5328986415426529;0,6816539617894919;0,5377991561212849;0,1720787645497449;0,07994695580964736;-0,5873985763715909;1,0;0,4137068751423282;0,04729167912551049;0,0382015600765744;-0,6339216384294962;0,6812208522092703;0,3008674782953726;-0,05671652053910113;-0,017367085500727134;-0,4313337330863191;0,0024046613409131772;0,14527002480883675;0,3437320323264175;0,005514087922616132;-0,3152510286112541;0,35759056061847927;0,24408635476193338;0,38195430476391345;-0,10912460102221726;-0,6202142601280849;0,7457797482510191;0,2168907782507436;0,38842258008922476;-0,10811382375601003;-0,84482759854416;0,5159560048722727;0,13769222247870586;0,36984099539804144;-0,1274682162323915;-0,6811867256968954
CPI_lag2Q;-0,10401054633305144;0,2048114305655036;0,5052925534230189;-0,03606225662034971;0,25229083761556503;-0,3867708226300597;0,303718484827146;0,8156436906896589;-0,1888628789782397;0,5032840522612707;-0,23733189611983435;0,4137068751423282;1,0;-0,31222483671944923;0,568012705407255;-0,27703102151705955;0,4953676980308622;0,8458322859640598;-0,37965722320961304;0,4566774184137529;-0,28859479318044573;-0,1993436979740458;-0,27797915193037104;0,3702630514169954;-0,04008875586993266;-0,08460826552868157;-0,11901324844593433;0,1421210731240959;0,2866144963541436;0,22265320137241154;-0,1425308894079643;-0,014059814662411359;0,5476087364959258;0,21604731458375256;0,2373020192869681;-0,2546601922230318;0,10722378101354121;0,42504512891621854;0,23541276623220533;0,1043518992621687;-0,37994115723275984
Birepo_lag2Q;0,3267421683376449;-0,1113160065540469;-0,15297928687318843;0,5417983832579889;-0,044290973947707465;-0,1688554684835319;-0,03203026153014878;-0,23142423418759805;0,7947068004200389;-0,3469287268932861;-0,3851187096433434;0,04729167912551049;-0,31222483671944923;1,0;-0,40514583215278416;-0,47561935626337143;0,12380051796236027;-0,327154777705642;0,826332588879056;-0,422867700213321;-0,4525501235335279;-0,18383365348697506;0,23515141589081914;-0,28937223962850955;0,1604360255010537;0,13714350260749875;-0,14316452123074444;0,09571472477446616;0,04849097697343719;-0,15435894723504112;-0,03108546407529392;-0,09049803786002977;-0,045452900343071305;0,3644925182068113;-0,18370704925269346;-0,15462563463426016;-0,02555114775418468;-0,009640992522423937;0,3340176598246298;-0,10821889227137396;-0,2195624482042074
USDIDRgrowth_lag2Q;-0,058935418769477735;0,13040384709288433;0,1386841257876448;-0,13903778430135205;0,15821298381908536;-0,20033813280733434;-0,033888295724382435;0,36578582381340086;-0,3295249503237506;0,5487390571864057;0,07935709580360982;0,0382015600765744;0,568012705407255;-0,40514583215278416;1,0;0,1204898466985685;0,09747363096722299;0,5869948760353854;-0,4545764936893372;0,6008574365682335;-0,008681617604582432;-0,054410045839378154;-0,34014093119864697;0,249351413208044;-0,11867848188137586;-0,08036529249613662;-0,20659493226716144;-0,06491746522732843;0,01292134711653718;0,34172107290728226;0,19444617795025526;-0,12973612108695412;0,33392749583361325;-0,1353519363932335;0,761598431327187;0,23997739978453028;-0,06033317394210543;0,3838603716828188;-0,26957323138263717;0,35172238302697945;0,011979679957755108
Unemployment_lag2Q;-0,07689709249637607;-0,15774554066545607;-0,3005605888665328;-0,44980198109119174;-0,13988150839726868;0,3548723146139404;-0,4373588635796134;-0,34873254467843673;-0,49483572800616726;-0,022468780787484252;0,6713914479471229;-0,6339216384294962;-0,27703102151705955;-0,47561935626337143;0,1204898466985685;1,0;-0,5818269275571906;-0,20629618975504602;-0,36270953187015015;0,08878868702344309;0,6686393263364037;0,22329757838099712;-0,03375105437578516;-0,042368236909937365;-0,02364162189607069;0,002549128669161256;-0,00750962373875602;-0,11717699522290258;-0,26162627416157863;0,10299577441243897;0,3021694331421752;-0,18673020397393456;-0,10673590328591082;-0,41525446053532783;0,15282862805216985;0,6032191250643362;-0,23057856847346192;-0,055022639795281734;-0,42855192688337257;0,07732716871818453;0,5295066567836445
GDP_lag3Q;0,00926542067072798;0,1522527451544159;0,5384736345122806;0,3296128453273717;0,28317047460629;-0,4725624980469998;0,42832010645957036;0,5386127637466037;0,22377552165271103;0,19951676526230486;-0,4995089909764305;0,6812208522092703;0,4953676980308622;0,12380051796236027;0,09747363096722299;-0,5818269275571906;1,0;0,4042115744448439;0,015261608246763947;0,05289264375353162;-0,6289358856144072;-0,3539880981861797;0,05615819376799758;0,29594243277140814;0,1475646441491398;-0,02017961625573133;0,0016427190381386703;0,16150220311535352;0,34265894711429445;0,014848157488617765;-0,31246654247222383;0,35722445580397755;0,26702502843703557;0,37785519125851486;-0,09437459613498328;-0,6167820425781066;0,7477163314261667;0,23153847225933355;0,3814587563953298;-0,10949606076908706;-0,8419529648400759
CPI_lag3Q;-0,1853493834247134;0,10736910353070407;0,2503612425830783;0,037955996910054246;0,10206578490696;-0,30018623631020735;0,21210096525542746;0,5773755340417098;-0,22535984652835847;0,3938704757169606;-0,2009962166031223;0,3008674782953726;0,8458322859640598;-0,327154777705642;0,5869948760353854;-0,20629618975504602;0,4042115744448439;1,0;-0,41732123098785806;0,6175678117022849;-0,24525379155567187;-0,25296108133441386;-0,5998330153298411;0,47334225826961945;-0,24687140467799884;0,00970995737409697;-0,18667915916679612;-0,22933760687432597;0,3138352065363676;0,05045091565126383;-0,03994783856802223;-0,11335426469605077;0,20748194779969928;0,2398296324288649;0,2386211641257255;-0,115054994030689;-0,020383426281362867;0,48759768491724065;0,18353127100852978;0,18541155021220274;-0,2229598586144336
Birepo_lag3Q;0,3858821671815021;-0,21798081123484117;-0,21456666569624766;0,40381949684445295;0,047381146396064326;-0,009759180241725998;-0,13304351502592163;-0,2875139429784173;0,6229972559331367;-0,2431857824135838;-0,27794878251618627;-0,05671652053910113;-0,37965722320961304;0,826332588879056;-0,4545764936893372;-0,36270953187015015;0,015261608246763947;-0,41732123098785806;1,0;-0,48028216674566193;-0,4446376085711596;-0,2009898811427683;0,2595750330807798;-0,5487139163159599;0,29746969578624655;0,29239254919437857;-0,1679822958376291;0,203961919512251;-0,23571903811254868;0,0542806513559862;0,07238987938164779;-0,12896737523429344;0,03421470497994547;0,06778967671330101;-0,15532492052804436;-0,04400772137516563;-0,07295305368564627;0,002344098219749331;0,344945476399897;-0,1350809400658682;-0,14620497896387227
USDIDRgrowth_lag3Q;-0,19744823427687438;0,232447033210409;0,04202883149527973;0,017376083039730865;-0,15316757459110453;-0,2480080012036854;0,14066804040755082;0,24869653348027088;-0,2754997479061748;0,28661995825059355;-0,06838348971012967;-0,017367085500727134;0,4566774184137529;-0,422867700213321;0,6008574365682335;0,08878868702344309;0,05289264375353162;0,6175678117022849;-0,48028216674566193;1,0;0,12658324046877928;0,08037018812991265;-0,5215515328640611;0,5113505328034786;-0,46536888729397946;-0,17333221772685634;-0,053436038982875134;-0,29223765091926834;0,2157017627986886;-0,03943870423512533;-0,030869751571740177;-0,19901017692389794;-0,0009402206062108037;-0,006605925095311025;0,3461889754453234;0,19788287442881597;-0,1282969515077625;0,3070439958386635;-0,144490711655125;0,6991945194553503;0,23998412774070704
Unemployment_lag3Q;-0,09757415146618525;0,12593819692454433;-0,15890332675092056;-0,3964053896186094;-0,2789123419947758;0,31905343762368915;-0,1502651509717497;-0,2605092323013141;-0,39745766048440173;-0,0922525994719533;0,34299602222878023;-0,4313337330863191;-0,28859479318044573;-0,4525501235335279;-0,008681617604582432;0,6686393263364037;-0,6289358856144072;-0,24525379155567187;-0,4446376085711596;0,12658324046877928;1,0;0,4707230475628129;0,052326710032791574;0,0682546569560991;-0,1960501009613928;-0,2960626050515924;0,22402619668699253;-0,04909149041211976;-0,04968862616048742;-0,01141582164793522;0,011061800414090215;-0,007904093554561273;-0,13164037384664537;-0,263860971730347;0,08930561027988902;0,3034153416143561;-0,19196529132252096;-0,13252912764550726;-0,40986581336631867;0,14625848525224436;0,6009024850474243
delta_GDP;-0,059435222193017376;0,7455960243988522;-0,008797103858744137;-0,12503936620899972;-0,155743528649769;-0,18991127085812384;0,3578547583466529;-0,132321796546855;-0,16151123221317176;-0,227540059811106;-0,007188215213937825;0,0024046613409131772;-0,1993436979740458;-0,18383365348697506;-0,054410045839378154;0,22329757838099712;-0,3539880981861797;-0,25296108133441386;-0,2009898811427683;0,08037018812991265;0,4707230475628129;1,0;0,15881377979120942;0,10997172580501362;-0,14167600788910276;-0,7282042266813331;0,583654879060243;0,01477033987015315;0,05816535766245451;-0,2024696893733291;-0,4468856605325941;0,2602706655799538;-0,08648641336364735;0,0043059403088934484;0,060314026462819526;-0,09907095718553202;-0,09310403416366993;-0,20700439058027345;-0,08802866565664723;0,2437026267355048;0,25520959552037875
delta_CPI;0,2564330868444808;0,17774078735347518;0,5204463802004695;0,04739289599507266;0,21874610567021713;-0,05324668076185818;0,22702052280325402;0,11492565722894209;0,12316284750764409;-0,09395942539506424;-0,10285473860367435;0,14527002480883675;-0,27797915193037104;0,23515141589081914;-0,34014093119864697;-0,03375105437578516;0,05615819376799758;-0,5998330153298411;0,2595750330807798;-0,5215515328640611;0,052326710032791574;0,15881377979120942;1,0;-0,23865032325245647;0,4438546957163716;-0,23986421073604858;0,2874542351915489;0,6956488990865429;-0,15147813681516;0,2106874547838159;-0,32365575445799666;0,33247777659978867;0,3292024189051622;-0,021449068795943424;-0,02451608155358069;-0,3147427856259216;0,3791214119345409;-0,0653264325431355;0,028050821395952098;-0,21091477649134444;-0,2619746466563686
delta_Birepo;-0,21220483073593116;0,39493039509242894;0,3437929977798507;0,385510213051135;-0,10806849912083828;-0,3832009068239393;0,3821903926385666;0,3698509172696238;0,01365447309117119;0,04866908624255579;-0,2537054354858352;0,3437320323264175;0,3702630514169954;-0,28937223962850955;0,249351413208044;-0,042368236909937365;0,29594243277140814;0,47334225826961945;-0,5487139163159599;0,5113505328034786;0,0682546569560991;0,10997172580501362;-0,23865032325245647;1,0;-0,40827124763309997;-0,42819810099204003;0,14379289513478716;-0,2196034375926925;0,7218521763792318;-0,29280566677195957;-0,41112040444025694;0,14156537154921206;-0,18712274297618373;0,41107347502804814;-0,027910100932084955;-0,255438290559896;0,15534680478545626;0,1006861592511266;0,10060572991290816;0,3140098976902483;-0,18818311553438394
delta_USDIDRgrowth;0,3648791096624192;-0,1336844839668065;0,1604598637555324;-0,08355908947826905;0,8115764153070203;0,11696524936511532;-0,11996460261698105;0,13367206770809506;-0,0590781880875885;0,28406254332072645;0,09229648514947869;0,005514087922616132;-0,04008875586993266;0,1604360255010537;-0,11867848188137586;-0,02364162189607069;0,1475646441491398;-0,24687140467799884;0,29746969578624655;-0,46536888729397946;-0,1960501009613928;-0,14167600788910276;0,4438546957163716;-0,40827124763309997;1,0;0,26272658460861154;-0,08183125322304141;0,5431052388711427;-0,47246382625504585;0,5058283649848156;0,10073698531390765;0,0744054827874732;0,37192662447209124;-0,24712283344081043;0,1286724990218165;-0,055233673605847876;0,2587184796191163;0,15757771943402824;-0,05939107606684959;-0,24932537943169017;-0,2957004774933747
delta_Unemployment;0,0980409373123837;-0,8703882502176399;-0,3924648779704015;-0,1288879185429258;0,2194089755143647;0,5854774116088874;-0,6336861747936956;-0,21529425459561305;0,016056319202945608;0,14281288093836786;0,2961186265238621;-0,3152510286112541;-0,08460826552868157;0,13714350260749875;-0,08036529249613662;0,002549128669161256;-0,02017961625573133;0,00970995737409697;0,29239254919437857;-0,17333221772685634;-0,2960626050515924;-0,7282042266813331;-0,23986421073604858;-0,42819810099204003;0,26272658460861154;1,0;-0,6013896044833615;-0,12105912900818928;-0,3620688490254732;0,15806595323040787;0,6796291920122544;-0,396569422086946;-0,06060163167587939;-0,2729162407620643;-0,12665321109780203;0,3871146030744763;-0,20325180016809916;-0,0031352820927036226;-0,09265578538190998;-0,3005935867759138;0,13076707016681505
delta_GDP_lag1Q;-0,016146056368395556;0,5138747503973577;0,15187853058283776;-0,053686100949299605;-0,06031785147600331;-0,2284903042890761;0,7455002699128414;-0,010908298045060055;-0,10444484163988565;-0,13998629225019138;-0,18562511764154505;0,35759056061847927;-0,11901324844593433;-0,14316452123074444;-0,20659493226716144;-0,00750962373875602;0,0016427190381386703;-0,18667915916679612;-0,1679822958376291;-0,053436038982875134;0,22402619668699253;0,583654879060243;0,2874542351915489;0,14379289513478716;-0,08183125322304141;-0,6013896044833615;1,0;0,15897549939303615;0,10676830764152348;-0,13925164586021846;-0,7048134614408635;0,5835422514394041;0,014034587197591639;0,05878590437275626;-0,20042493888145552;-0,44712841430468225;0,26042114760077495;-0,086559977204683;0,0022154569962970746;0,06202975975211032;-0,09989098255875255
delta_CPI_lag1Q;0,3316753487681384;0,09986288645662311;0,49223295067992334;0,012846008176495768;0,37937654261527504;-0,08041596421964854;0,19367423902135952;0,5229623023940506;0,01703867500356799;0,2722672567260971;-0,09449929613928552;0,24408635476193338;0,1421210731240959;0,09571472477446616;-0,06491746522732843;-0,11717699522290258;0,16150220311535352;-0,22933760687432597;0,203961919512251;-0,29223765091926834;-0,04909149041211976;0,01477033987015315;0,6956488990865429;-0,2196034375926925;0,5431052388711427;-0,12105912900818928;0,15897549939303615;1,0;-0,25351470643786284;0,4600033714574987;-0,2135091163872537;0,28724960049363;0,6632705230210081;-0,15513430057916766;0,16501864713825107;-0,32277283366647624;0,32541264001886505;0,29490779345445023;-0,005324179762885331;-0,03551956989303299;-0,33169486805734777
delta_Birepo_lag1Q;-0,24506636465571285;0,37735292805146514;0,3505495232283118;0,3810213145271616;-0,2836404990924659;-0,4272249844296218;0,39198864602885136;0,28292847832445495;0,3743216884102467;-0,12090289462226375;-0,41251293593228766;0,38195430476391345;0,2866144963541436;0,04849097697343719;0,01292134711653718;-0,26162627416157863;0,34265894711429445;0,3138352065363676;-0,23571903811254868;0,2157017627986886;-0,04968862616048742;0,05816535766245451;-0,15147813681516;0,7218521763792318;-0,47246382625504585;-0,3620688490254732;0,10676830764152348;-0,25351470643786284;1,0;-0,4107142103963042;-0,48790603590255044;0,14422595241281513;-0,24202763227770155;0,7243945721086604;-0,3043955774626544;-0,4138271588836852;0,14090494190517855;-0,19729071504758577;0,42102762760756374;-0,02468477827869264;-0,26269859876845286
delta_USDIDRgrowth_lag1Q;0,21422338259994358;-0,1424626277808611;0,16941654513859425;-0,16362889710280618;0,4427093047946946;0,04271783406031392;-0,1232630190538496;0,23143759721156196;-0,18760942002679698;0,8007042188005684;0,1653285454510947;-0,10912460102221726;0,22265320137241154;-0,15435894723504112;0,34172107290728226;0,10299577441243897;0,014848157488617765;0,05045091565126383;0,0542806513559862;-0,03943870423512533;-0,01141582164793522;-0,2024696893733291;0,2106874547838159;-0,29280566677195957;0,5058283649848156;0,15806595323040787;-0,13925164586021846;0,4600033714574987;-0,4107142103963042;1,0;0,29485978084800507;-0,08183898209148778;0,5772466836937745;-0,47389238619253793;0,5128669887158023;0,10807486149918549;0,07037307643417896;0,36943490177084704;-0,2565719336598504;0,11302527808749059;-0,04464989560654871
delta_Unemployment_lag1Q;-0,03401136543921272;-0,6872955323659774;-0,5179246786981012;-0,2518055962962755;-0,02527625600667429;0,5259087247023598;-0,847667491828413;-0,3175588976547264;-0,15186938297706248;0,24738476337047605;0,6010130955657629;-0,6202142601280849;-0,1425308894079643;-0,03108546407529392;0,19444617795025526;0,3021694331421752;-0,31246654247222383;-0,03994783856802223;0,07238987938164779;-0,030869751571740177;0,011061800414090215;-0,4468856605325941;-0,32365575445799666;-0,41112040444025694;0,10073698531390765;0,6796291920122544;-0,7048134614408635;-0,2135091163872537;-0,48790603590255044;0,29485978084800507;1,0;-0,5850294840483412;-0,0577663598513679;-0,41273339284187904;0,22180560849143685;0,6858889862863997;-0,38858688001971814;-0,0004372528037724348;-0,3368648170490249;-0,07950708960142487;0,37991673959012795
delta_GDP_lag2Q;0,027788537436203905;0,3879760052761009;0,3220875736705038;-0,012065104399814956;0,07831935031962263;-0,2401584759268575;0,5136122788298814;0,13380124235025548;-0,04178557534027731;-0,05755610437603528;-0,22542775632010087;0,7457797482510191;-0,014059814662411359;-0,09049803786002977;-0,12973612108695412;-0,18673020397393456;0,35722445580397755;-0,11335426469605077;-0,12896737523429344;-0,19901017692389794;-0,007904093554561273;0,2602706655799538;0,33247777659978867;0,14156537154921206;0,0744054827874732;-0,396569422086946;0,5835422514394041;0,28724960049363;0,14422595241281513;-0,08183898209148778;-0,5850294840483412;1,0;0,15653497784621787;0,10717260634489481;-0,13946145817724234;-0,704604771902033;0,5839614615869606;0,014786192175164591;0,059558014075488316;-0,19928861824618205;-0,44953407768507603
delta_CPI_lag2Q;0,3966422896927178;0,06416612393175772;0,3988369000931377;-0,06718077580473758;0,38569769015704786;-0,10376422572574846;0,12375121270289112;0,5123586661159949;-0,06566087575100987;0,44881462008685974;-0,03219092816433858;0,2168907782507436;0,5476087364959258;-0,045452900343071305;0,33392749583361325;-0,10673590328591082;0,26702502843703557;0,20748194779969928;0,03421470497994547;-0,0009402206062108037;-0,13164037384664537;-0,08648641336364735;0,3292024189051622;-0,18712274297618373;0,37192662447209124;-0,06060163167587939;0,014034587197591639;0,6632705230210081;-0,24202763227770155;0,5772466836937745;-0,0577663598513679;0,15653497784621787;1,0;-0,2623853369054922;0,45566955095110406;-0,20695688950601418;0,2754573446439527;0,6257237700066011;-0,14142563961436175;0,13688899362555584;-0,3357756819403524
delta_Birepo_lag2Q;-0,2374340044819373;0,33956225552145064;0,35540092924836564;0,32728433375643384;-0,21816758407322867;-0,4450954573065646;0,3769588614576777;0,2933765488344653;0,36003692811140603;-0,2797088072378838;-0,43325385502793645;0,38842258008922476;0,21604731458375256;0,3644925182068113;-0,1353519363932335;-0,41525446053532783;0,37785519125851486;0,2398296324288649;0,06778967671330101;-0,006605925095311025;-0,263860971730347;0,0043059403088934484;-0,021449068795943424;0,41107347502804814;-0,24712283344081043;-0,2729162407620643;0,05878590437275626;-0,15513430057916766;0,7243945721086604;-0,47389238619253793;-0,41273339284187904;0,10717260634489481;-0,2623853369054922;1,0;-0,4126858553977914;-0,48930039166418254;0,14537269761719468;-0,24417361890798397;0,7284864107775372;-0,2992125272869936;-0,4154393071281973
delta_USDIDRgrowth_lag2Q;0,2128668480059875;0,1251184558867402;0,07282464368731588;0,020682824301877244;0,23453702195133563;-0,11700541560562049;-0,12668693145373391;0,16427955754198034;-0,16297448699473016;0,43458759939727976;0,08425720586546401;-0,10811382375601003;0,2373020192869681;-0,18370704925269346;0,761598431327187;0,15282862805216985;-0,09437459613498328;0,2386211641257255;-0,15532492052804436;0,3461889754453234;0,08930561027988902;0,060314026462819526;-0,02451608155358069;-0,027910100932084955;0,1286724990218165;-0,12665321109780203;-0,20042493888145552;0,16501864713825107;-0,3043955774626544;0,5128669887158023;0,22180560849143685;-0,13946145817724234;0,45566955095110406;-0,4126858553977914;1,0;0,29462234869918713;-0,08882606213916269;0,555103788042045;-0,46068995231784543;0,49216977491363173;0,09652343318561361
delta_Unemployment_lag2Q;-0,10194051397203766;-0,45494480719108227;-0,581092681137888;-0,30588595735855884;-0,14918657832493495;0,46647883004688234;-0,6847361841723403;-0,45153862090125163;-0,2384369441719753;0,00030526907369596865;0,5322231206200222;-0,84482759854416;-0,2546601922230318;-0,15462563463426016;0,23997739978453028;0,6032191250643362;-0,6167820425781066;-0,115054994030689;-0,04400772137516563;0,19788287442881597;0,3034153416143561;-0,09907095718553202;-0,3147427856259216;-0,255438290559896;-0,055233673605847876;0,3871146030744763;-0,44712841430468225;-0,32277283366647624;-0,4138271588836852;0,10807486149918549;0,6858889862863997;-0,704604771902033;-0,20695688950601418;-0,48930039166418254;0,29462234869918713;1,0;-0,5860683401527426;-0,06415862075550191;-0,4150581111291733;0,21733040906124157;0,6887078184214798
delta_GDP_lag3Q;0,14338556605550043;0,22007733252439204;0,5051341914585505;0,07293252228920061;0,2543769926852797;-0,24896745531472683;0,38993751339123733;0,2844944611213205;0,0026857754973251334;0,06605080655007674;-0,2414146803045072;0,5159560048722727;0,10722378101354121;-0,02555114775418468;-0,06033317394210543;-0,23057856847346192;0,7477163314261667;-0,020383426281362867;-0,07295305368564627;-0,1282969515077625;-0,19196529132252096;-0,09310403416366993;0,3791214119345409;0,15534680478545626;0,2587184796191163;-0,20325180016809916;0,26042114760077495;0,32541264001886505;0,14090494190517855;0,07037307643417896;-0,38858688001971814;0,5839614615869606;0,2754573446439527;0,14537269761719468;-0,08882606213916269;-0,5860683401527426;1,0;0,1536951153074044;0,11253619715051116;-0,13945716858766116;-0,7120406223961769
delta_CPI_lag3Q;0,5109267251566098;-0,019117897820563324;0,16374675650943296;0,2664523386325395;0,30361116192266835;-0,09294278120044194;0,07730089827822775;0,34371499289368623;-0,006631420018459533;0,3508157563180887;-0,07998952959854962;0,13769222247870586;0,42504512891621854;-0,009640992522423937;0,3838603716828188;-0,055022639795281734;0,23153847225933355;0,48759768491724065;0,002344098219749331;0,3070439958386635;-0,13252912764550726;-0,20700439058027345;-0,0653264325431355;0,1006861592511266;0,15757771943402824;-0,0031352820927036226;-0,086559977204683;0,29490779345445023;-0,19729071504758577;0,36943490177084704;-0,0004372528037724348;0,014786192175164591;0,6257237700066011;-0,24417361890798397;0,555103788042045;-0,06415862075550191;0,1536951153074044;1,0;-0,24715205300341211;0,4568996196595495;-0,2282004312916552
delta_Birepo_lag3Q;-0,23613947660192128;0,23506393101736786;0,33779837761387743;0,24896490945000724;-0,12846570756804748;-0,40207075767496664;0,3317033665588394;0,307034586775589;0,29569046840677266;-0,23083718481302032;-0,4454693835241283;0,36984099539804144;0,23541276623220533;0,3340176598246298;-0,26957323138263717;-0,42855192688337257;0,3814587563953298;0,18353127100852978;0,344945476399897;-0,144490711655125;-0,40986581336631867;-0,08802866565664723;0,028050821395952098;0,10060572991290816;-0,05939107606684959;-0,09265578538190998;0,0022154569962970746;-0,005324179762885331;0,42102762760756374;-0,2565719336598504;-0,3368648170490249;0,059558014075488316;-0,14142563961436175;0,7284864107775372;-0,46068995231784543;-0,4150581111291733;0,11253619715051116;-0,24715205300341211;1,0;-0,40678126598761516;-0,4846442162326665
delta_USDIDRgrowth_lag3Q;0,2171310848560449;0,2672884030477341;-0,08060939745097093;0,30823783671674737;-0,056452952879899675;-0,23664066346487675;0,12343008710667326;0,037433241959004784;0,06187902679678705;0,18051412751709814;-0,12522702185111662;-0,1274682162323915;0,1043518992621687;-0,10821889227137396;0,35172238302697945;0,07732716871818453;-0,10949606076908706;0,18541155021220274;-0,1350809400658682;0,6991945194553503;0,14625848525224436;0,2437026267355048;-0,21091477649134444;0,3140098976902483;-0,24932537943169017;-0,3005935867759138;0,06202975975211032;-0,03551956989303299;-0,02468477827869264;0,11302527808749059;-0,07950708960142487;-0,19928861824618205;0,13688899362555584;-0,2992125272869936;0,49216977491363173;0,21733040906124157;-0,13945716858766116;0,4568996196595495;-0,40678126598761516;1,0;0,29086939255663025
delta_Unemployment_lag3Q;-0,1543558130803665;-0,229174435293397;-0,5865733369202898;-0,3448829987578531;-0,3327751696854503;0,4549209692305124;-0,4497653565499391;-0,5182810105809333;-0,2721367715232321;-0,10512823338279831;0,4571243824507299;-0,6811867256968954;-0,37994115723275984;-0,2195624482042074;0,011979679957755108;0,5295066567836445;-0,8419529648400759;-0,2229598586144336;-0,14620497896387227;0,23998412774070704;0,6009024850474243;0,25520959552037875;-0,2619746466563686;-0,18818311553438394;-0,2957004774933747;0,13076707016681505;-0,09989098255875255;-0,33169486805734777;-0,26269859876845286;-0,04464989560654871;0,37991673959012795;-0,44953407768507603;-0,3357756819403524;-0,4154393071281973;0,09652343318561361;0,6887078184214798;-0,7120406223961769;-0,2282004312916552;-0,4846442162326665;0,29086939255663025;1,0
