Date,SGRIDR
1/1/2003,5157.63
1/2/2003,5114.6
1/3/2003,5117.2
1/6/2003,5143.92
1/7/2003,5114.07
1/8/2003,5119.81
1/9/2003,5134.57
1/10/2003,5129.07
1/13/2003,5116.95
1/14/2003,5124.71
1/15/2003,5112.71
1/16/2003,5115.75
1/17/2003,5119.17
1/20/2003,5124.8
1/21/2003,5117.55
1/22/2003,5111.81
1/23/2003,5130.51
1/24/2003,5150.17
1/27/2003,5162.58
1/28/2003,5108.6
1/29/2003,5117.92
1/30/2003,5109.72
1/31/2003,5096.59
2/3/2003,5092.38
2/4/2003,5105.87
2/5/2003,5091.9
2/6/2003,5097.93
2/7/2003,5081.32
2/10/2003,5043.97
2/11/2003,5111.5
2/12/2003,5096.62
2/13/2003,5096.85
2/14/2003,5084.49
2/17/2003,5065.42
2/18/2003,5074.24
2/19/2003,5069.57
2/20/2003,5068.79
2/21/2003,5104.58
2/24/2003,5102.22
2/25/2003,5131.61
2/26/2003,5120.8
2/27/2003,5128.71
2/28/2003,5115.55
3/3/2003,5121.35
3/4/2003,5105.13
3/5/2003,5110.36
3/6/2003,5106.65
3/7/2003,5118.27
3/10/2003,5113.09
3/11/2003,5110.18
3/12/2003,5088.3
3/13/2003,5087.38
3/14/2003,5071.46
3/17/2003,5091.5
3/18/2003,5117.98
3/19/2003,5132.14
3/20/2003,5105.64
3/21/2003,5061.09
3/24/2003,5068.65
3/25/2003,5038.91
3/26/2003,5034.06
3/27/2003,5034.19
3/28/2003,5033.63
3/31/2003,5046.62
4/1/2003,5018.05
4/2/2003,5023.2
4/3/2003,5002.07
4/4/2003,5008.38
4/7/2003,4981.85
4/8/2003,4987.32
4/9/2003,4974.91
4/10/2003,4987.8
4/11/2003,4985.55
4/14/2003,4970.35
4/15/2003,4964
4/16/2003,4961.42
4/17/2003,4932.39
4/18/2003,4931.72
4/21/2003,4906.1
4/22/2003,4918.53
4/23/2003,4911.38
4/24/2003,4900.14
4/25/2003,4897.95
4/28/2003,4911.43
4/29/2003,4897.02
4/30/2003,4890.63
5/1/2003,4901.37
5/2/2003,4887.47
5/5/2003,4907.14
5/6/2003,4935.13
5/7/2003,4899.2
5/8/2003,4914.24
5/9/2003,4920.77
5/12/2003,4860.72
5/13/2003,4855.8
5/14/2003,4899.35
5/15/2003,4918.81
5/16/2003,4901.02
5/19/2003,4860.3
5/20/2003,4866.48
5/21/2003,4821.17
5/22/2003,4837.82
5/23/2003,4794.81
5/26/2003,4736.51
5/27/2003,4714.34
5/28/2003,4758.13
5/29/2003,4830.61
5/30/2003,4793.26
6/2/2003,4767.67
6/3/2003,4753.19
6/4/2003,4737.94
6/5/2003,4764.21
6/6/2003,4751.83
6/9/2003,4766.86
6/10/2003,4736.4
6/11/2003,4744.91
6/12/2003,4746.93
6/13/2003,4744.34
6/16/2003,4739.3
6/17/2003,4734.16
6/18/2003,4752.85
6/19/2003,4764.8
6/20/2003,4727.64
6/23/2003,4743.21
6/24/2003,4716.21
6/25/2003,4728.18
6/26/2003,4707.57
6/27/2003,4714.68
6/30/2003,4665.25
7/1/2003,4685.72
7/2/2003,4703.86
7/3/2003,4694.9
7/4/2003,4675.34
7/7/2003,4642.04
7/8/2003,4679.89
7/9/2003,4694.81
7/10/2003,4690.37
7/11/2003,4674.23
7/14/2003,4688.82
7/15/2003,4676.79
7/16/2003,4685.58
7/17/2003,4685.54
7/18/2003,4731.62
7/21/2003,4723.07
7/22/2003,4790.23
7/23/2003,4901.04
7/24/2003,4914.19
7/25/2003,4871.69
7/28/2003,4873.02
7/29/2003,4905.73
7/30/2003,4842.52
7/31/2003,4834.13
8/1/2003,4820.3
8/4/2003,4828.59
8/5/2003,4877.13
8/6/2003,4874.56
8/7/2003,4887.07
8/8/2003,4868.38
8/11/2003,4874.15
8/12/2003,4868.9
8/13/2003,4869.01
8/14/2003,4878.27
8/15/2003,4879.12
8/18/2003,4856.65
8/19/2003,4849.66
8/20/2003,4835.25
8/21/2003,4823.78
8/22/2003,4821.64
8/25/2003,4840.01
8/26/2003,4825.01
8/27/2003,4835.72
8/28/2003,4854.07
8/29/2003,4834.66
9/1/2003,4831.72
9/2/2003,4823.6
9/3/2003,4822.09
9/4/2003,4828.99
9/5/2003,4837.24
9/8/2003,4825.96
9/9/2003,4820.88
9/10/2003,4813.19
9/11/2003,4830.84
9/12/2003,4824.07
9/15/2003,4822.22
9/16/2003,4832.87
9/17/2003,4831.08
9/18/2003,4855.18
9/19/2003,4860.69
9/22/2003,4895.29
9/23/2003,4845.82
9/24/2003,4868.52
9/25/2003,4871.05
9/26/2003,4870.13
9/29/2003,4864.33
9/30/2003,4826.6
10/1/2003,4854.1
10/2/2003,4854.37
10/3/2003,4845.85
10/6/2003,4861.98
10/7/2003,4873.3
10/8/2003,4853.31
10/9/2003,4855.62
10/10/2003,4867.57
10/13/2003,4858.3
10/14/2003,4871.29
10/15/2003,4842.93
10/16/2003,4854.01
10/17/2003,4854.16
10/20/2003,4829.56
10/21/2003,4852.75
10/22/2003,4877.02
10/23/2003,4860.77
10/24/2003,4879.27
10/27/2003,4904.08
10/28/2003,4914.23
10/29/2003,4912.75
10/30/2003,4887.19
10/31/2003,4887.54
11/3/2003,4885.92
11/4/2003,4880.64
11/5/2003,4866.5
11/6/2003,4874.33
11/7/2003,4880.41
11/10/2003,4887.33
11/11/2003,4888.91
11/12/2003,4898.33
11/13/2003,4943.61
11/14/2003,4939.39
11/17/2003,4918.43
11/18/2003,4939.8
11/19/2003,4946.01
11/20/2003,4974.98
11/21/2003,4947.9
11/24/2003,4945.11
11/25/2003,4953.33
11/26/2003,4943.56
11/27/2003,4931.11
11/28/2003,4933.3
12/1/2003,4938.19
12/2/2003,4932.36
12/3/2003,4945.69
12/4/2003,4956.55
12/5/2003,4950.32
12/8/2003,4962.03
12/9/2003,4961.16
12/10/2003,4952.34
12/11/2003,4945.39
12/12/2003,4963.98
12/15/2003,4962.11
12/16/2003,4968.95
12/17/2003,4976.19
12/18/2003,4976.69
12/19/2003,4968.85
12/22/2003,4970.16
12/23/2003,4977.16
12/24/2003,4978.9
12/25/2003,4979.78
12/26/2003,4981.24
12/29/2003,4971.66
12/30/2003,4974.91
12/31/2003,4958.76
1/1/2004,4952.8
1/2/2004,4968.69
1/5/2004,4940.27
1/6/2004,4916.98
1/7/2004,4936.74
1/8/2004,4920.94
1/9/2004,4920.36
1/12/2004,4915.92
1/13/2004,4916.68
1/14/2004,4925.62
1/15/2004,4921.78
1/16/2004,4901.33
1/19/2004,4901.27
1/20/2004,4913.09
1/21/2004,4950.96
1/22/2004,4967.36
1/23/2004,4967.56
1/26/2004,4993.12
1/27/2004,4966.38
1/28/2004,4971.69
1/29/2004,4953.33
1/30/2004,4994.54
2/2/2004,4995.87
2/3/2004,4994.09
2/4/2004,4989.67
2/5/2004,4994.72
2/6/2004,5014.39
2/9/2004,5019.02
2/10/2004,5011.93
2/11/2004,5019.3
2/12/2004,5024.79
2/13/2004,5013.73
2/16/2004,5009.86
2/17/2004,5020
2/18/2004,5014.89
2/19/2004,5008.61
2/20/2004,4987.76
2/23/2004,4978.63
2/24/2004,4998.52
2/25/2004,4982.44
2/26/2004,4974.3
2/27/2004,4980.12
3/1/2004,4971.37
3/2/2004,4974.68
3/3/2004,4999.86
3/4/2004,4982.09
3/5/2004,5000.02
3/8/2004,5036.52
3/9/2004,5008.34
3/10/2004,5018.69
3/11/2004,5045.77
3/12/2004,5053.67
3/15/2004,5059.06
3/16/2004,5063.72
3/17/2004,5040.32
3/18/2004,5049.72
3/19/2004,5061.72
3/22/2004,5067.87
3/23/2004,5087.42
3/24/2004,5065.68
3/25/2004,5097.51
3/26/2004,5094.26
3/29/2004,5094.11
3/30/2004,5114.01
3/31/2004,5110.71
4/1/2004,5137.03
4/2/2004,5113.78
4/5/2004,5116.74
4/6/2004,5100.66
4/7/2004,5123.76
4/8/2004,5119.09
4/9/2004,5115.82
4/12/2004,5155.59
4/13/2004,5143.67
4/14/2004,5117.48
4/15/2004,5147.65
4/16/2004,5142.44
4/19/2004,5119.62
4/20/2004,5119.4
4/21/2004,5117.73
4/22/2004,5098.1
4/23/2004,5090.05
4/26/2004,5088.95
4/27/2004,5087.15
4/28/2004,5083.69
4/29/2004,5105.04
4/30/2004,5155.87
5/3/2004,5155.93
5/4/2004,5139.59
5/5/2004,5151.1
5/6/2004,5156
5/7/2004,5126.09
5/10/2004,5198.91
5/11/2004,5223.08
5/12/2004,5200.73
5/13/2004,5205.25
5/14/2004,5240.02
5/17/2004,5216.99
5/18/2004,5239.7
5/19/2004,5272.09
5/20/2004,5257.31
5/21/2004,5266.83
5/24/2004,5310.84
5/25/2004,5408.15
5/26/2004,5397.39
5/27/2004,5444.44
5/28/2004,5455.39
5/31/2004,5459.18
6/1/2004,5487.15
6/2/2004,5529.98
6/3/2004,5521.28
6/4/2004,5523.1
6/7/2004,5462.49
6/8/2004,5413.96
6/9/2004,5411.71
6/10/2004,5456.14
6/11/2004,5457.67
6/14/2004,5457.91
6/15/2004,5489.68
6/16/2004,5464.96
6/17/2004,5465.5
6/18/2004,5471.55
6/21/2004,5459.67
6/22/2004,5458.14
6/23/2004,5476.22
6/24/2004,5500.07
6/25/2004,5513.1
6/28/2004,5504.38
6/29/2004,5496.64
6/30/2004,5472.59
7/1/2004,5419.6
7/2/2004,5342.21
7/5/2004,5330.87
7/6/2004,5235.25
7/7/2004,5273.95
7/8/2004,5259.77
7/9/2004,5234.4
7/12/2004,5188.07
7/13/2004,5249.14
7/14/2004,5256.61
7/15/2004,5252.06
7/16/2004,5237.16
7/19/2004,5272.66
7/20/2004,5259.37
7/21/2004,5255.79
7/22/2004,5268.4
7/23/2004,5261.79
7/26/2004,5300.9
7/27/2004,5265.81
7/28/2004,5274.89
7/29/2004,5319.46
7/30/2004,5312.16
8/2/2004,5316.82
8/3/2004,5336.79
8/4/2004,5352.53
8/5/2004,5328.04
8/6/2004,5338.38
8/9/2004,5346.74
8/10/2004,5364.12
8/11/2004,5414.4
8/12/2004,5384.21
8/13/2004,5392.94
8/16/2004,5413.07
8/17/2004,5416.71
8/18/2004,5415.1
8/19/2004,5410.94
8/20/2004,5402.54
8/23/2004,5420.7
8/24/2004,5406.29
8/25/2004,5414.09
8/26/2004,5427.18
8/27/2004,5446.36
8/30/2004,5446.28
8/31/2004,5476.65
9/1/2004,5459.88
9/2/2004,5448.19
9/3/2004,5436.25
9/6/2004,5440.85
9/7/2004,5456.15
9/8/2004,5474.58
9/9/2004,5466.8
9/10/2004,5464.29
9/13/2004,5444.59
9/14/2004,5393.7
9/15/2004,5384.32
9/16/2004,5331.12
9/17/2004,5346.75
9/20/2004,5346.12
9/21/2004,5337.01
9/22/2004,5403.64
9/23/2004,5381.58
9/24/2004,5389.76
9/27/2004,5426.56
9/28/2004,5441.96
9/29/2004,5428.69
9/30/2004,5436.46
10/1/2004,5431.91
10/4/2004,5387.88
10/5/2004,5395.85
10/6/2004,5377.36
10/7/2004,5379.13
10/8/2004,5401.84
10/11/2004,5405.49
10/12/2004,5416.74
10/13/2004,5422.82
10/14/2004,5401.75
10/15/2004,5410.8
10/18/2004,5425.46
10/19/2004,5420.13
10/20/2004,5427.55
10/21/2004,5442.84
10/22/2004,5448.38
10/25/2004,5449.19
10/26/2004,5466.57
10/27/2004,5471.44
10/28/2004,5464.06
10/29/2004,5462.55
11/1/2004,5443.43
11/2/2004,5453.73
11/3/2004,5472.34
11/4/2004,5476.18
11/5/2004,5475.86
11/8/2004,5417
11/9/2004,5423.32
11/10/2004,5450.49
11/11/2004,5468.76
11/12/2004,5440.57
11/15/2004,5442.77
11/16/2004,5444.3
11/17/2004,5465.27
11/18/2004,5437.94
11/19/2004,5464.43
11/22/2004,5467.98
11/23/2004,5471.98
11/24/2004,5464.68
11/25/2004,5462.75
11/26/2004,5497.83
11/29/2004,5501.59
11/30/2004,5496.69
12/1/2004,5517.07
12/2/2004,5510.16
12/3/2004,5535.49
12/6/2004,5523.53
12/7/2004,5548.43
12/8/2004,5575.73
12/9/2004,5561.46
12/10/2004,5590.79
12/13/2004,5634.32
12/14/2004,5645.57
12/15/2004,5645.04
12/16/2004,5634.64
12/17/2004,5649.77
12/20/2004,5665.89
12/21/2004,5673.31
12/22/2004,5681.1
12/23/2004,5660.12
12/24/2004,5651.24
12/27/2004,5671.9
12/28/2004,5694.64
12/29/2004,5691.61
12/30/2004,5690.22
12/31/2004,5680.5
1/3/2005,5664.18
1/4/2005,5622.88
1/5/2005,5647.95
1/6/2005,5642.44
1/7/2005,5632.03
1/10/2005,5653.61
1/11/2005,5657.56
1/12/2005,5623.68
1/13/2005,5606.91
1/14/2005,5578.35
1/17/2005,5592.55
1/18/2005,5595.94
1/19/2005,5606.27
1/20/2005,5585.9
1/21/2005,5595.77
1/24/2005,5596.33
1/25/2005,5574.79
1/26/2005,5596.25
1/27/2005,5610.88
1/28/2005,5593.74
1/31/2005,5593.91
2/1/2005,5634.77
2/2/2005,5611.4
2/3/2005,5609.65
2/4/2005,5619.97
2/7/2005,5608.33
2/8/2005,5629.74
2/9/2005,5631.41
2/10/2005,5616.76
2/11/2005,5629.19
2/14/2005,5636.47
2/15/2005,5664.13
2/16/2005,5659.8
2/17/2005,5665.68
2/18/2005,5643.34
2/21/2005,5660.9
2/22/2005,5656.66
2/23/2005,5658.12
2/24/2005,5661.42
2/25/2005,5680.3
2/28/2005,5717.9
3/1/2005,5713.76
3/2/2005,5707.96
3/3/2005,5700.26
3/4/2005,5751.02
3/7/2005,5735.9
3/8/2005,5783.7
3/9/2005,5757.84
3/10/2005,5777.6
3/11/2005,5780.99
3/14/2005,5773.26
3/15/2005,5749.25
3/16/2005,5756.78
3/17/2005,5765.15
3/18/2005,5757.1
3/21/2005,5768.47
3/22/2005,5739.73
3/23/2005,5718.03
3/24/2005,5722.92
3/25/2005,5728.1
3/28/2005,5725.37
3/29/2005,5758.12
3/30/2005,5751.3
3/31/2005,5734.63
4/1/2005,5707.91
4/4/2005,5692.46
4/5/2005,5706.72
4/6/2005,5710.59
4/7/2005,5728.84
4/8/2005,5744.1
4/11/2005,5747.01
4/12/2005,5763.57
4/13/2005,5773.91
4/14/2005,5752.14
4/15/2005,5756.82
4/18/2005,5790.18
4/19/2005,5804.19
4/20/2005,5817.49
4/21/2005,5873.52
4/22/2005,5876.29
4/25/2005,5920.94
4/26/2005,5885.75
4/27/2005,5810.71
4/28/2005,5816.25
4/29/2005,5843.92
5/2/2005,5818.93
5/3/2005,5811.87
5/4/2005,5819.65
5/5/2005,5813.67
5/6/2005,5790.34
5/9/2005,5765.94
5/10/2005,5745.89
5/11/2005,5751.11
5/12/2005,5725.3
5/13/2005,5714.89
5/16/2005,5722.92
5/17/2005,5692.04
5/18/2005,5722.6
5/19/2005,5705.49
5/20/2005,5684.39
5/23/2005,5707.75
5/24/2005,5722.4
5/25/2005,5722.35
5/26/2005,5714.42
5/27/2005,5714.3
5/30/2005,5709.13
5/31/2005,5711.72
6/1/2005,5703.31
6/2/2005,5720.39
6/3/2005,5745.62
6/6/2005,5765.82
6/7/2005,5748.27
6/8/2005,5768.14
6/9/2005,5782.52
6/10/2005,5754.97
6/13/2005,5726.87
6/14/2005,5724.84
6/15/2005,5742.88
6/16/2005,5750.97
6/17/2005,5751.44
6/20/2005,5776.41
6/21/2005,5784.24
6/22/2005,5773.09
6/23/2005,5769.41
6/24/2005,5759.88
6/27/2005,5766.65
6/28/2005,5754.89
6/29/2005,5759.2
6/30/2005,5790.06
7/1/2005,5783.11
7/4/2005,5823.5
7/5/2005,5828.37
7/6/2005,5762.14
7/7/2005,5764.77
7/8/2005,5765.95
7/11/2005,5757.6
7/12/2005,5791.65
7/13/2005,5792.54
7/14/2005,5799.16
7/15/2005,5797.43
7/18/2005,5814.52
7/19/2005,5799.06
7/20/2005,5826.26
7/21/2005,5922.16
7/22/2005,5904.7
7/25/2005,5906.43
7/26/2005,5887.2
7/27/2005,5912.4
7/28/2005,5909.04
7/29/2005,5895.44
8/1/2005,5892.91
8/2/2005,5897.83
8/3/2005,5905.32
8/4/2005,5884.49
8/5/2005,5899.25
8/8/2005,5913.95
8/9/2005,5922.16
8/10/2005,5934.22
8/11/2005,5946.28
8/12/2005,5928.64
8/15/2005,5961.71
8/16/2005,5980.03
8/17/2005,5956.54
8/18/2005,5989.44
8/19/2005,5974.7
8/22/2005,6001.98
8/23/2005,6041.88
8/24/2005,6150.12
8/25/2005,6175.24
8/26/2005,6203.89
8/29/2005,6406.64
8/30/2005,6263.92
8/31/2005,6149.25
9/1/2005,6132.56
9/2/2005,6081.11
9/5/2005,6141.46
9/6/2005,6177.67
9/7/2005,6205.86
9/8/2005,6180.87
9/9/2005,6095.63
9/12/2005,6022.59
9/13/2005,5993.46
9/14/2005,5958.06
9/15/2005,5998.99
9/16/2005,6035.38
9/19/2005,6024.24
9/20/2005,6050.08
9/21/2005,6081.63
9/22/2005,6084.04
9/23/2005,6067.49
9/26/2005,6056.57
9/27/2005,6077.44
9/28/2005,6152.3
9/29/2005,6093.99
9/30/2005,6087.48
10/3/2005,6080.85
10/4/2005,6018.31
10/5/2005,5927.55
10/6/2005,5973.66
10/7/2005,5967.34
10/10/2005,5981.27
10/11/2005,5949.57
10/12/2005,5979.25
10/13/2005,5981.55
10/14/2005,5992.24
10/17/2005,5972.65
10/18/2005,5955.12
10/19/2005,5957.56
10/20/2005,5950.7
10/21/2005,5956.42
10/24/2005,5947
10/25/2005,5908.44
10/26/2005,5899.46
10/27/2005,5931.83
10/28/2005,5935.22
10/31/2005,5977.27
11/1/2005,5915.49
11/2/2005,5936.1
11/3/2005,5923.6
11/4/2005,5917.79
11/7/2005,5934.15
11/8/2005,5936.71
11/9/2005,5831.01
11/10/2005,5850.93
11/11/2005,5866.26
11/14/2005,5844.91
11/15/2005,5880.8
11/16/2005,5876.49
11/17/2005,5894.3
11/18/2005,5929.87
11/21/2005,5918.71
11/22/2005,5915.11
11/23/2005,5939.12
11/24/2005,5947.42
11/25/2005,5943.53
11/28/2005,5942.39
11/29/2005,5929.08
11/30/2005,5927.22
12/1/2005,5929.67
12/2/2005,5918.58
12/5/2005,5908.18
12/6/2005,5886.37
12/7/2005,5835.41
12/8/2005,5813.1
12/9/2005,5755.98
12/12/2005,5811.64
12/13/2005,5838.67
12/14/2005,5867.56
12/15/2005,5897.35
12/16/2005,5930.56
12/19/2005,5931.9
12/20/2005,5915.55
12/21/2005,5889.23
12/22/2005,5894.69
12/23/2005,5918.35
12/26/2005,5904.07
12/27/2005,5908.99
12/28/2005,5898.77
12/29/2005,5905.67
12/30/2005,5909.77
1/2/2006,5912.68
1/3/2006,5875.05
1/4/2006,5859.23
1/5/2006,5824.48
1/6/2006,5831.4
1/9/2006,5787
1/10/2006,5784.76
1/11/2006,5812.28
1/12/2006,5742.12
1/13/2006,5748.44
1/16/2006,5795.64
1/17/2006,5794.07
1/18/2006,5823.78
1/19/2006,5770.5
1/20/2006,5795.99
1/23/2006,5827.61
1/24/2006,5847.95
1/25/2006,5757.71
1/26/2006,5758.77
1/27/2006,5767.96
1/30/2006,5764.43
1/31/2006,5777.36
2/1/2006,5724.46
2/2/2006,5720.76
2/3/2006,5688.6
2/6/2006,5655.26
2/7/2006,5645.14
2/8/2006,5683.29
2/9/2006,5663.56
2/10/2006,5675.91
2/13/2006,5668.52
2/14/2006,5673.2
2/15/2006,5664.79
2/16/2006,5638.36
2/17/2006,5652.52
2/20/2006,5668.58
2/21/2006,5684.26
2/22/2006,5734.34
2/23/2006,5701.89
2/24/2006,5723.04
2/27/2006,5691.84
2/28/2006,5660.35
3/1/2006,5674.69
3/2/2006,5690.84
3/3/2006,5670.46
3/6/2006,5643.82
3/7/2006,5672.07
3/8/2006,5710
3/9/2006,5711.49
3/10/2006,5676.2
3/13/2006,5684.49
3/14/2006,5650.02
3/15/2006,5639.33
3/16/2006,5649.48
3/17/2006,5651.81
3/20/2006,5662.25
3/21/2006,5636.12
3/22/2006,5624.29
3/23/2006,5607.32
3/24/2006,5629.13
3/27/2006,5590.05
3/28/2006,5574.74
3/29/2006,5632.08
3/30/2006,5615.27
3/31/2006,5612.98
4/3/2006,5584.44
4/4/2006,5581.62
4/5/2006,5603.96
4/6/2006,5610
4/7/2006,5589.79
4/10/2006,5583.54
4/11/2006,5574.67
4/12/2006,5580.38
4/13/2006,5586.64
4/14/2006,5588.72
4/17/2006,5607.57
4/18/2006,5616.7
4/19/2006,5559.7
4/20/2006,5556.77
4/21/2006,5569.25
4/24/2006,5558.74
4/25/2006,5551.71
4/26/2006,5536.32
4/27/2006,5544.86
4/28/2006,5555.21
5/1/2006,5556.26
5/2/2006,5561.23
5/3/2006,5574.97
5/4/2006,5565.25
5/5/2006,5587.91
5/8/2006,5566.9
5/9/2006,5576.3
5/10/2006,5588.17
5/11/2006,5554.85
5/12/2006,5596
5/15/2006,5763.83
5/16/2006,5841.44
5/17/2006,5694.8
5/18/2006,5812.75
5/19/2006,5806.7
5/22/2006,5887.74
5/23/2006,5841.65
5/24/2006,5905.15
5/25/2006,5919.24
5/26/2006,5859.65
5/29/2006,5831.83
5/30/2006,5819.16
5/31/2006,5857.97
6/1/2006,5905.79
6/2/2006,5882.59
6/5/2006,5883.85
6/6/2006,5901.12
6/7/2006,5915.84
6/8/2006,5912.25
6/9/2006,5894.35
6/12/2006,5902.34
6/13/2006,5941.06
6/14/2006,5942.49
6/15/2006,5905.82
6/16/2006,5825.49
6/19/2006,5873.06
6/20/2006,5888.64
6/21/2006,5889.48
6/22/2006,5856.68
6/23/2006,5879.87
6/26/2006,5871.89
6/27/2006,5824.85
6/28/2006,5840.19
6/29/2006,5887.42
6/30/2006,5852.29
7/3/2006,5768.45
7/4/2006,5736.72
7/5/2006,5741.37
7/6/2006,5760.79
7/7/2006,5756.11
7/10/2006,5743.85
7/11/2006,5727.95
7/12/2006,5749.2
7/13/2006,5746.66
7/14/2006,5774.44
7/17/2006,5830.88
7/18/2006,5803.92
7/19/2006,5798.44
7/20/2006,5764.94
7/21/2006,5772.38
7/24/2006,5777.06
7/25/2006,5743.62
7/26/2006,5768.87
7/27/2006,5735.53
7/28/2006,5747.06
7/31/2006,5743.42
8/1/2006,5759.8
8/2/2006,5760.72
8/3/2006,5771.91
8/4/2006,5774.91
8/7/2006,5765.14
8/8/2006,5777.85
8/9/2006,5775.29
8/10/2006,5758.11
8/11/2006,5750.05
8/14/2006,5747.7
8/15/2006,5763.76
8/16/2006,5776.57
8/17/2006,5774.36
8/18/2006,5760.08
8/21/2006,5767.41
8/22/2006,5760.88
8/23/2006,5783.71
8/24/2006,5792.15
8/25/2006,5778.6
8/28/2006,5780.04
8/29/2006,5777.3
8/30/2006,5794.53
8/31/2006,5770.68
9/1/2006,5786.45
9/4/2006,5790.57
9/5/2006,5818.74
9/6/2006,5795.81
9/7/2006,5803.25
9/8/2006,5817.51
9/11/2006,5791.13
9/12/2006,5807.99
9/13/2006,5809.94
9/14/2006,5786.36
9/15/2006,5763.04
9/18/2006,5738.15
9/19/2006,5753.96
9/20/2006,5773.72
9/21/2006,5783.35
9/22/2006,5806.63
9/25/2006,5827.66
9/26/2006,5807.78
9/27/2006,5798.01
9/28/2006,5814.54
9/29/2006,5807.44
10/2/2006,5811.87
10/3/2006,5820.83
10/4/2006,5814.65
10/5/2006,5813.77
10/6/2006,5793.82
10/9/2006,5798.54
10/10/2006,5799.91
10/11/2006,5803.7
10/12/2006,5824.68
10/13/2006,5799.52
10/16/2006,5805.46
10/17/2006,5801.97
10/18/2006,5808.22
10/19/2006,5823.19
10/20/2006,5820.87
10/23/2006,5810.34
10/24/2006,5814.18
10/25/2006,5829.76
10/26/2006,5812.7
10/27/2006,5835.61
10/30/2006,5829.71
10/31/2006,5843.54
11/1/2006,5822.16
11/2/2006,5837.98
11/3/2006,5831.69
11/6/2006,5835.09
11/7/2006,5844.12
11/8/2006,5834.96
11/9/2006,5852.72
11/10/2006,5860.04
11/13/2006,5852.46
11/14/2006,5863.18
11/15/2006,5887.73
11/16/2006,5871.51
11/17/2006,5893.7
11/20/2006,5885.64
11/21/2006,5861.51
11/22/2006,5884.4
11/23/2006,5892.55
11/24/2006,5896.6
11/27/2006,5898.68
11/28/2006,5923.66
11/29/2006,5933.57
11/30/2006,5948.99
12/1/2006,5948.16
12/4/2006,5936.86
12/5/2006,5921.97
12/6/2006,5915.01
12/7/2006,5901.19
12/8/2006,5864.38
12/11/2006,5889.1
12/12/2006,5891.72
12/13/2006,5889.32
12/14/2006,5883.12
12/15/2006,5890.81
12/18/2006,5868.17
12/19/2006,5952.73
12/20/2006,5900.4
12/21/2006,5886.46
12/22/2006,5890.56
12/25/2006,5889.22
12/26/2006,5888.84
12/27/2006,5882.17
12/28/2006,5890.26
12/29/2006,5862.78
1/1/2007,5891.03
1/2/2007,5870.44
1/3/2007,5846.34
1/4/2007,5892.78
1/5/2007,5863.91
1/8/2007,5876.68
1/9/2007,5876.62
1/10/2007,5912.38
1/11/2007,5902.86
1/12/2007,5914.94
1/15/2007,5911.72
1/16/2007,5898.98
1/17/2007,5917.93
1/18/2007,5920.5
1/19/2007,5904.16
1/22/2007,5906.92
1/23/2007,5919.53
1/24/2007,5917.28
1/25/2007,5915.52
1/26/2007,5951.08
1/29/2007,5926.59
1/30/2007,5916.61
1/31/2007,5921.96
2/1/2007,5923.12
2/2/2007,5923.1
2/5/2007,5910.83
2/6/2007,5925.95
2/7/2007,5917.59
2/8/2007,5922.18
2/9/2007,5903.36
2/12/2007,5890.62
2/13/2007,5886.17
2/14/2007,5909.05
2/15/2007,5915.13
2/16/2007,5908.96
2/19/2007,5920.28
2/20/2007,5908.06
2/21/2007,5912.38
2/22/2007,5920.15
2/23/2007,5934.15
2/26/2007,5934.74
2/27/2007,5952.04
2/28/2007,5974.81
3/1/2007,5990.77
3/2/2007,6015.21
3/5/2007,6045.56
3/6/2007,6028
3/7/2007,6032.23
3/8/2007,6003.86
3/9/2007,6009.5
3/12/2007,6008.45
3/13/2007,6027.34
3/14/2007,6011.02
3/15/2007,6016.5
3/16/2007,6046.09
3/19/2007,6044.05
3/20/2007,5995.81
3/21/2007,6003.35
3/22/2007,5995.79
3/23/2007,6005.67
3/26/2007,6002.9
3/27/2007,6018.28
3/28/2007,6028.84
3/29/2007,6013.84
3/30/2007,6011.34
4/2/2007,5998.95
4/3/2007,5991.25
4/4/2007,6046.76
4/5/2007,6016
4/6/2007,6010.24
4/9/2007,6009.19
4/10/2007,6002.05
4/11/2007,5986.96
4/12/2007,5994.08
4/13/2007,5998.42
4/16/2007,6003.96
4/17/2007,6003.5
4/18/2007,6001.19
4/19/2007,6013.43
4/20/2007,6023.84
4/23/2007,6012.5
4/24/2007,6001.13
4/25/2007,5998.02
4/26/2007,5987.93
4/27/2007,5990.77
4/30/2007,5981.05
5/1/2007,5975.67
5/2/2007,5947.44
5/3/2007,5936.65
5/4/2007,5911.43
5/7/2007,5864.31
5/8/2007,5852.31
5/9/2007,5825.09
5/10/2007,5760.94
5/11/2007,5843.41
5/14/2007,5830.85
5/15/2007,5792.06
5/16/2007,5786.16
5/17/2007,5779.14
5/18/2007,5782.28
5/21/2007,5734.07
5/22/2007,5657.06
5/23/2007,5688.99
5/24/2007,5735.97
5/25/2007,5738.59
5/28/2007,5740.18
5/29/2007,5774.96
5/30/2007,5761.45
5/31/2007,5771.81
6/1/2007,5761.5
6/4/2007,5721.29
6/5/2007,5777.29
6/6/2007,5814.66
6/7/2007,5864.37
6/8/2007,5911.77
6/11/2007,5839.25
6/12/2007,5873.01
6/13/2007,5833.74
6/14/2007,5867.72
6/15/2007,5877.77
6/18/2007,5777.49
6/19/2007,5770.98
6/20/2007,5860.53
6/21/2007,5858.03
6/22/2007,5877.2
6/25/2007,5878.53
6/26/2007,5911.46
6/27/2007,5846.18
6/28/2007,5896.73
6/29/2007,5897.35
7/2/2007,5886.99
7/3/2007,5911.9
7/4/2007,5921.7
7/5/2007,5921.01
7/6/2007,5924.63
7/9/2007,5934.21
7/10/2007,5933.97
7/11/2007,5952.71
7/12/2007,5921.29
7/13/2007,5943.19
7/16/2007,5950.62
7/17/2007,5953.48
7/18/2007,6015.37
7/19/2007,5992.27
7/20/2007,6013.63
7/23/2007,6018.98
7/24/2007,6033.6
7/25/2007,6016.7
7/26/2007,6102.8
7/27/2007,6095.79
7/30/2007,6058.76
7/31/2007,6086.19
8/1/2007,6098.61
8/2/2007,6093.1
8/3/2007,6156.67
8/6/2007,6114.23
8/7/2007,6133.06
8/8/2007,6110.49
8/9/2007,6155.57
8/10/2007,6161.16
8/13/2007,6154.03
8/14/2007,6132.66
8/15/2007,6134.49
8/16/2007,6224.55
8/17/2007,6124.66
8/20/2007,6154.91
8/21/2007,6161.48
8/22/2007,6131.55
8/23/2007,6151.98
8/24/2007,6136.95
8/27/2007,6164.32
8/28/2007,6180.61
8/29/2007,6174.31
8/30/2007,6170.62
8/31/2007,6145.33
9/3/2007,6161.17
9/4/2007,6132.22
9/5/2007,6151.23
9/6/2007,6173.25
9/7/2007,6157.63
9/10/2007,6188.48
9/11/2007,6185.4
9/12/2007,6241.33
9/13/2007,6204.09
9/14/2007,6194.64
9/17/2007,6187.03
9/18/2007,6153.09
9/19/2007,6096.07
9/20/2007,6104.86
9/21/2007,6084.97
9/24/2007,6084.15
9/25/2007,6112.21
9/26/2007,6111.85
9/27/2007,6134.23
9/28/2007,6130.29
10/1/2007,6142.14
10/2/2007,6133.12
10/3/2007,6140.98
10/4/2007,6157.9
10/5/2007,6137.71
10/8/2007,6169.24
10/9/2007,6167.44
10/10/2007,6177.34
10/11/2007,6195.15
10/12/2007,6196.41
10/15/2007,6218.89
10/16/2007,6234.68
10/17/2007,6211.42
10/18/2007,6225.19
10/19/2007,6227.78
10/22/2007,6242.53
10/23/2007,6241.46
10/24/2007,6278.23
10/25/2007,6283.83
10/26/2007,6274.75
10/29/2007,6267.43
10/30/2007,6271.55
10/31/2007,6254.41
11/1/2007,6292.89
11/2/2007,6280.4
11/5/2007,6315.87
11/6/2007,6291.49
11/7/2007,6345.07
11/8/2007,6349.43
11/9/2007,6330.64
11/12/2007,6300.68
11/13/2007,6349.43
11/14/2007,6378.44
11/15/2007,6435.08
11/16/2007,6394.58
11/19/2007,6442.55
11/20/2007,6444.37
11/21/2007,6492.17
11/22/2007,6477.08
11/23/2007,6493.24
11/26/2007,6519.71
11/27/2007,6528.45
11/28/2007,6471.51
11/29/2007,6474.77
11/30/2007,6465.76
12/3/2007,6424.49
12/4/2007,6428.3
12/5/2007,6389.13
12/6/2007,6405.6
12/7/2007,6432.52
12/10/2007,6441.13
12/11/2007,6455.48
12/12/2007,6447.51
12/13/2007,6470.98
12/14/2007,6442.1
12/17/2007,6442.67
12/18/2007,6442.77
12/19/2007,6453.49
12/20/2007,6455.26
12/21/2007,6484.51
12/24/2007,6485.35
12/25/2007,6465.26
12/26/2007,6484.2
12/27/2007,6490.71
12/28/2007,6503.26
12/31/2007,6528.93
1/1/2008,6521.68
1/2/2008,6536.86
1/3/2008,6562.58
1/4/2008,6597.63
1/7/2008,6588.62
1/8/2008,6598.15
1/9/2008,6596.67
1/10/2008,6597.12
1/11/2008,6577.52
1/14/2008,6599.02
1/15/2008,6613.18
1/16/2008,6601.96
1/17/2008,6604.99
1/18/2008,6583.25
1/21/2008,6536.54
1/22/2008,6568.63
1/23/2008,6557.84
1/24/2008,6554.74
1/25/2008,6565.09
1/28/2008,6577.4
1/29/2008,6558.02
1/30/2008,6543.97
1/31/2008,6521.05
2/1/2008,6514.01
2/4/2008,6522.9
2/5/2008,6506.99
2/6/2008,6528.42
2/7/2008,6517.98
2/8/2008,6526.73
2/11/2008,6517.68
2/12/2008,6542.32
2/13/2008,6528.56
2/14/2008,6501.32
2/15/2008,6501.51
2/18/2008,6489.34
2/19/2008,6488.88
2/20/2008,6509.31
2/21/2008,6499.08
2/22/2008,6524.69
2/25/2008,6466.76
2/26/2008,6466.95
2/27/2008,6481.25
2/28/2008,6486.2
2/29/2008,6524.3
3/3/2008,6544.24
3/4/2008,6553.6
3/5/2008,6551.24
3/6/2008,6567.53
3/7/2008,6557.68
3/10/2008,6654.66
3/11/2008,6581.42
3/12/2008,6635.35
3/13/2008,6686.74
3/14/2008,6708.76
3/17/2008,6711.1
3/18/2008,6651.18
3/19/2008,6625.08
3/20/2008,6633.83
3/21/2008,6626.27
3/24/2008,6602.35
3/25/2008,6641.08
3/26/2008,6668.12
3/27/2008,6663.77
3/28/2008,6697.1
3/31/2008,6680.48
4/1/2008,6629.18
4/2/2008,6660.63
4/3/2008,6680.4
4/4/2008,6685.99
4/7/2008,6657.01
4/8/2008,6675.86
4/9/2008,6700.32
4/10/2008,6772.89
4/11/2008,6774.98
4/14/2008,6768.31
4/15/2008,6775.79
4/16/2008,6800.08
4/17/2008,6813.98
4/18/2008,6784.23
4/21/2008,6790.88
4/22/2008,6802.7
4/23/2008,6818.94
4/24/2008,6781.54
4/25/2008,6778.55
4/28/2008,6772.01
4/29/2008,6779.79
4/30/2008,6798.65
5/1/2008,6778.3
5/2/2008,6761.01
5/5/2008,6783.65
5/6/2008,6790.58
5/7/2008,6773.03
5/8/2008,6737.77
5/9/2008,6785.68
5/12/2008,6772.02
5/13/2008,6756.08
5/14/2008,6739.43
5/15/2008,6753.86
5/16/2008,6815.61
5/19/2008,6783.99
5/20/2008,6795.8
5/21/2008,6846.45
5/22/2008,6853.85
5/23/2008,6868.89
5/26/2008,6863.65
5/27/2008,6855.35
5/28/2008,6817.44
5/29/2008,6797.15
5/30/2008,6813.01
6/2/2008,6825.35
6/3/2008,6830.27
6/4/2008,6824.59
6/5/2008,6811.44
6/6/2008,6862.93
6/9/2008,6850.94
6/10/2008,6783.51
6/11/2008,6795.48
6/12/2008,6750.83
6/13/2008,6744.43
6/16/2008,6783.74
6/17/2008,6792.63
6/18/2008,6778.92
6/19/2008,6786.09
6/20/2008,6796.37
6/23/2008,6771.58
6/24/2008,6775.49
6/25/2008,6756.23
6/26/2008,6738.93
6/27/2008,6757.16
6/30/2008,6784.83
7/1/2008,6773.69
7/2/2008,6776.55
7/3/2008,6761.38
7/4/2008,6764.34
7/7/2008,6753.76
7/8/2008,6752.01
7/9/2008,6750.1
7/10/2008,6735.55
7/11/2008,6754.47
7/14/2008,6748.24
7/15/2008,6782.87
7/16/2008,6776.14
7/17/2008,6756.16
7/18/2008,6758.83
7/21/2008,6775
7/22/2008,6724.35
7/23/2008,6699.04
7/24/2008,6713.43
7/25/2008,6714.58
7/28/2008,6689.78
7/29/2008,6659.61
7/30/2008,6668.13
7/31/2008,6651.31
8/1/2008,6633.39
8/4/2008,6617.12
8/5/2008,6556.5
8/6/2008,6571.6
8/7/2008,6566.81
8/8/2008,6604.06
8/11/2008,6507.9
8/12/2008,6521.13
8/13/2008,6556.74
8/14/2008,6506.61
8/15/2008,6490.17
8/18/2008,6501.51
8/19/2008,6514.58
8/20/2008,6481.62
8/21/2008,6528.17
8/22/2008,6471.26
8/25/2008,6462.1
8/26/2008,6435.71
8/27/2008,6463.11
8/28/2008,6457.41
8/29/2008,6462.85
9/1/2008,6432.36
9/2/2008,6430.78
9/3/2008,6424.64
9/4/2008,6412.03
9/5/2008,6522.14
9/8/2008,6484.94
9/9/2008,6495.53
9/10/2008,6491.42
9/11/2008,6569.47
9/12/2008,6593.41
9/15/2008,6639.13
9/16/2008,6585.19
9/17/2008,6580.15
9/18/2008,6571.92
9/19/2008,6559.68
9/22/2008,6607.03
9/23/2008,6580.35
9/24/2008,6565.39
9/25/2008,6591.95
9/26/2008,6572.48
9/29/2008,6602.17
9/30/2008,6622.82
10/1/2008,6609.3
10/2/2008,6551.31
10/3/2008,6555.47
10/6/2008,6548.09
10/7/2008,6511.3
10/8/2008,6599.01
10/9/2008,6523.7
10/10/2008,6657.01
10/13/2008,6732.02
10/14/2008,6672.83
10/15/2008,6645.91
10/16/2008,6701.62
10/17/2008,6624.23
10/20/2008,6610.14
10/21/2008,6635.56
10/22/2008,6560.88
10/23/2008,6620.08
10/24/2008,6761.52
10/27/2008,7374.37
10/28/2008,7427.43
10/29/2008,7457.19
10/30/2008,7233.03
10/31/2008,7282.25
11/3/2008,7642.16
11/4/2008,7294.27
11/5/2008,7461.86
11/6/2008,7318.75
11/7/2008,7414.57
11/10/2008,7486.33
11/11/2008,7561.48
11/12/2008,7783.29
11/13/2008,7813.55
11/14/2008,7625.73
11/17/2008,7882.33
11/18/2008,7902.95
11/19/2008,7809.69
11/20/2008,8239
11/21/2008,8113.98
11/24/2008,8188.6
11/25/2008,8227.21
11/26/2008,8145.74
11/27/2008,8215.23
11/28/2008,8120.5
12/1/2008,8218.98
12/2/2008,7887.08
12/3/2008,7974.86
12/4/2008,7861.54
12/5/2008,7515.39
12/8/2008,7753.53
12/9/2008,7302.2
12/10/2008,7265.5
12/11/2008,7425.59
12/12/2008,7673.92
12/15/2008,7590.94
12/16/2008,7602.24
12/17/2008,7597.09
12/18/2008,7603.23
12/19/2008,7586.67
12/22/2008,7697.85
12/23/2008,7580.59
12/24/2008,7572.51
12/25/2008,7577.42
12/26/2008,7682.63
12/29/2008,7776.4
12/30/2008,7757.62
12/31/2008,7900.18
1/1/2009,7754.34
1/2/2009,7705.98
1/5/2009,7441.31
1/6/2009,7447.48
1/7/2009,7424.93
1/8/2009,7451.01
1/9/2009,7384.42
1/12/2009,7553.02
1/13/2009,7472.94
1/14/2009,7473.55
1/15/2009,7463.36
1/16/2009,7471.59
1/19/2009,7469.29
1/20/2009,7514.57
1/21/2009,7433.39
1/22/2009,7560.66
1/23/2009,7547.2
1/26/2009,7529.69
1/27/2009,7541.54
1/28/2009,7544.49
1/29/2009,7507.56
1/30/2009,7828.65
2/2/2009,7715.21
2/3/2009,7788.69
2/4/2009,7739.49
2/5/2009,7854.62
2/6/2009,7811.74
2/9/2009,7882.07
2/10/2009,7779.89
2/11/2009,7821.38
2/12/2009,8033.69
2/13/2009,7903.75
2/16/2009,7807.52
2/17/2009,7810.73
2/18/2009,7864.78
2/19/2009,7915.08
2/20/2009,7888.32
2/23/2009,7807.15
2/24/2009,7871.39
2/25/2009,7861.43
2/26/2009,7826.98
2/27/2009,7751.22
3/2/2009,7854.51
3/3/2009,7791.39
3/4/2009,7769.28
3/5/2009,7797.45
3/6/2009,7791.12
3/9/2009,7780.98
3/10/2009,7751.62
3/11/2009,7871.08
3/12/2009,7810.96
3/13/2009,7770.44
3/16/2009,7776.22
3/17/2009,7871.12
3/18/2009,7861.3
3/19/2009,7887.71
3/20/2009,7766.16
3/23/2009,7533.52
3/24/2009,7528.24
3/25/2009,7702.91
3/26/2009,7698.48
3/27/2009,7592.56
3/30/2009,7773.91
3/31/2009,7654.83
4/1/2009,7613.95
4/2/2009,7579.1
4/3/2009,7611.31
4/6/2009,7519.42
4/7/2009,7517.72
4/8/2009,7492.93
4/9/2009,7513.48
4/10/2009,7466.78
4/13/2009,7344.07
4/14/2009,7278.68
4/15/2009,7229.98
4/16/2009,7211.32
4/17/2009,7160.96
4/20/2009,7168.52
4/21/2009,7118.09
4/22/2009,7196.64
4/23/2009,7296.02
4/24/2009,7253.61
4/27/2009,7238.69
4/28/2009,7265.14
4/29/2009,7307.52
4/30/2009,7173.25
5/1/2009,7175.2
5/4/2009,7137.65
5/5/2009,7082.03
5/6/2009,7088.24
5/7/2009,7041.45
5/8/2009,7110.28
5/11/2009,7077.04
5/12/2009,7118.57
5/13/2009,7059.77
5/14/2009,7102.38
5/15/2009,7073.6
5/18/2009,7110.58
5/19/2009,7036.51
5/20/2009,7104.99
5/21/2009,7127.55
5/22/2009,7135.9
5/25/2009,7113.24
5/26/2009,7067.73
5/27/2009,7100.86
5/28/2009,7128.6
5/29/2009,7128.76
6/1/2009,7098.03
6/2/2009,7141.13
6/3/2009,6996.66
6/4/2009,6958.4
6/5/2009,6817.14
6/8/2009,6883.3
6/9/2009,6917.66
6/10/2009,6885.14
6/11/2009,6964.87
6/12/2009,6942.75
6/15/2009,6932.64
6/16/2009,6958.37
6/17/2009,7020.63
6/18/2009,7160.28
6/19/2009,7087.01
6/22/2009,7090.02
6/23/2009,7190.88
6/24/2009,7122.03
6/25/2009,7050.58
6/26/2009,7033.59
6/29/2009,7053.42
6/30/2009,7052.06
7/1/2009,7079.42
7/2/2009,7027.24
7/3/2009,7013.36
7/6/2009,7057.38
7/7/2009,7005.07
7/8/2009,7030.16
7/9/2009,6957.02
7/10/2009,6961.18
7/13/2009,7009.39
7/14/2009,6996.34
7/15/2009,6974.08
7/16/2009,6959.76
7/17/2009,7005.06
7/20/2009,7009.69
7/21/2009,6981.17
7/22/2009,6994.49
7/23/2009,6955.47
7/24/2009,6937.5
7/27/2009,6917.63
7/28/2009,6900.74
7/29/2009,6879.82
7/30/2009,6895.78
7/31/2009,6898.21
8/3/2009,6911.68
8/4/2009,6884.88
8/5/2009,6894.21
8/6/2009,6892.84
8/7/2009,6872.03
8/10/2009,6864.03
8/11/2009,6850.83
8/12/2009,6922.71
8/13/2009,6901.31
8/14/2009,6886.1
8/17/2009,6850.43
8/18/2009,6889.23
8/19/2009,6952.5
8/20/2009,6987.89
8/21/2009,6954.19
8/24/2009,6928.09
8/25/2009,6954.42
8/26/2009,6973.29
8/27/2009,7042.31
8/28/2009,6970.5
8/31/2009,7011.77
9/1/2009,6987.05
9/2/2009,7047.78
9/3/2009,7031.01
9/4/2009,7041.77
9/7/2009,7017.06
9/8/2009,7012.26
9/9/2009,6982.81
9/10/2009,6968.67
9/11/2009,6975.57
9/14/2009,6997.39
9/15/2009,6972.49
9/16/2009,6881.35
9/17/2009,6860.06
9/18/2009,6857.88
9/21/2009,6834.38
9/22/2009,6872.22
9/23/2009,6865.7
9/24/2009,6808.47
9/25/2009,6819.31
9/28/2009,6857.41
9/29/2009,6839.38
9/30/2009,6855.83
10/1/2009,6807.78
10/2/2009,6807.44
10/5/2009,6786.97
10/6/2009,6736.58
10/7/2009,6733.95
10/8/2009,6796.02
10/9/2009,6775.2
10/12/2009,6777.97
10/13/2009,6772.72
10/14/2009,6745.1
10/15/2009,6720.16
10/16/2009,6749.14
10/19/2009,6766.46
10/20/2009,6734.92
10/21/2009,6777.19
10/22/2009,6840.65
10/23/2009,6763.2
10/26/2009,6784.45
10/27/2009,6823.71
10/28/2009,6884.89
10/29/2009,6863.31
10/30/2009,6844.5
11/2/2009,6845.46
11/3/2009,6844.08
11/4/2009,6828.62
11/5/2009,6818.17
11/6/2009,6788.49
11/9/2009,6791.11
11/10/2009,6788.79
11/11/2009,6773.8
11/12/2009,6769.06
11/13/2009,6765.42
11/16/2009,6783.15
11/17/2009,6775.2
11/18/2009,6787.75
11/19/2009,6882.89
11/20/2009,6840.44
11/23/2009,6835.37
11/24/2009,6851.82
11/25/2009,6816.13
11/26/2009,6807.85
11/27/2009,6796.1
11/30/2009,6835.31
12/1/2009,6848.77
12/2/2009,6833.42
12/3/2009,6818.09
12/4/2009,6776.9
12/7/2009,6799.34
12/8/2009,6781.58
12/9/2009,6777.85
12/10/2009,6796.82
12/11/2009,6790.58
12/14/2009,6812.06
12/15/2009,6785.37
12/16/2009,6775.78
12/17/2009,6768.3
12/18/2009,6775.5
12/21/2009,6760.65
12/22/2009,6744.85
12/23/2009,6745.92
12/24/2009,6742.66
12/25/2009,6739.42
12/28/2009,6726.57
12/29/2009,6720.64
12/30/2009,6716.2
12/31/2009,6693.67
1/1/2010,6697.9
1/4/2010,6681.92
1/5/2010,6668.46
1/6/2010,6649.29
1/7/2010,6604.75
1/8/2010,6611.76
1/11/2010,6596.4
1/12/2010,6592.01
1/13/2010,6606.32
1/14/2010,6607.09
1/15/2010,6616.46
1/18/2010,6638.55
1/19/2010,6633.85
1/20/2010,6657.98
1/21/2010,6623.72
1/22/2010,6656.47
1/25/2010,6683.12
1/26/2010,6705.02
1/27/2010,6712.12
1/28/2010,6651.96
1/29/2010,6646.77
2/1/2010,6673.65
2/2/2010,6644.93
2/3/2010,6579.37
2/4/2010,6560.39
2/5/2010,6616.4
2/8/2010,6604.55
2/9/2010,6615.49
2/10/2010,6601.08
2/11/2010,6639.41
2/12/2010,6619.31
2/15/2010,6618.51
2/16/2010,6639.45
2/17/2010,6594.19
2/18/2010,6610.66
2/19/2010,6617.44
2/22/2010,6593.14
2/23/2010,6589.65
2/24/2010,6617.77
2/25/2010,6631.59
2/26/2010,6643.56
3/1/2010,6588.64
3/2/2010,6622.36
3/3/2010,6631.41
3/4/2010,6619.3
3/5/2010,6588.66
3/8/2010,6559.84
3/9/2010,6570.82
3/10/2010,6559.6
3/11/2010,6578.55
3/12/2010,6564.39
3/15/2010,6560.24
3/16/2010,6576.83
3/17/2010,6550.23
3/18/2010,6539.19
3/19/2010,6511.75
3/22/2010,6510.42
3/23/2010,6507.53
3/24/2010,6490.26
3/25/2010,6485.07
3/26/2010,6497.35
3/29/2010,6497.21
3/30/2010,6495.84
3/31/2010,6504.88
4/1/2010,6497.39
4/2/2010,6465.9
4/5/2010,6484.04
4/6/2010,6481.42
4/7/2010,6487.72
4/8/2010,6502.58
4/9/2010,6498.89
4/12/2010,6484.78
4/13/2010,6481.45
4/14/2010,6563.5
4/15/2010,6555.56
4/16/2010,6548.66
4/19/2010,6559
4/20/2010,6557.95
4/21/2010,6569.06
4/22/2010,6565.54
4/23/2010,6576.19
4/26/2010,6588.93
4/27/2010,6560.54
4/28/2010,6581.88
4/29/2010,6584.26
4/30/2010,6573.53
5/3/2010,6588.12
5/4/2010,6534.65
5/5/2010,6531.03
5/6/2010,6548.24
5/7/2010,6602.61
5/10/2010,6570.85
5/11/2010,6604.69
5/12/2010,6591.56
5/13/2010,6572.86
5/14/2010,6556.61
5/17/2010,6579.47
5/18/2010,6529.65
5/19/2010,6566.49
5/20/2010,6582.6
5/21/2010,6602.35
5/24/2010,6582.47
5/25/2010,6636.36
5/26/2010,6606.65
5/27/2010,6616
5/28/2010,6543.41
5/31/2010,6554.99
6/1/2010,6546.48
6/2/2010,6590.91
6/3/2010,6532.11
6/4/2010,6502.52
6/7/2010,6538.93
6/8/2010,6545.27
6/9/2010,6537.83
6/10/2010,6591.19
6/11/2010,6563.01
6/14/2010,6564.36
6/15/2010,6598.59
6/16/2010,6567.62
6/17/2010,6577.43
6/18/2010,6573.41
6/21/2010,6546.84
6/22/2010,6511.97
6/23/2010,6510.32
6/24/2010,6506.42
6/25/2010,6532.95
6/28/2010,6513.9
6/29/2010,6460.96
6/30/2010,6484.03
7/1/2010,6507.59
7/2/2010,6510.7
7/5/2010,6506.52
7/6/2010,6539.87
7/7/2010,6555.13
7/8/2010,6571.23
7/9/2010,6549.03
7/12/2010,6546.04
7/13/2010,6576.54
7/14/2010,6584.8
7/15/2010,6586.76
7/16/2010,6568.85
7/19/2010,6581.53
7/20/2010,6582.02
7/21/2010,6563.19
7/22/2010,6592.43
7/23/2010,6597.29
7/26/2010,6640.93
7/27/2010,6615.36
7/28/2010,6584.17
7/29/2010,6590.64
7/30/2010,6578.45
8/2/2010,6631.69
8/3/2010,6620.63
8/4/2010,6616.26
8/5/2010,6601.54
8/6/2010,6640.59
8/9/2010,6630.35
8/10/2010,6609.21
8/11/2010,6570.56
8/12/2010,6614.03
8/13/2010,6587.29
8/16/2010,6595.67
8/17/2010,6615.83
8/18/2010,6633.39
8/19/2010,6617.94
8/20/2010,6616.16
8/23/2010,6607.55
8/24/2010,6593.25
8/25/2010,6608.48
8/26/2010,6634.57
8/27/2010,6663.58
8/30/2010,6647.98
8/31/2010,6671.03
9/1/2010,6690.31
9/2/2010,6696.56
9/3/2010,6702.69
9/6/2010,6689.41
9/7/2010,6681.58
9/8/2010,6698.51
9/9/2010,6680.83
9/10/2010,6688.32
9/13/2010,6684.63
9/14/2010,6735.06
9/15/2010,6720.74
9/16/2010,6714.34
9/17/2010,6714.44
9/20/2010,6731.02
9/21/2010,6741.61
9/22/2010,6755.87
9/23/2010,6748.76
9/24/2010,6775.98
9/27/2010,6778.3
9/28/2010,6799.63
9/29/2010,6786.81
9/30/2010,6766.68
10/1/2010,6794.16
10/4/2010,6793.23
10/5/2010,6832.46
10/6/2010,6824.78
10/7/2010,6828.01
10/8/2010,6836.32
10/11/2010,6829.62
10/12/2010,6846.36
10/13/2010,6846.61
10/14/2010,6885.04
10/15/2010,6883.06
10/18/2010,6877.69
10/19/2010,6798.64
10/20/2010,6860.28
10/21/2010,6856.63
10/22/2010,6894.74
10/25/2010,6893.15
10/26/2010,6873.49
10/27/2010,6858.47
10/28/2010,6897.32
10/29/2010,6908.59
11/1/2010,6907.26
11/2/2010,6928.29
11/3/2010,6938.66
11/4/2010,6950.44
11/5/2010,6917.81
11/8/2010,6916.03
11/9/2010,6903.16
11/10/2010,6901.38
11/11/2010,6904.75
11/12/2010,6880.28
11/15/2010,6889.45
11/16/2010,6856.33
11/17/2010,6932.92
11/18/2010,6901
11/19/2010,6893.69
11/22/2010,6886.25
11/23/2010,6831.94
11/24/2010,6842.19
11/25/2010,6857.67
11/26/2010,6815.6
11/29/2010,6832.57
11/30/2010,6847.76
12/1/2010,6883.16
12/2/2010,6900.71
12/3/2010,6917.27
12/6/2010,6903.9
12/7/2010,6868.47
12/8/2010,6866.68
12/9/2010,6882.49
12/10/2010,6898.93
12/13/2010,6923.34
12/14/2010,6918.09
12/15/2010,6847.97
12/16/2010,6877.82
12/17/2010,6875.91
12/20/2010,6871.02
12/21/2010,6892.1
12/22/2010,6920.06
12/23/2010,6929.71
12/24/2010,6954
12/27/2010,6956.13
12/28/2010,6944.34
12/29/2010,6965.95
12/30/2010,6982.29
12/31/2010,7004.16
1/3/2011,6995.25
1/4/2011,6979.36
1/5/2011,6950.56
1/6/2011,6948.01
1/7/2011,6974.71
1/10/2011,6991.36
1/11/2011,7011.47
1/12/2011,7040.75
1/13/2011,7053.91
1/14/2011,7030.17
1/17/2011,7039.25
1/18/2011,7059.62
1/19/2011,7059.9
1/20/2011,7036.47
1/21/2011,7060.23
1/24/2011,7078.37
1/25/2011,7064.48
1/26/2011,7063.24
1/27/2011,7059.56
1/28/2011,7027.83
1/31/2011,7073.83
2/1/2011,7114.58
2/2/2011,7089.16
2/3/2011,7074.84
2/4/2011,7053.28
2/7/2011,7031.61
2/8/2011,7002.38
2/9/2011,7008.73
2/10/2011,6988.81
2/11/2011,6965.48
2/14/2011,6961.33
2/15/2011,6953.57
2/16/2011,6953.25
2/17/2011,6964.99
2/18/2011,6964.34
2/21/2011,6945.97
2/22/2011,6931.91
2/23/2011,6932.84
2/24/2011,6947.22
2/25/2011,6944.45
2/28/2011,6937.15
3/1/2011,6915.98
3/2/2011,6942.96
3/3/2011,6946.65
3/4/2011,6938.55
3/7/2011,6942.47
3/8/2011,6932.42
3/9/2011,6926.5
3/10/2011,6901.72
3/11/2011,6928.14
3/14/2011,6914.31
3/15/2011,6849.8
3/16/2011,6844.13
3/17/2011,6871.28
3/18/2011,6892.96
3/21/2011,6896.92
3/22/2011,6897.66
3/23/2011,6892.71
3/24/2011,6916.02
3/25/2011,6913.25
3/28/2011,6902.94
3/29/2011,6906.6
3/30/2011,6910.98
3/31/2011,6907.96
4/1/2011,6900
4/4/2011,6873.57
4/5/2011,6867.87
4/6/2011,6866.58
4/7/2011,6877.61
4/8/2011,6883.23
4/11/2011,6886.6
4/12/2011,6895.57
4/13/2011,6890.23
4/14/2011,6951.31
4/15/2011,6972.24
4/18/2011,6959.26
4/19/2011,6987.59
4/20/2011,6988.2
4/21/2011,6987.38
4/22/2011,6983.88
4/25/2011,6974.92
4/26/2011,7015.76
4/27/2011,7016.17
4/28/2011,6992.66
4/29/2011,6994.62
5/2/2011,6984.02
5/3/2011,6959.09
5/4/2011,6943.66
5/5/2011,6905.35
5/6/2011,6929.24
5/9/2011,6946.76
5/10/2011,6944.36
5/11/2011,6898.91
5/12/2011,6916.6
5/13/2011,6863.02
5/16/2011,6858.62
5/17/2011,6885.58
5/18/2011,6904.75
5/19/2011,6913.91
5/20/2011,6893.08
5/23/2011,6875.06
5/24/2011,6870.75
5/25/2011,6893.34
5/26/2011,6906.13
5/27/2011,6928.22
5/30/2011,6918.55
5/31/2011,6925.76
6/1/2011,6889.7
6/2/2011,6928.21
6/3/2011,6937.26
6/6/2011,6917.67
6/7/2011,6936.9
6/8/2011,6901.09
6/9/2011,6922.06
6/10/2011,6884.67
6/13/2011,6910.35
6/14/2011,6935.24
6/15/2011,6904.84
6/16/2011,6925.66
6/17/2011,6975.84
6/20/2011,6970
6/21/2011,6978.81
6/22/2011,6969.23
6/23/2011,6955.81
6/24/2011,6942.73
6/27/2011,6942.78
6/28/2011,6962.87
6/29/2011,6979.53
6/30/2011,6983.9
7/1/2011,6968.97
7/4/2011,6954.11
7/5/2011,6949.74
7/6/2011,6956.86
7/7/2011,6983.95
7/8/2011,6978.92
7/11/2011,6949.83
7/12/2011,7000.75
7/13/2011,7018.83
7/14/2011,7010.35
7/15/2011,7006.81
7/18/2011,7035.85
7/19/2011,7034
7/20/2011,7034.35
7/21/2011,7055.28
7/22/2011,7052.58
7/25/2011,7056.89
7/26/2011,7071.7
7/27/2011,7050.02
7/28/2011,7065.44
7/29/2011,7061.75
8/1/2011,7044.29
8/2/2011,7026.8
8/3/2011,7041.39
8/4/2011,6943.75
8/5/2011,7025.66
8/8/2011,6972.34
8/9/2011,7079.85
8/10/2011,6992.19
8/11/2011,7068.01
8/12/2011,7056.09
8/15/2011,7112.8
8/16/2011,7104.15
8/17/2011,7096.14
8/18/2011,7030.25
8/19/2011,7072.02
8/22/2011,7067.89
8/23/2011,7094.46
8/24/2011,7088.53
8/25/2011,7096.48
8/26/2011,7118.82
8/29/2011,7090.17
8/30/2011,7088.04
8/31/2011,7085.3
9/1/2011,7063.79
9/2/2011,7077.08
9/5/2011,7071.29
9/6/2011,7066.81
9/7/2011,7085.31
9/8/2011,7044.75
9/9/2011,6982.67
9/12/2011,6974.63
9/13/2011,6987.33
9/14/2011,7137.55
9/15/2011,7090.88
9/16/2011,7094.07
9/19/2011,7054.61
9/20/2011,7057.6
9/21/2011,6968.06
9/22/2011,6918.93
9/23/2011,6889.25
9/26/2011,7053.25
9/27/2011,6949.32
9/28/2011,6858.77
9/29/2011,6830.45
9/30/2011,6771.23
10/3/2011,6747.21
10/4/2011,6884.18
10/5/2011,6841.38
10/6/2011,6890.71
10/7/2011,6909.46
10/10/2011,7019.21
10/11/2011,6982.74
10/12/2011,6981.38
10/13/2011,6944.51
10/14/2011,6989.34
10/17/2011,6921.12
10/18/2011,7015.29
10/19/2011,6958.66
10/20/2011,6964.14
10/21/2011,6997.38
10/24/2011,7008.13
10/25/2011,6993.91
10/26/2011,6982.44
10/27/2011,7121.68
10/28/2011,7097.2
10/31/2011,7056.55
11/1/2011,7019.31
11/2/2011,7043.12
11/3/2011,7104.34
11/4/2011,7063.48
11/7/2011,7059.59
11/8/2011,7049.77
11/9/2011,6897.53
11/10/2011,6972.66
11/11/2011,7006.09
11/14/2011,6956.66
11/15/2011,6961.68
11/16/2011,6941.18
11/17/2011,6936.99
11/18/2011,6946.07
11/21/2011,6942
11/22/2011,6948.09
11/23/2011,6951.05
11/24/2011,6873.93
11/25/2011,6896.41
11/28/2011,7002.69
11/29/2011,7056.45
11/30/2011,7149.49
12/1/2011,7018.62
12/2/2011,7019.44
12/5/2011,7050.64
12/6/2011,7037.99
12/7/2011,7043.97
12/8/2011,6943.01
12/9/2011,6999.63
12/12/2011,6960.76
12/13/2011,6972.99
12/14/2011,6939.06
12/15/2011,6952.37
12/16/2011,6920
12/19/2011,6930.23
12/20/2011,6997.8
12/21/2011,6997.41
12/22/2011,7010.79
12/23/2011,7073.87
12/26/2011,7008.39
12/27/2011,7004.75
12/28/2011,6986.62
12/29/2011,6983.61
12/30/2011,6995.8
1/2/2012,7000.2
1/3/2012,7109.89
1/4/2012,7104.6
1/5/2012,7092.4
1/6/2012,7026.79
1/9/2012,7063.99
1/10/2012,7100.33
1/11/2012,7117.69
1/12/2012,7096.13
1/13/2012,7131.76
1/16/2012,7077.75
1/17/2012,7100.43
1/18/2012,7058.31
1/19/2012,7049.99
1/20/2012,7011.94
1/23/2012,7060.23
1/24/2012,7067.92
1/25/2012,7015.43
1/26/2012,7120.79
1/27/2012,7139.61
1/30/2012,7142.29
1/31/2012,7185.18
2/1/2012,7156.38
2/2/2012,7176.11
2/3/2012,7209.94
2/6/2012,7208.65
2/7/2012,7203.67
2/8/2012,7212.99
2/9/2012,7193.27
2/10/2012,7155.46
2/13/2012,7192.57
2/14/2012,7150.34
2/15/2012,7118.18
2/16/2012,7167.93
2/17/2012,7146.58
2/20/2012,7183.76
2/21/2012,7215.3
2/22/2012,7193.11
2/23/2012,7208.41
2/24/2012,7267.66
2/27/2012,7269.57
2/28/2012,7285.54
2/29/2012,7237.12
3/1/2012,7281.03
3/2/2012,7264.83
3/5/2012,7250.58
3/6/2012,7284.72
3/7/2012,7228.15
3/8/2012,7281.43
3/9/2012,7286.29
3/12/2012,7270.8
3/13/2012,7285.23
3/14/2012,7258.83
3/15/2012,7250.61
3/16/2012,7235.53
3/19/2012,7250.07
3/20/2012,7263.21
3/21/2012,7276.69
3/22/2012,7265.22
3/23/2012,7288.98
3/26/2012,7275.64
3/27/2012,7317.64
3/28/2012,7279.69
3/29/2012,7302.98
3/30/2012,7269.55
4/2/2012,7288.84
4/3/2012,7298.84
4/4/2012,7275.87
4/5/2012,7279.46
4/6/2012,7279.91
4/9/2012,7265.68
4/10/2012,7259.25
4/11/2012,7280
4/12/2012,7314.67
4/13/2012,7357.56
4/16/2012,7338.02
4/17/2012,7329.54
4/18/2012,7336.22
4/19/2012,7338.93
4/20/2012,7342.54
4/23/2012,7355.3
4/24/2012,7372.98
4/25/2012,7384.29
4/26/2012,7403.36
4/27/2012,7402.46
4/30/2012,7430.41
5/1/2012,7426.75
5/2/2012,7424.54
5/3/2012,7430.68
5/4/2012,7401.26
5/7/2012,7395.9
5/8/2012,7405.22
5/9/2012,7396.46
5/10/2012,7406.75
5/11/2012,7354.53
5/14/2012,7350.61
5/15/2012,7354.89
5/16/2012,7285.65
5/17/2012,7372.83
5/18/2012,7341.87
5/21/2012,7352.97
5/22/2012,7309.69
5/23/2012,7326.38
5/24/2012,7378.22
5/25/2012,7390.02
5/28/2012,7312.2
5/29/2012,7433.4
5/30/2012,7421.31
5/31/2012,7375.27
6/1/2012,7269.34
6/4/2012,7310.56
6/5/2012,7298.31
6/6/2012,7309.48
6/7/2012,7413.45
6/8/2012,7328.22
6/11/2012,7361.32
6/12/2012,7335.91
6/13/2012,7359.49
6/14/2012,7360.65
6/15/2012,7403.27
6/18/2012,7436.1
6/19/2012,7419.55
6/20/2012,7442.78
6/21/2012,7460.56
6/22/2012,7433.56
6/25/2012,7420.87
6/26/2012,7417.6
6/27/2012,7422.05
6/28/2012,7424.72
6/29/2012,7430.03
7/2/2012,7415.41
7/3/2012,7429.62
7/4/2012,7411.26
7/5/2012,7412.23
7/6/2012,7417.46
7/9/2012,7420.86
7/10/2012,7442.97
7/11/2012,7459.44
7/12/2012,7438.01
7/13/2012,7447.13
7/16/2012,7497.29
7/17/2012,7495.54
7/18/2012,7504.01
7/19/2012,7526.43
7/20/2012,7536.69
7/23/2012,7547.06
7/24/2012,7551.15
7/25/2012,7549.97
7/26/2012,7568.04
7/27/2012,7574.55
7/30/2012,7605.29
7/31/2012,7605.08
8/1/2012,7608.29
8/2/2012,7599.2
8/3/2012,7600.66
8/6/2012,7625.1
8/7/2012,7631.23
8/8/2012,7622.81
8/9/2012,7609.59
8/10/2012,7611.79
8/13/2012,7619.11
8/14/2012,7617.72
8/15/2012,7614.45
8/16/2012,7603.99
8/17/2012,7602.25
8/20/2012,7592.91
8/21/2012,7600.24
8/22/2012,7601.05
8/23/2012,7622.44
8/24/2012,7612.96
8/27/2012,7620.29
8/28/2012,7620.42
8/29/2012,7642.62
8/30/2012,7650.1
8/31/2012,7644.38
9/3/2012,7644.76
9/4/2012,7697.64
9/5/2012,7679.34
9/6/2012,7695.63
9/7/2012,7731.76
9/10/2012,7745.46
9/11/2012,7778.4
9/12/2012,7793.64
9/13/2012,7806.15
9/14/2012,7792.68
9/17/2012,7736.66
9/18/2012,7753.47
9/19/2012,7797.67
9/20/2012,7809.57
9/21/2012,7811.79
9/24/2012,7805.71
9/25/2012,7807.42
9/26/2012,7809.31
9/27/2012,7801.57
9/28/2012,7830.43
10/1/2012,7799.11
10/2/2012,7806.24
10/3/2012,7793.4
10/4/2012,7801.25
10/5/2012,7813.77
10/8/2012,7804.5
10/9/2012,7819.87
10/10/2012,7808.63
10/11/2012,7813.23
10/12/2012,7845.9
10/15/2012,7876.95
10/16/2012,7859.19
10/17/2012,7885.72
10/18/2012,7873.25
10/19/2012,7891.11
10/22/2012,7860.81
10/23/2012,7870.8
10/24/2012,7866.88
10/25/2012,7882.55
10/26/2012,7867.59
10/29/2012,7866.41
10/30/2012,7883.3
10/31/2012,7890.57
11/1/2012,7883.97
11/2/2012,7879.88
11/5/2012,7861.5
11/6/2012,7865.29
11/7/2012,7887.35
11/8/2012,7867.36
11/9/2012,7874.55
11/12/2012,7881.35
11/13/2012,7873.8
11/14/2012,7881.38
11/15/2012,7862.95
11/16/2012,7841.86
11/19/2012,7861.38
11/20/2012,7868.01
11/21/2012,7876.43
11/22/2012,7870.22
11/23/2012,7877.14
11/26/2012,7848.99
11/27/2012,7888.96
11/28/2012,7886.27
11/29/2012,7891.05
11/30/2012,7879.33
12/3/2012,7875.62
12/4/2012,7880.59
12/5/2012,7916.04
12/6/2012,7913.01
12/7/2012,7950.11
12/10/2012,7877.7
12/11/2012,7919.31
12/12/2012,7882.8
12/13/2012,7932.55
12/14/2012,7934.14
12/17/2012,7947.03
12/18/2012,7961.08
12/19/2012,7946.96
12/20/2012,7917.16
12/21/2012,8025.45
12/24/2012,8027.56
12/25/2012,8019.97
12/26/2012,8010.09
12/27/2012,7960.98
12/28/2012,7982.55
12/31/2012,8016.14
1/2/2013,7909.26
1/3/2013,7899.55
1/4/2013,7962.85
1/7/2013,7895.78
1/8/2013,7869.9
1/9/2013,7877.79
1/10/2013,7998.76
1/11/2013,7958.71
1/14/2013,8005.54
1/15/2013,8058.46
1/16/2013,7891.93
1/17/2013,7888.93
1/18/2013,8014.06
1/21/2013,7818.2
1/22/2013,7841.16
1/23/2013,7842.88
1/24/2013,7837.21
1/25/2013,7853.6
1/28/2013,7875.69
1/29/2013,7834.34
1/30/2013,7831.45
1/31/2013,7873.29
2/1/2013,7832.36
2/4/2013,7799.46
2/5/2013,7817.77
2/6/2013,7836.75
2/7/2013,7816.09
2/8/2013,7799.77
2/11/2013,7764.75
2/12/2013,7731.51
2/13/2013,7774.81
2/14/2013,7813.07
2/15/2013,7828.06
2/18/2013,7815.86
2/19/2013,7838.37
2/20/2013,7837.82
2/21/2013,7834.81
2/22/2013,7841.36
2/25/2013,7836.85
2/26/2013,7836.28
2/27/2013,7808.97
2/28/2013,7827.98
3/1/2013,7825.21
3/4/2013,7789.47
3/5/2013,7788.8
3/6/2013,7786.07
3/7/2013,7774.1
3/8/2013,7773.2
3/11/2013,7767.49
3/12/2013,7765.02
3/13/2013,7766.09
3/14/2013,7762.93
3/15/2013,7768
3/18/2013,7770.76
3/19/2013,7775.67
3/20/2013,7773.54
3/21/2013,7794.08
3/22/2013,7819.66
3/25/2013,7824.99
3/26/2013,7850.95
3/27/2013,7820.67
3/28/2013,7840.93
3/29/2013,7854.47
4/1/2013,7847.48
4/2/2013,7869.8
4/3/2013,7873.37
4/4/2013,7854.1
4/5/2013,7878.42
4/8/2013,7854.88
4/9/2013,7839.63
4/10/2013,7831.55
4/11/2013,7846.13
4/12/2013,7848.3
4/15/2013,7849.05
4/16/2013,7853.64
4/17/2013,7871.99
4/18/2013,7864.32
4/19/2013,7856.56
4/22/2013,7833.29
4/23/2013,7843.44
4/24/2013,7833
4/25/2013,7852.23
4/26/2013,7853.07
4/29/2013,7876.48
4/30/2013,7887.68
5/1/2013,7895.67
5/2/2013,7894.22
5/3/2013,7892.82
5/6/2013,7899.84
5/7/2013,7895.98
5/8/2013,7909.18
5/9/2013,7909.14
5/10/2013,7863.59
5/13/2013,7851.59
5/14/2013,7878.67
5/15/2013,7827.24
5/16/2013,7785.97
5/17/2013,7765.54
5/20/2013,7780.82
5/21/2013,7760.7
5/22/2013,7755.73
5/23/2013,7736.33
5/24/2013,7729.96
5/27/2013,7779.21
5/28/2013,7792.31
5/29/2013,7812.59
5/30/2013,7760.76
5/31/2013,7882.51
6/3/2013,7793.25
6/4/2013,7879.04
6/5/2013,7843.54
6/6/2013,7931.51
6/7/2013,7871.85
6/10/2013,8023.63
6/11/2013,8005.37
6/12/2013,7869.99
6/13/2013,7936.78
6/14/2013,7883.26
6/17/2013,7885.99
6/18/2013,7867.84
6/19/2013,7924.08
6/20/2013,7843.14
6/21/2013,7859.08
6/24/2013,7819.44
6/25/2013,7814.61
6/26/2013,7836.93
6/27/2013,7820.64
6/28/2013,7922.96
7/1/2013,7836.09
7/2/2013,7843.48
7/3/2013,7839.45
7/4/2013,7817.04
7/5/2013,7791.78
7/8/2013,7764.92
7/9/2013,7814.38
7/10/2013,7827.93
7/11/2013,7888.89
7/12/2013,7905.44
7/15/2013,7949.18
7/16/2013,8008.44
7/17/2013,7948.41
7/18/2013,7944.22
7/19/2013,8001.25
7/22/2013,8047.14
7/23/2013,8068.66
7/24/2013,8102.11
7/25/2013,8122.98
7/26/2013,8147.12
7/29/2013,8117.01
7/30/2013,8101.78
7/31/2013,8066.49
8/1/2013,8076.92
8/2/2013,8097.1
8/5/2013,8088.56
8/6/2013,8107.37
8/7/2013,8148.95
8/8/2013,8172.26
8/9/2013,8154.19
8/12/2013,8158.42
8/13/2013,8154.29
8/14/2013,8102.39
8/15/2013,8198.78
8/16/2013,8213.34
8/19/2013,8263.02
8/20/2013,8382.02
8/21/2013,8558.25
8/22/2013,8540.85
8/23/2013,8633.39
8/26/2013,8718.28
8/27/2013,8831.23
8/28/2013,8787.4
8/29/2013,8768.88
8/30/2013,8783.65
9/2/2013,8927.68
9/3/2013,8953.54
9/4/2013,8948.33
9/5/2013,9116.06
9/6/2013,9081.56
9/9/2013,8952
9/10/2013,8847.15
9/11/2013,8947.38
9/12/2013,8874.88
9/13/2013,8843.52
9/16/2013,8843.44
9/17/2013,8862.46
9/18/2013,9006.77
9/19/2013,8717.22
9/20/2013,8844
9/23/2013,8936.37
9/24/2013,9050.49
9/25/2013,9150.41
9/26/2013,9028.66
9/27/2013,9083.41
9/30/2013,9148.82
10/1/2013,9187.76
10/2/2013,9069.38
10/3/2013,9041.18
10/4/2013,9024.38
10/7/2013,9003.76
10/8/2013,8939.37
10/9/2013,8960.78
10/10/2013,8907.64
10/11/2013,8765.1
10/14/2013,8787.97
10/15/2013,8782.86
10/16/2013,8852.09
10/17/2013,8788.98
10/18/2013,8797.68
10/21/2013,8742.08
10/22/2013,8716.51
10/23/2013,8783.72
10/24/2013,8883.99
10/25/2013,8909.09
10/28/2013,8943.08
10/29/2013,8959.93
10/30/2013,9023.76
10/31/2013,9104.34
11/1/2013,9124.35
11/4/2013,9139.33
11/5/2013,9136.38
11/6/2013,9183.32
11/7/2013,9172.06
11/8/2013,9178.94
11/11/2013,9154.55
11/12/2013,9298.5
11/13/2013,9287.12
11/14/2013,9255.07
11/15/2013,9307.34
11/18/2013,9334.25
11/19/2013,9323.14
11/20/2013,9375.33
11/21/2013,9371.95
11/22/2013,9356.14
11/25/2013,9372.03
11/26/2013,9404.21
11/27/2013,9467.8
11/28/2013,9540.56
11/29/2013,9535.91
12/2/2013,9389.49
12/3/2013,9432.87
12/4/2013,9548.61
12/5/2013,9512.28
12/6/2013,9527.13
12/9/2013,9570.44
12/10/2013,9523.86
12/11/2013,9563.44
12/12/2013,9589.69
12/13/2013,9635.76
12/16/2013,9636.23
12/17/2013,9645.49
12/18/2013,9605.91
12/19/2013,9658.29
12/20/2013,9638.41
12/23/2013,9636.93
12/24/2013,9608.07
12/25/2013,9614.71
12/26/2013,9591.41
12/27/2013,9681.4
12/30/2013,9619.64
12/31/2013,9621.54
1/1/2014,9615.59
1/2/2014,9569.15
1/3/2014,9617.77
1/6/2014,9600.8
1/7/2014,9623.03
1/8/2014,9623.27
1/9/2014,9521.31
1/10/2014,9517.88
1/13/2014,9448.35
1/14/2014,9418.54
1/15/2014,9496.94
1/16/2014,9515.3
1/17/2014,9501.22
1/20/2014,9412.09
1/21/2014,9487.16
1/22/2014,9500.36
1/23/2014,9487.77
1/24/2014,9524.91
1/27/2014,9583.36
1/28/2014,9578.67
1/29/2014,9550.4
1/30/2014,9568.02
1/31/2014,9573.84
2/3/2014,9591.5
2/4/2014,9611.35
2/5/2014,9605.13
2/6/2014,9603.95
2/7/2014,9581.92
2/10/2014,9589.08
2/11/2014,9582.74
2/12/2014,9555.08
2/13/2014,9453.67
2/14/2014,9382.02
2/17/2014,9350.67
2/18/2014,9391.31
2/19/2014,9335.89
2/20/2014,9340.45
2/21/2014,9282.64
2/24/2014,9199.97
2/25/2014,9230.41
2/26/2014,9214.41
2/27/2014,9205.51
2/28/2014,9166.22
3/3/2014,9149.83
3/4/2014,9131.08
3/5/2014,9122.23
3/6/2014,9071.9
3/7/2014,9052.63
3/10/2014,8967.59
3/11/2014,9001.71
3/12/2014,9006.28
3/13/2014,9001.08
3/14/2014,8969.51
3/17/2014,8921.49
3/18/2014,8951.77
3/19/2014,8946.36
3/20/2014,8971.05
3/21/2014,8963.77
3/24/2014,8952.12
3/25/2014,8976.56
3/26/2014,9008.36
3/27/2014,9047.67
3/28/2014,9001.16
3/31/2014,9011.7
4/1/2014,8984.85
4/2/2014,8961.6
4/3/2014,8963.68
4/4/2014,8951.26
4/7/2014,8967.18
4/8/2014,8997.7
4/9/2014,9036.56
4/10/2014,9097.52
4/11/2014,9144.37
4/14/2014,9131.08
4/15/2014,9123.71
4/16/2014,9136.51
4/17/2014,9143.55
4/18/2014,9123.77
4/21/2014,9138.23
4/22/2014,9173.27
4/23/2014,9258.43
4/24/2014,9227.71
4/25/2014,9197.49
4/28/2014,9229.48
4/29/2014,9192.57
4/30/2014,9203.06
5/1/2014,9231.41
5/2/2014,9199.75
5/5/2014,9218.42
5/6/2014,9224.08
5/7/2014,9270.71
5/8/2014,9266.03
5/9/2014,9237.99
5/12/2014,9218.16
5/13/2014,9215.63
5/14/2014,9166.55
5/15/2014,9144.56
5/16/2014,9116.25
5/19/2014,9132.12
5/20/2014,9170.58
5/21/2014,9195.96
5/22/2014,9212.39
5/23/2014,9268.47
5/26/2014,9235.75
5/27/2014,9220.24
5/28/2014,9262.62
5/29/2014,9270.85
5/30/2014,9314.15
6/2/2014,9364.15
6/3/2014,9383.41
6/4/2014,9453.56
6/5/2014,9441.62
6/6/2014,9451.63
6/9/2014,9413.56
6/10/2014,9442.2
6/11/2014,9441.61
6/12/2014,9438.92
6/13/2014,9445.41
6/16/2014,9450.22
6/17/2014,9499.49
6/18/2014,9569.87
6/19/2014,9568.64
6/20/2014,9577.27
6/23/2014,9597.89
6/24/2014,9603.58
6/25/2014,9668.29
6/26/2014,9684.79
6/27/2014,9603.63
6/30/2014,9512.13
7/1/2014,9514.37
7/2/2014,9559.05
7/3/2014,9560.78
7/4/2014,9523.58
7/7/2014,9394.07
7/8/2014,9347.73
7/9/2014,9361.73
7/10/2014,9322.49
7/11/2014,9333.51
7/14/2014,9409.11
7/15/2014,9447.33
7/16/2014,9415.24
7/17/2014,9417.94
7/18/2014,9356.29
7/21/2014,9324.41
7/22/2014,9350.01
7/23/2014,9287.63
7/24/2014,9345.37
7/25/2014,9326.4
7/28/2014,9322.67
7/29/2014,9326.96
7/30/2014,9308.78
7/31/2014,9281.83
8/1/2014,9445.35
8/4/2014,9430.72
8/5/2014,9392.23
8/6/2014,9414.55
8/7/2014,9427.62
8/8/2014,9410.74
8/11/2014,9338.54
8/12/2014,9347.88
8/13/2014,9350.67
8/14/2014,9364.74
8/15/2014,9383.65
8/18/2014,9385.21
8/19/2014,9384.62
8/20/2014,9375.77
8/21/2014,9345.06
8/22/2014,9355.44
8/25/2014,9371.26
8/26/2014,9371.51
8/27/2014,9364.67
8/28/2014,9378.03
8/29/2014,9375.47
9/1/2014,9378.93
9/2/2014,9374.28
9/3/2014,9396.65
9/4/2014,9399.08
9/5/2014,9372.08
9/8/2014,9352.11
9/9/2014,9335.12
9/10/2014,9336.22
9/11/2014,9358.12
9/12/2014,9359.07
9/15/2014,9440.09
9/16/2014,9478.77
9/17/2014,9473.78
9/18/2014,9458.2
9/19/2014,9450.19
9/22/2014,9439.39
9/23/2014,9447.7
9/24/2014,9444.37
9/25/2014,9447.79
9/26/2014,9482.52
9/29/2014,9536.2
9/30/2014,9564.5
10/1/2014,9512.45
10/2/2014,9554.89
10/3/2014,9555
10/6/2014,9551.35
10/7/2014,9557.78
10/8/2014,9582.08
10/9/2014,9595.1
10/10/2014,9607.74
10/13/2014,9600.43
10/14/2014,9586.05
10/15/2014,9566
10/16/2014,9626.34
10/17/2014,9517.78
10/20/2014,9453.21
10/21/2014,9440.84
10/22/2014,9457.51
10/23/2014,9467.04
10/24/2014,9455.03
10/27/2014,9492.26
10/28/2014,9550.09
10/29/2014,9492.18
10/30/2014,9489.72
10/31/2014,9423.83
11/3/2014,9407.16
11/4/2014,9394.07
11/5/2014,9390.03
11/6/2014,9395.85
11/7/2014,9405.94
11/10/2014,9438.2
11/11/2014,9432.73
11/12/2014,9452.99
11/13/2014,9450.18
11/14/2014,9417.27
11/17/2014,9410.44
11/18/2014,9351.4
11/19/2014,9323.78
11/20/2014,9351.05
11/21/2014,9351.61
11/24/2014,9327.5
11/25/2014,9335.72
11/26/2014,9357.33
11/27/2014,9381.87
11/28/2014,9361.98
12/1/2014,9389.21
12/2/2014,9390.51
12/3/2014,9381.09
12/4/2014,9367.57
12/5/2014,9341.95
12/8/2014,9361.26
12/9/2014,9355.08
12/10/2014,9395.24
12/11/2014,9415.28
12/12/2014,9511.51
12/15/2014,9688.03
12/16/2014,9729.01
12/17/2014,9704.07
12/18/2014,9564.19
12/19/2014,9497.62
12/22/2014,9436.09
12/23/2014,9440.99
12/24/2014,9416.36
12/25/2014,9406.32
12/26/2014,9392.05
12/29/2014,9405.97
12/30/2014,9401.01
12/31/2014,9375.48
1/1/2015,9345.05
1/2/2015,9440.75
1/5/2015,9456.19
1/6/2015,9493.81
1/7/2015,9529.27
1/8/2015,9475.77
1/9/2015,9446.61
1/12/2015,9442.44
1/13/2015,9433.28
1/14/2015,9452.29
1/15/2015,9435.06
1/16/2015,9480.05
1/19/2015,9478.36
1/20/2015,9408.52
1/21/2015,9341.37
1/22/2015,9360.73
1/23/2015,9298.82
1/26/2015,9296.77
1/27/2015,9295.16
1/28/2015,9247.21
1/29/2015,9301.3
1/30/2015,9385.79
2/2/2015,9372.3
2/3/2015,9353.38
2/4/2015,9390.3
2/5/2015,9370.35
2/6/2015,9374.94
2/9/2015,9349.77
2/10/2015,9362.35
2/11/2015,9368.27
2/12/2015,9403.01
2/13/2015,9432.94
2/16/2015,9401.81
2/17/2015,9416.24
2/18/2015,9467.33
2/19/2015,9451.4
2/20/2015,9446.88
2/23/2015,9420.39
2/24/2015,9494.39
2/25/2015,9487.57
2/26/2015,9498.49
2/27/2015,9528.05
3/2/2015,9508.38
3/3/2015,9512.51
3/4/2015,9519.02
3/5/2015,9501.67
3/6/2015,9472.77
3/9/2015,9460.88
3/10/2015,9435.57
3/11/2015,9508
3/12/2015,9541.85
3/13/2015,9531.5
3/16/2015,9525.15
3/17/2015,9499.3
3/18/2015,9476.6
3/19/2015,9427.88
3/20/2015,9454.08
3/23/2015,9445.92
3/24/2015,9463.78
3/25/2015,9494.71
3/26/2015,9540.11
3/27/2015,9518.38
3/30/2015,9511.65
3/31/2015,9504
4/1/2015,9531.91
4/2/2015,9569.52
4/3/2015,9598.6
4/6/2015,9581.65
4/7/2015,9568.5
4/8/2015,9551.25
4/9/2015,9514.94
4/10/2015,9480.67
4/13/2015,9479.89
4/14/2015,9524.66
4/15/2015,9486.7
4/16/2015,9496.37
4/17/2015,9552.19
4/20/2015,9578
4/21/2015,9589.81
4/22/2015,9583.21
4/23/2015,9619.74
4/24/2015,9672.93
4/27/2015,9737.58
4/28/2015,9796.59
4/29/2015,9795.64
4/30/2015,9800.86
5/1/2015,9779.07
5/4/2015,9747.88
5/5/2015,9772.43
5/6/2015,9812.9
5/7/2015,9884.2
5/8/2015,9856.37
5/11/2015,9857.63
5/12/2015,9881.58
5/13/2015,9859.92
5/14/2015,9886.69
5/15/2015,9880.46
5/18/2015,9933.45
5/19/2015,9838.72
5/20/2015,9853.38
5/21/2015,9832.41
5/22/2015,9892.3
5/25/2015,9828.22
5/26/2015,9803.99
5/27/2015,9784.26
5/28/2015,9795.68
5/29/2015,9807.49
6/1/2015,9781.55
6/2/2015,9738.39
6/3/2015,9811.67
6/4/2015,9882.95
6/5/2015,9855.22
6/8/2015,9828.67
6/9/2015,9834.83
6/10/2015,9911.78
6/11/2015,9884.56
6/12/2015,9868.72
6/15/2015,9888.64
6/16/2015,9915.66
6/17/2015,9912.1
6/18/2015,9998.97
6/19/2015,9968.39
6/22/2015,9984.09
6/23/2015,9910.58
6/24/2015,9910.13
6/25/2015,9924.18
6/26/2015,9892.43
6/29/2015,9882.63
6/30/2015,9914.81
7/1/2015,9891.99
7/2/2015,9861.85
7/3/2015,9876.94
7/6/2015,9890.4
7/7/2015,9826.65
7/8/2015,9850.27
7/9/2015,9868.19
7/10/2015,9861.85
7/13/2015,9823.94
7/14/2015,9801.82
7/15/2015,9791.37
7/16/2015,9769.17
7/17/2015,9782.04
7/20/2015,9761.41
7/21/2015,9774.86
7/22/2015,9809.63
7/23/2015,9825.02
7/24/2015,9812.51
7/27/2015,9837.23
7/28/2015,9854.61
7/29/2015,9859.62
7/30/2015,9811.67
7/31/2015,9830.89
8/3/2015,9804.54
8/4/2015,9783.54
8/5/2015,9764.23
8/6/2015,9766.8
8/7/2015,9765.4
8/10/2015,9768.46
8/11/2015,9719.73
8/12/2015,9780.2
8/13/2015,9857.92
8/14/2015,9824.54
8/17/2015,9807.72
8/18/2015,9827.13
8/19/2015,9861.92
8/20/2015,9876.79
8/21/2015,9902.51
8/24/2015,9939.12
8/25/2015,10044.08
8/26/2015,10089.16
8/27/2015,9998.98
8/28/2015,9959.86
8/31/2015,9959.49
9/1/2015,10004.96
9/2/2015,9999.42
9/3/2015,10004.38
9/4/2015,10005.35
9/7/2015,10001.16
9/8/2015,10040.65
9/9/2015,10068.86
9/10/2015,10119.48
9/11/2015,10133.89
9/14/2015,10191.79
9/15/2015,10287.3
9/16/2015,10326.83
9/17/2015,10334.3
9/18/2015,10336.12
9/21/2015,10287.53
9/22/2015,10279.06
9/23/2015,10296.37
9/24/2015,10294.91
9/25/2015,10317.56
9/28/2015,10282.02
9/29/2015,10279.33
9/30/2015,10297.31
10/1/2015,10281.33
10/2/2015,10209.8
10/5/2015,10163.5
10/6/2015,9983
10/7/2015,9777.04
10/8/2015,9835.5
10/9/2015,9608.44
10/12/2015,9605.86
10/13/2015,9738.66
10/14/2015,9814.54
10/15/2015,9725.2
10/16/2015,9785.43
10/19/2015,9771.68
10/20/2015,9834.82
10/21/2015,9858.47
10/22/2015,9798.58
10/23/2015,9806.34
10/26/2015,9795.13
10/27/2015,9783.61
10/28/2015,9649.87
10/29/2015,9716.09
10/30/2015,9766.73
11/2/2015,9748.9
11/3/2015,9705.2
11/4/2015,9691.56
11/5/2015,9644.69
11/6/2015,9633.29
11/9/2015,9578.7
11/10/2015,9581.52
11/11/2015,9571.81
11/12/2015,9585.38
11/13/2015,9629.75
11/16/2015,9669.36
11/17/2015,9653.9
11/18/2015,9705.19
11/19/2015,9724.92
11/20/2015,9643.29
11/23/2015,9670.92
11/24/2015,9692.61
11/25/2015,9752.73
11/26/2015,9754.08
11/27/2015,9788.96
11/30/2015,9801.78
12/1/2015,9777.8
12/2/2015,9786.86
12/3/2015,9813.09
12/4/2015,9900.87
12/7/2015,9871.51
12/8/2015,9862.67
12/9/2015,9970.67
12/10/2015,9935.28
12/11/2015,9973.02
12/14/2015,10001.24
12/15/2015,9970.08
12/16/2015,9977.74
12/17/2015,9908.85
12/18/2015,9854.03
12/21/2015,9778.22
12/22/2015,9746.94
12/23/2015,9713.41
12/24/2015,9695.99
12/25/2015,9693.05
12/28/2015,9712.77
12/29/2015,9733.36
12/30/2015,9754.79
12/31/2015,9765.42
1/1/2016,9799.04
1/4/2016,9795.36
1/5/2016,9732.65
1/6/2016,9716.84
1/7/2016,9694.58
1/8/2016,9687.93
1/11/2016,9645.02
1/12/2016,9665.05
1/13/2016,9644.2
1/14/2016,9662.8
1/15/2016,9652.31
1/18/2016,9663.61
1/19/2016,9658.92
1/20/2016,9699.03
1/21/2016,9670.93
1/22/2016,9701.81
1/25/2016,9689.58
1/26/2016,9703.8
1/27/2016,9717.44
1/28/2016,9730.53
1/29/2016,9677.82
2/1/2016,9573.54
2/2/2016,9609.95
2/3/2016,9626.47
2/4/2016,9678.14
2/5/2016,9740.13
2/8/2016,9714.23
2/9/2016,9713.26
2/10/2016,9668.94
2/11/2016,9692.65
2/12/2016,9665.77
2/15/2016,9566.13
2/16/2016,9551.61
2/17/2016,9599.42
2/18/2016,9614.22
2/19/2016,9618.72
2/22/2016,9585.39
2/23/2016,9556.26
2/24/2016,9554.22
2/25/2016,9544.58
2/26/2016,9565.73
2/29/2016,9520.25
3/1/2016,9518.05
3/2/2016,9482.24
3/3/2016,9495.56
3/4/2016,9489.96
3/7/2016,9456.67
3/8/2016,9502.47
3/9/2016,9500.98
3/10/2016,9458.81
3/11/2016,9492.73
3/14/2016,9505.45
3/15/2016,9553.67
3/16/2016,9613.21
3/17/2016,9617.3
3/18/2016,9655.88
3/21/2016,9676.8
3/22/2016,9684.27
3/23/2016,9655.89
3/24/2016,9672.45
3/25/2016,9669.44
3/28/2016,9754.01
3/29/2016,9788.43
3/30/2016,9814.16
3/31/2016,9844.71
4/1/2016,9764.3
4/4/2016,9744.33
4/5/2016,9749.83
4/6/2016,9767.05
4/7/2016,9757.69
4/8/2016,9738.52
4/11/2016,9759.34
4/12/2016,9749.97
4/13/2016,9760.52
4/14/2016,9664.88
4/15/2016,9689.68
4/18/2016,9709.26
4/19/2016,9764.11
4/20/2016,9813.3
4/21/2016,9763.99
4/22/2016,9772.78
4/25/2016,9754
4/26/2016,9770.74
4/27/2016,9782.43
4/28/2016,9818.4
4/29/2016,9806.93
5/2/2016,9797.24
5/3/2016,9817.91
5/4/2016,9784.07
5/5/2016,9833.77
5/6/2016,9825.07
5/9/2016,9763.17
5/10/2016,9714.17
5/11/2016,9716.25
5/12/2016,9709.94
5/13/2016,9720.49
5/16/2016,9722.22
5/17/2016,9712.43
5/18/2016,9723.58
5/19/2016,9836.82
5/20/2016,9854.6
5/23/2016,9841.84
5/24/2016,9860.39
5/25/2016,9885.88
5/26/2016,9861.69
5/27/2016,9876.67
5/30/2016,9876.97
5/31/2016,9884.76
6/1/2016,9910.21
6/2/2016,9919.08
6/3/2016,9878.92
6/6/2016,9839.56
6/7/2016,9801.84
6/8/2016,9810.36
6/9/2016,9835.53
6/10/2016,9800.04
6/13/2016,9798.21
6/14/2016,9878.78
6/15/2016,9857.42
6/16/2016,9899.18
6/17/2016,9877.42
6/20/2016,9875.02
6/21/2016,9882.07
6/22/2016,9896.22
6/23/2016,9915.02
6/24/2016,9893.46
6/27/2016,9850.95
6/28/2016,9725.07
6/29/2016,9752.85
6/30/2016,9788.26
7/1/2016,9754.37
7/4/2016,9749.93
7/5/2016,9767.53
7/6/2016,9752.09
7/7/2016,9763.5
7/8/2016,9774.04
7/11/2016,9712.82
7/12/2016,9733.5
7/13/2016,9708.66
7/14/2016,9713.46
7/15/2016,9741.75
7/18/2016,9705.46
7/19/2016,9687.27
7/20/2016,9653.5
7/21/2016,9668.01
7/22/2016,9665.31
7/25/2016,9652.14
7/26/2016,9705.81
7/27/2016,9678.5
7/28/2016,9704.67
7/29/2016,9696.65
8/1/2016,9742.52
8/2/2016,9763.52
8/3/2016,9785.47
8/4/2016,9783.86
8/5/2016,9785.11
8/8/2016,9736.82
8/9/2016,9741.37
8/10/2016,9770.64
8/11/2016,9753.32
8/12/2016,9742.86
8/15/2016,9752
8/16/2016,9762.28
8/17/2016,9775.84
8/18/2016,9789.42
8/19/2016,9782.36
8/22/2016,9782.03
8/23/2016,9795.76
8/24/2016,9798.28
8/25/2016,9786.51
8/26/2016,9773.19
8/29/2016,9746.47
8/30/2016,9741.83
8/31/2016,9736.85
9/1/2016,9736.35
9/2/2016,9738.09
9/5/2016,9692.16
9/6/2016,9672.46
9/7/2016,9705.4
9/8/2016,9705.33
9/9/2016,9680.93
9/12/2016,9716.44
9/13/2016,9687.71
9/14/2016,9672.14
9/15/2016,9632.5
9/16/2016,9645.97
9/19/2016,9643.11
9/20/2016,9647.75
9/21/2016,9649.59
9/22/2016,9651.24
9/23/2016,9618.75
9/26/2016,9577.95
9/27/2016,9517.12
9/28/2016,9509.02
9/29/2016,9517.8
9/30/2016,9554.51
10/3/2016,9509.63
10/4/2016,9483.41
10/5/2016,9489.16
10/6/2016,9470.95
10/7/2016,9450.93
10/10/2016,9444.1
10/11/2016,9442.82
10/12/2016,9418.04
10/13/2016,9435.38
10/14/2016,9387.57
10/17/2016,9398.54
10/18/2016,9394.07
10/19/2016,9382.08
10/20/2016,9360.97
10/21/2016,9368.32
10/24/2016,9348.03
10/25/2016,9348.06
10/26/2016,9370.3
10/27/2016,9355.04
10/28/2016,9363.71
10/31/2016,9368
11/1/2016,9380.87
11/2/2016,9413.84
11/3/2016,9440.45
11/4/2016,9431.69
11/7/2016,9410.36
11/8/2016,9416.51
11/9/2016,9424.22
11/10/2016,9379.92
11/11/2016,9452.35
11/14/2016,9487.58
11/15/2016,9472.39
11/16/2016,9443.52
11/17/2016,9448.05
11/18/2016,9425.16
11/21/2016,9403.37
11/22/2016,9448.02
11/23/2016,9461.25
11/24/2016,9458.16
11/25/2016,9469.18
11/28/2016,9487.04
11/29/2016,9498.18
11/30/2016,9511.97
12/1/2016,9478.1
12/2/2016,9490.03
12/5/2016,9446.2
12/6/2016,9423.05
12/7/2016,9371.71
12/8/2016,9379.66
12/9/2016,9352.06
12/12/2016,9311.43
12/13/2016,9338.73
12/14/2016,9331.89
12/15/2016,9310.55
12/16/2016,9283.73
12/19/2016,9257.6
12/20/2016,9288.26
12/21/2016,9314.61
12/22/2016,9310.68
12/23/2016,9295.64
12/26/2016,9280.38
12/27/2016,9283.06
12/28/2016,9278.96
12/29/2016,9296.81
12/30/2016,9310.86
1/2/2017,9308.05
1/3/2017,9301.54
1/4/2017,9290.35
1/5/2017,9331.11
1/6/2017,9324.89
1/9/2017,9269.27
1/10/2017,9263.04
1/11/2017,9277.48
1/12/2017,9315.7
1/13/2017,9340.27
1/16/2017,9338.62
1/17/2017,9373.25
1/18/2017,9389.19
1/19/2017,9371.7
1/20/2017,9400.39
1/23/2017,9418.68
1/24/2017,9385.95
1/25/2017,9402.01
1/26/2017,9405.6
1/27/2017,9349.06
1/30/2017,9358.29
1/31/2017,9415.49
2/1/2017,9462.27
2/2/2017,9478.89
2/3/2017,9436.35
2/6/2017,9447.13
2/7/2017,9407.59
2/8/2017,9400.05
2/9/2017,9391.75
2/10/2017,9368.18
2/13/2017,9378.38
2/14/2017,9400.02
2/15/2017,9359.99
2/16/2017,9392.87
2/17/2017,9416.57
2/20/2017,9418.49
2/21/2017,9409.03
2/22/2017,9422.08
2/23/2017,9442.29
2/24/2017,9479.59
2/27/2017,9487.93
2/28/2017,9512.26
3/1/2017,9486.69
3/2/2017,9468.42
3/3/2017,9460.79
3/6/2017,9471.37
3/7/2017,9463.35
3/8/2017,9445.49
3/9/2017,9424.45
3/10/2017,9435.3
3/13/2017,9458.29
3/14/2017,9451.81
3/15/2017,9457.81
3/16/2017,9497.76
3/17/2017,9512.27
3/20/2017,9523.74
3/21/2017,9521.77
3/22/2017,9516.7
3/23/2017,9520.82
3/24/2017,9515.07
3/27/2017,9551.84
3/28/2017,9550.43
3/29/2017,9538.6
3/30/2017,9547.67
3/31/2017,9532.12
4/3/2017,9534.49
4/4/2017,9525.93
4/5/2017,9520.29
4/6/2017,9506.6
4/7/2017,9499.36
4/10/2017,9447.24
4/11/2017,9453.5
4/12/2017,9476.2
4/13/2017,9496.42
4/14/2017,9498.38
4/17/2017,9518.88
4/18/2017,9506
4/19/2017,9528.26
4/20/2017,9536.33
4/21/2017,9530.72
4/24/2017,9539.46
4/25/2017,9538.24
4/26/2017,9528.34
4/27/2017,9532.47
4/28/2017,9552.16
5/1/2017,9541.9
5/2/2017,9545.42
5/3/2017,9540.55
5/4/2017,9532.19
5/5/2017,9499.11
5/8/2017,9468.24
5/9/2017,9482.85
5/10/2017,9474.32
5/11/2017,9478.22
5/12/2017,9475.59
5/15/2017,9498.14
5/16/2017,9514.63
5/17/2017,9549.44
5/18/2017,9600.83
5/19/2017,9587.03
5/22/2017,9582.91
5/23/2017,9589.13
5/24/2017,9582.76
5/25/2017,9595.97
5/26/2017,9606.74
5/29/2017,9620.86
5/30/2017,9605.65
5/31/2017,9622.33
6/1/2017,9612.6
6/2/2017,9597.77
6/5/2017,9631.75
6/6/2017,9628.05
6/7/2017,9637.71
6/8/2017,9620.98
6/9/2017,9604.13
6/12/2017,9612.48
6/13/2017,9618.67
6/14/2017,9630.3
6/15/2017,9637.63
6/16/2017,9606.79
6/19/2017,9606.1
6/20/2017,9585.38
6/21/2017,9572.57
6/22/2017,9586.19
6/23/2017,9600.98
6/26/2017,9583.99
6/27/2017,9599.1
6/28/2017,9622.17
6/29/2017,9661.76
6/30/2017,9694.7
7/3/2017,9682.11
7/4/2017,9670.74
7/5/2017,9660.88
7/6/2017,9681.37
7/7/2017,9692.46
7/10/2017,9680.61
7/11/2017,9672.06
7/12/2017,9677.89
7/13/2017,9692.83
7/14/2017,9708.19
7/17/2017,9724.08
7/18/2017,9726.61
7/19/2017,9726.7
7/20/2017,9726.82
7/21/2017,9757.62
7/24/2017,9783.15
7/25/2017,9788.22
7/26/2017,9782.18
7/27/2017,9811.63
7/28/2017,9802.81
7/31/2017,9819.45
8/1/2017,9819.26
8/2/2017,9806.43
8/3/2017,9799.79
8/4/2017,9817.89
8/7/2017,9777.6
8/8/2017,9773.93
8/9/2017,9784.97
8/10/2017,9775.66
8/11/2017,9793.65
8/14/2017,9803.92
8/15/2017,9789
8/16/2017,9783.28
8/17/2017,9798.28
8/18/2017,9799.06
8/21/2017,9793.18
8/22/2017,9801.23
8/23/2017,9795.85
8/24/2017,9797.37
8/25/2017,9809.64
8/28/2017,9841.36
8/29/2017,9869.79
8/30/2017,9833.84
8/31/2017,9817.51
9/1/2017,9815.94
9/4/2017,9834.13
9/5/2017,9837.69
9/6/2017,9866.11
9/7/2017,9886.6
9/8/2017,9872.21
9/11/2017,9804.8
9/12/2017,9806.82
9/13/2017,9813.41
9/14/2017,9809.74
9/15/2017,9839.45
9/18/2017,9841.79
9/19/2017,9841.23
9/20/2017,9870.65
9/21/2017,9830.48
9/22/2017,9871.53
9/25/2017,9877.64
9/26/2017,9883.02
9/27/2017,9883.26
9/28/2017,9911.51
9/29/2017,9915.87
10/2/2017,9941.98
10/3/2017,9927.21
10/4/2017,9903
10/5/2017,9885.2
10/6/2017,9884.15
10/9/2017,9905.2
10/10/2017,9945.32
10/11/2017,9962.41
10/12/2017,9977
10/13/2017,9963.14
10/16/2017,9967.03
10/17/2017,9960.91
10/18/2017,9957.69
10/19/2017,9956.54
10/20/2017,9936.34
10/23/2017,9937.81
10/24/2017,9936.44
10/25/2017,9958.64
10/26/2017,9986.77
10/27/2017,9945.23
10/30/2017,9956.47
10/31/2017,9957.63
11/1/2017,9981.63
11/2/2017,9961.05
11/3/2017,9915.82
11/6/2017,9909.87
11/7/2017,9904.29
11/8/2017,9915.65
11/9/2017,9926.57
11/10/2017,9944.71
11/13/2017,9955.34
11/14/2017,9947.31
11/15/2017,9974.21
11/16/2017,9981.1
11/17/2017,9964.59
11/20/2017,9979.34
11/21/2017,9975.66
11/22/2017,10002.22
11/23/2017,10031.93
11/24/2017,10024.49
11/27/2017,10045.03
11/28/2017,10038.64
11/29/2017,10039.27
11/30/2017,10024.97
12/1/2017,10047.25
12/4/2017,10032.64
12/5/2017,10034.14
12/6/2017,10049.33
12/7/2017,10041.11
12/8/2017,10012.56
12/11/2017,10027.38
12/12/2017,10046.22
12/13/2017,10047.3
12/14/2017,10068.99
12/15/2017,10076.49
12/18/2017,10072.67
12/19/2017,10074.98
12/20/2017,10089.92
12/21/2017,10078.79
12/22/2017,10080.07
12/25/2017,10077.64
12/26/2017,10081.41
12/27/2017,10106.6
12/28/2017,10131.72
12/29/2017,10145.21
1/1/2018,10118.58
1/2/2018,10157.47
1/3/2018,10137.15
1/4/2018,10096.79
1/5/2018,10106.98
1/8/2018,10086.16
1/9/2018,10065.93
1/10/2018,10064.46
1/11/2018,10039.01
1/12/2018,10053.64
1/15/2018,10089.31
1/16/2018,10080.11
1/17/2018,10089.89
1/18/2018,10082.34
1/19/2018,10100.14
1/22/2018,10110.59
1/23/2018,10097.73
1/24/2018,10143.25
1/25/2018,10166.78
1/26/2018,10196.05
1/29/2018,10207.89
1/30/2018,10222.33
1/31/2018,10228.51
2/1/2018,10220.59
2/2/2018,10250.16
2/5/2018,10258.75
2/6/2018,10255.21
2/7/2018,10289.16
2/8/2018,10237.02
2/9/2018,10239.67
2/12/2018,10289.28
2/13/2018,10319.01
2/14/2018,10321.85
2/15/2018,10330.5
2/16/2018,10346.17
2/19/2018,10334.51
2/20/2018,10321.42
2/21/2018,10303.77
2/22/2018,10332.46
2/23/2018,10341.28
2/26/2018,10374.95
2/27/2018,10374.99
2/28/2018,10375.64
3/1/2018,10376.46
3/2/2018,10420.86
3/5/2018,10431.26
3/6/2018,10438.74
3/7/2018,10465.29
3/8/2018,10497.87
3/9/2018,10461.42
3/12/2018,10471.6
3/13/2018,10468.21
3/14/2018,10481.5
3/15/2018,10492.29
3/16/2018,10476.92
3/19/2018,10443.06
3/20/2018,10446.88
3/21/2018,10438.57
3/22/2018,10472.87
3/23/2018,10476.08
3/26/2018,10483.86
3/27/2018,10501.99
3/28/2018,10514.98
3/29/2018,10486.8
3/30/2018,10482.95
4/2/2018,10496.95
4/3/2018,10507.67
4/4/2018,10482.13
4/5/2018,10473.83
4/6/2018,10448.96
4/9/2018,10476.59
4/10/2018,10495.31
4/11/2018,10508.76
4/12/2018,10505.49
4/13/2018,10486.53
4/16/2018,10502.74
4/17/2018,10515.28
4/18/2018,10501.08
4/19/2018,10525.21
4/20/2018,10578.86
4/23/2018,10573.3
4/24/2018,10498.51
4/25/2018,10494.79
4/26/2018,10463.85
4/27/2018,10462.13
4/30/2018,10501.92
5/1/2018,10480.23
5/2/2018,10450.88
5/3/2018,10460.29
5/4/2018,10462.88
5/7/2018,10476.32
5/8/2018,10501.47
5/9/2018,10490.18
5/10/2018,10496.5
5/11/2018,10454.19
5/14/2018,10489.65
5/15/2018,10495.24
5/16/2018,10503.86
5/17/2018,10477.18
5/18/2018,10542.62
5/21/2018,10547.43
5/22/2018,10567.62
5/23/2018,10565.13
5/24/2018,10540.63
5/25/2018,10544.62
5/28/2018,10443.66
5/29/2018,10425.42
5/30/2018,10421.23
5/31/2018,10397.79
6/1/2018,10384.45
6/4/2018,10393.46
6/5/2018,10401.33
6/6/2018,10390.76
6/7/2018,10418.12
6/8/2018,10427.56
6/11/2018,10447.86
6/12/2018,10464.37
6/13/2018,10461.05
6/14/2018,10448.85
6/15/2018,10389.9
6/18/2018,10373.22
6/19/2018,10330.26
6/20/2018,10318.01
6/21/2018,10345.46
6/22/2018,10388.09
6/25/2018,10390.75
6/26/2018,10422.36
6/27/2018,10415.41
6/28/2018,10517.83
6/29/2018,10494.57
7/2/2018,10527.43
7/3/2018,10530.66
7/4/2018,10525.36
7/5/2018,10551.95
7/6/2018,10568.7
7/9/2018,10581.95
7/10/2018,10592.25
7/11/2018,10573.36
7/12/2018,10562.4
7/13/2018,10518.39
7/16/2018,10559.85
7/17/2018,10573.31
7/18/2018,10534.21
7/19/2018,10566.17
7/20/2018,10600.29
7/23/2018,10624.72
7/24/2018,10642.9
7/25/2018,10623.61
7/26/2018,10620.68
7/27/2018,10575.16
7/30/2018,10579.25
7/31/2018,10590
8/1/2018,10600.58
8/2/2018,10599.47
8/3/2018,10582.42
8/6/2018,10585.81
8/7/2018,10574.93
8/8/2018,10585.63
8/9/2018,10575.05
8/10/2018,10558.19
8/13/2018,10615.91
8/14/2018,10608.77
8/15/2018,10579.71
8/16/2018,10618.5
8/17/2018,10622.96
8/20/2018,10635.8
8/21/2018,10671.65
8/22/2018,10680.08
8/23/2018,10679.27
8/24/2018,10677.68
8/27/2018,10704.17
8/28/2018,10732.88
8/29/2018,10738.6
8/30/2018,10772.83
8/31/2018,10761.25
9/3/2018,10814.91
9/4/2018,10850.35
9/5/2018,10834.88
9/6/2018,10830.64
9/7/2018,10793.16
9/10/2018,10769.83
9/11/2018,10790.79
9/12/2018,10777.8
9/13/2018,10808.98
9/14/2018,10812.93
9/17/2018,10831.15
9/18/2018,10840.57
9/19/2018,10864.38
9/20/2018,10851.05
9/21/2018,10871.54
9/24/2018,10894.15
9/25/2018,10921.1
9/26/2018,10923.52
9/27/2018,10925.34
9/28/2018,10898.14
10/1/2018,10879.63
10/2/2018,10929.51
10/3/2018,10966.75
10/4/2018,10989.94
10/5/2018,10985.57
10/8/2018,10980.08
10/9/2018,10996.76
10/10/2018,10992.26
10/11/2018,11028.05
10/12/2018,11039.71
10/15/2018,11047.78
10/16/2018,11041.07
10/17/2018,11031.14
10/18/2018,11026.13
10/19/2018,11010.62
10/22/2018,11027.83
10/23/2018,11019.21
10/24/2018,11019.03
10/25/2018,11005.79
10/26/2018,11007.7
10/29/2018,11007.91
10/30/2018,11002.46
10/31/2018,10975.83
11/1/2018,10958.13
11/2/2018,10889.4
11/5/2018,10880.75
11/6/2018,10777.83
11/7/2018,10645.01
11/8/2018,10609.5
11/9/2018,10657.81
11/12/2018,10712.22
11/13/2018,10705.05
11/14/2018,10706.13
11/15/2018,10656.54
11/16/2018,10617.43
11/19/2018,10627.12
11/20/2018,10630.86
11/21/2018,10630.13
11/22/2018,10616.37
11/23/2018,10575.31
11/26/2018,10540.41
11/27/2018,10552.26
11/28/2018,10543.87
11/29/2018,10488.86
11/30/2018,10435.66
12/3/2018,10427.13
12/4/2018,10476.88
12/5/2018,10527.28
12/6/2018,10595.12
12/7/2018,10573.16
12/10/2018,10617.81
12/11/2018,10640.66
12/12/2018,10626.02
12/13/2018,10581.23
12/14/2018,10600.22
12/17/2018,10607.33
12/18/2018,10577.28
12/19/2018,10546.8
12/20/2018,10579.13
12/21/2018,10630.29
12/24/2018,10596.52
12/25/2018,10604.61
12/26/2018,10632.64
12/27/2018,10606.55
12/28/2018,10647.87
12/31/2018,10555.21
1/1/2019,10587.07
1/2/2019,10604.9
1/3/2019,10558.25
1/4/2019,10477.84
1/7/2019,10380.14
1/8/2019,10412.03
1/9/2019,10412.14
1/10/2019,10396.36
1/11/2019,10397.51
1/14/2019,10431.49
1/15/2019,10425.88
1/16/2019,10431.21
1/17/2019,10460.21
1/18/2019,10462.42
1/21/2019,10468.09
1/22/2019,10452.57
1/23/2019,10436
1/24/2019,10413.39
1/25/2019,10378.62
1/28/2019,10394.43
1/29/2019,10427.57
1/30/2019,10464.29
1/31/2019,10380.97
2/1/2019,10338.91
2/4/2019,10318.71
2/5/2019,10319.46
2/6/2019,10283.76
2/7/2019,10304.21
2/8/2019,10297.31
2/11/2019,10340.26
2/12/2019,10348.25
2/13/2019,10373.01
2/14/2019,10365.99
2/15/2019,10415.5
2/18/2019,10404.24
2/19/2019,10397.88
2/20/2019,10385.47
2/21/2019,10402.26
2/22/2019,10395.61
2/25/2019,10382.25
2/26/2019,10365.06
2/27/2019,10411.93
2/28/2019,10432.34
3/1/2019,10439.04
3/4/2019,10432.08
3/5/2019,10425.19
3/6/2019,10417.64
3/7/2019,10420.7
3/8/2019,10525.17
3/11/2019,10519.32
3/12/2019,10519.29
3/13/2019,10520.11
3/14/2019,10536.4
3/15/2019,10529.66
3/18/2019,10530.93
3/19/2019,10533.64
3/20/2019,10497.55
3/21/2019,10491.03
3/22/2019,10482.73
3/25/2019,10497.1
3/26/2019,10496.5
3/27/2019,10494.36
3/28/2019,10513.84
3/29/2019,10508.97
4/1/2019,10510.62
4/2/2019,10492.8
4/3/2019,10506.19
4/4/2019,10471.32
4/5/2019,10439.65
4/8/2019,10446.96
4/9/2019,10447.64
4/10/2019,10462.37
4/11/2019,10448.51
4/12/2019,10416.3
4/15/2019,10400.25
4/16/2019,10409.13
4/17/2019,10359.28
4/18/2019,10366.05
4/19/2019,10362.46
4/22/2019,10376.17
4/23/2019,10375.52
4/24/2019,10377.65
4/25/2019,10399.42
4/26/2019,10416.88
4/29/2019,10436.48
4/30/2019,10474.09
5/1/2019,10487.19
5/2/2019,10470.44
5/3/2019,10464.9
5/6/2019,10483.12
5/7/2019,10485.24
5/8/2019,10502.19
5/9/2019,10524.84
5/10/2019,10515.35
5/13/2019,10540.51
5/14/2019,10546.6
5/15/2019,10571.29
5/16/2019,10561.47
5/17/2019,10507.18
5/20/2019,10508.14
5/21/2019,10505.04
5/22/2019,10531.04
5/23/2019,10472.77
5/24/2019,10448.96
5/27/2019,10462.02
5/28/2019,10434.39
5/29/2019,10419.34
5/30/2019,10438.02
5/31/2019,10361.52
6/3/2019,10400.05
6/4/2019,10405.39
6/5/2019,10430.15
6/6/2019,10430.65
6/7/2019,10428.42
6/10/2019,10422.73
6/11/2019,10429.43
6/12/2019,10439.74
6/13/2019,10445.51
6/14/2019,10477.27
6/17/2019,10456.75
6/18/2019,10443.79
6/19/2019,10431.56
6/20/2019,10450.74
6/21/2019,10430.06
6/24/2019,10443.55
6/25/2019,10437.64
6/26/2019,10464.67
6/27/2019,10437.28
6/28/2019,10444.97
7/1/2019,10421.63
7/2/2019,10427.03
7/3/2019,10416.77
7/4/2019,10421.65
7/5/2019,10378.41
7/8/2019,10376.93
7/9/2019,10372.13
7/10/2019,10382.6
7/11/2019,10379.77
7/12/2019,10311.84
7/15/2019,10261.76
7/16/2019,10268.48
7/17/2019,10273.32
7/18/2019,10267.95
7/19/2019,10258.01
7/22/2019,10251.15
7/23/2019,10251.63
7/24/2019,10256.01
7/25/2019,10234.44
7/26/2019,10232.56
7/29/2019,10222.2
7/30/2019,10236.02
7/31/2019,10238.92
8/1/2019,10264.04
8/2/2019,10299.52
8/5/2019,10315.5
8/6/2019,10332.06
8/7/2019,10282.25
8/8/2019,10279.82
8/9/2019,10266.78
8/12/2019,10262.69
8/13/2019,10314.79
8/14/2019,10278.04
8/15/2019,10272.01
8/16/2019,10259.24
8/19/2019,10278.71
8/20/2019,10291.93
8/21/2019,10291.1
8/22/2019,10274.63
8/23/2019,10249.52
8/26/2019,10265.89
8/27/2019,10262.72
8/28/2019,10264
8/29/2019,10256.35
8/30/2019,10221.38
9/2/2019,10206.96
9/3/2019,10213.13
9/4/2019,10210.08
9/5/2019,10222.82
9/6/2019,10197.67
9/9/2019,10171.37
9/10/2019,10183.14
9/11/2019,10192.05
9/12/2019,10175.59
9/13/2019,10168.84
9/16/2019,10224.48
9/17/2019,10236.02
9/18/2019,10228.75
9/19/2019,10207.19
9/20/2019,10222.67
9/23/2019,10219.11
9/24/2019,10251.58
9/25/2019,10271.42
9/26/2019,10265.52
9/27/2019,10252.34
9/30/2019,10266.48
10/1/2019,10253.99
10/2/2019,10245.51
10/3/2019,10254.18
10/4/2019,10252.33
10/7/2019,10249
10/8/2019,10264.19
10/9/2019,10263.25
10/10/2019,10267.77
10/11/2019,10282.45
10/14/2019,10325.1
10/15/2019,10336.05
10/16/2019,10326.39
10/17/2019,10356.37
10/18/2019,10357.53
10/21/2019,10345.65
10/22/2019,10307.3
10/23/2019,10294.33
10/24/2019,10314.68
10/25/2019,10298.08
10/28/2019,10293.47
10/29/2019,10295.75
10/30/2019,10295.51
10/31/2019,10324.46
11/1/2019,10335.92
11/4/2019,10326.42
11/5/2019,10295.43
11/6/2019,10323.03
11/7/2019,10309.96
11/8/2019,10310.13
11/11/2019,10334.11
11/12/2019,10328.71
11/13/2019,10335.93
11/14/2019,10337.96
11/15/2019,10337.2
11/18/2019,10349.63
11/19/2019,10355.08
11/20/2019,10350.69
11/21/2019,10349.75
11/22/2019,10346.12
11/25/2019,10321.43
11/26/2019,10314.33
11/27/2019,10317.58
11/28/2019,10317.64
11/29/2019,10324.37
12/2/2019,10319.93
12/3/2019,10339.16
12/4/2019,10336.82
12/5/2019,10331.68
12/6/2019,10321.49
12/9/2019,10298.93
12/10/2019,10307.24
12/11/2019,10323.22
12/12/2019,10340.72
12/13/2019,10351.58
12/16/2019,10332.67
12/17/2019,10322.39
12/18/2019,10311.84
12/19/2019,10319.11
12/20/2019,10310.82
12/23/2019,10308.74
12/24/2019,10311.18
12/25/2019,10308.28
12/26/2019,10303.79
12/27/2019,10309.63
12/30/2019,10316.91
12/31/2019,10308.62
1/1/2020,10302.46
1/2/2020,10315.09
1/3/2020,10321.44
1/6/2020,10325
1/7/2020,10296.96
1/8/2020,10293.69
1/9/2020,10255.27
1/10/2020,10196.22
1/13/2020,10152.85
1/14/2020,10149.72
1/15/2020,10159.75
1/16/2020,10135.02
1/17/2020,10140.23
1/20/2020,10118.58
1/21/2020,10121.67
1/22/2020,10113.5
1/23/2020,10103.58
1/24/2020,10057.06
1/27/2020,10045.9
1/28/2020,10040.9
1/29/2020,10029.1
1/30/2020,10016.94
1/31/2020,10032.58
2/3/2020,10044.88
2/4/2020,10007.13
2/5/2020,9913.13
2/6/2020,9850.47
2/7/2020,9857.59
2/10/2020,9872.02
2/11/2020,9852.13
2/12/2020,9864.34
2/13/2020,9867.66
2/14/2020,9850.84
2/17/2020,9824.99
2/18/2020,9830.16
2/19/2020,9846.88
2/20/2020,9821.94
2/21/2020,9830.74
2/24/2020,9896.83
2/25/2020,9934.97
2/26/2020,9976.63
2/27/2020,10068.87
2/28/2020,10286.78
3/2/2020,10270.44
3/3/2020,10248.95
3/4/2020,10191.27
3/5/2020,10220.12
3/6/2020,10308.3
3/9/2020,10402.85
3/10/2020,10332.86
3/11/2020,10323.73
3/12/2020,10378.84
3/13/2020,10482.89
3/16/2020,10516.41
3/17/2020,10665.66
3/18/2020,10668.99
3/19/2020,10986.83
3/20/2020,11059.5
3/23/2020,11380.29
3/24/2020,11372.15
3/25/2020,11303.94
3/26/2020,11331.15
3/27/2020,11256.71
3/30/2020,11457.65
3/31/2020,11465.02
4/1/2020,11565.96
4/2/2020,11533.44
4/3/2020,11459.1
4/6/2020,11447.34
4/7/2020,11339.88
4/8/2020,11361.21
4/9/2020,11139.09
4/10/2020,11119.89
4/13/2020,11063.85
4/14/2020,11062.59
4/15/2020,10940.69
4/16/2020,10982.25
4/17/2020,10864.4
4/20/2020,10853.68
4/21/2020,10900.88
4/22/2020,10845.5
4/23/2020,10829.28
4/24/2020,10878.83
4/27/2020,10904.09
4/28/2020,10885.18
4/29/2020,10825.39
4/30/2020,10610.92
5/1/2020,10675.42
5/4/2020,10689.53
5/5/2020,10659.59
5/6/2020,10641.5
5/7/2020,10644.68
5/8/2020,10575.5
5/11/2020,10532.78
5/12/2020,10513.32
5/13/2020,10474.41
5/14/2020,10483.78
5/15/2020,10453.95
5/18/2020,10430.39
5/19/2020,10427.25
5/20/2020,10389.33
5/21/2020,10385.35
5/22/2020,10395.72
5/25/2020,10368.99
5/26/2020,10405.38
5/27/2020,10397.5
5/28/2020,10385.43
5/29/2020,10356.15
6/1/2020,10343.42
6/2/2020,10267.08
6/3/2020,10111.68
6/4/2020,10064.34
6/5/2020,9961.91
6/8/2020,9992.15
6/9/2020,9986.41
6/10/2020,10115.45
6/11/2020,10127.67
6/12/2020,10193.88
6/15/2020,10166.34
6/16/2020,10153.09
6/17/2020,10124.17
6/18/2020,10145.18
6/19/2020,10131
6/22/2020,10175.27
6/23/2020,10182.9
6/24/2020,10184.07
6/25/2020,10201.94
6/26/2020,10246.68
6/29/2020,10256.44
6/30/2020,10238.47
7/1/2020,10267.56
7/2/2020,10329.74
7/3/2020,10405.91
7/6/2020,10409.19
7/7/2020,10341.5
7/8/2020,10325.31
7/9/2020,10355.98
7/10/2020,10378.11
7/13/2020,10389.72
7/14/2020,10389.53
7/15/2020,10503.86
7/16/2020,10504.31
7/17/2020,10587.27
7/20/2020,10655.87
7/21/2020,10604.14
7/22/2020,10574.11
7/23/2020,10547.21
7/24/2020,10549.39
7/27/2020,10537.15
7/28/2020,10539.98
7/29/2020,10592.14
7/30/2020,10635.07
7/31/2020,10667.49
8/3/2020,10665.58
8/4/2020,10649.9
8/5/2020,10620.44
8/6/2020,10642.07
8/7/2020,10683.65
8/10/2020,10680
8/11/2020,10711.55
8/12/2020,10768.69
8/13/2020,10793.33
8/14/2020,10806.4
8/17/2020,10823.84
8/18/2020,10872.77
8/19/2020,10831.74
8/20/2020,10781.46
8/21/2020,10792.32
8/24/2020,10709.59
8/25/2020,10693.68
8/26/2020,10729.8
8/27/2020,10738.04
8/28/2020,10748.93
8/31/2020,10706.41
9/1/2020,10734.38
9/2/2020,10828.84
9/3/2020,10842.4
9/4/2020,10810.24
9/7/2020,10797.66
9/8/2020,10790.71
9/9/2020,10797.82
9/10/2020,10866.69
9/11/2020,10906.05
9/14/2020,10896.16
9/15/2020,10909.55
9/16/2020,10932.28
9/17/2020,10908.04
9/18/2020,10866.41
9/21/2020,10824.51
9/22/2020,10841.83
9/23/2020,10853.67
9/24/2020,10842.08
9/25/2020,10825.21
9/28/2020,10846.71
9/29/2020,10879.19
9/30/2020,10873.87
10/1/2020,10880.67
10/2/2020,10901.11
10/5/2020,10868.89
10/6/2020,10840.39
10/7/2020,10831.2
10/8/2020,10835.17
10/9/2020,10836.09
10/12/2020,10844.73
10/13/2020,10840.55
10/14/2020,10841.69
10/15/2020,10805.33
10/16/2020,10827.21
10/19/2020,10834.01
10/20/2020,10799.33
10/21/2020,10805.33
10/22/2020,10811.28
10/23/2020,10811.94
10/26/2020,10773.87
10/27/2020,10753.85
10/28/2020,10748.05
10/29/2020,10725.56
10/30/2020,10715.99
11/2/2020,10711.71
11/3/2020,10705.34
11/4/2020,10669.41
11/5/2020,10602.63
11/6/2020,10552.68
11/9/2020,10473.49
11/10/2020,10436.78
11/11/2020,10449.34
11/12/2020,10506.94
11/13/2020,10508.71
11/16/2020,10492.27
11/17/2020,10463.82
11/18/2020,10497.06
11/19/2020,10516.26
11/20/2020,10547.98
11/23/2020,10546.21
11/24/2020,10551.42
11/25/2020,10534.45
11/26/2020,10526.85
11/27/2020,10535.31
11/30/2020,10566.73
12/1/2020,10554.96
12/2/2020,10552.54
12/3/2020,10583.9
12/4/2020,10586.58
12/7/2020,10542.97
12/8/2020,10568.37
12/9/2020,10557.74
12/10/2020,10546.41
12/11/2020,10531.11
12/14/2020,10574.36
12/15/2020,10588.51
12/16/2020,10634.65
12/17/2020,10647.17
12/18/2020,10651.05
12/21/2020,10593.65
12/22/2020,10662.92
12/23/2020,10665.27
12/24/2020,10679.35
12/25/2020,10679.9
12/28/2020,10662.46
12/29/2020,10646.55
12/30/2020,10598.91
12/31/2020,10629.87
1/1/2021,10629.44
1/4/2021,10600.43
1/5/2021,10553.43
1/6/2021,10551.21
1/7/2021,10551.13
1/8/2021,10585.37
1/11/2021,10639.3
1/12/2021,10626.94
1/13/2021,10615.68
1/14/2021,10593.07
1/15/2021,10559.14
1/18/2021,10554.5
1/19/2021,10575.82
1/20/2021,10583.52
1/21/2021,10580.57
1/22/2021,10589.92
1/25/2021,10573.21
1/26/2021,10596.93
1/27/2021,10602.07
1/28/2021,10556.97
1/29/2021,10550.76
2/1/2021,10528.95
2/2/2021,10540.19
2/3/2021,10507.58
2/4/2021,10502.6
2/5/2021,10496.43
2/8/2021,10482.72
2/9/2021,10534.51
2/10/2021,10559.35
2/11/2021,10550.63
2/12/2021,10523.95
2/15/2021,10517.01
2/16/2021,10530.97
2/17/2021,10560.77
2/18/2021,10570.01
2/19/2021,10623.72
2/22/2021,10654.56
2/23/2021,10672.65
2/24/2021,10671.9
2/25/2021,10693.64
2/26/2021,10749.61
3/1/2021,10707.85
3/2/2021,10748.78
3/3/2021,10708.83
3/4/2021,10706.77
3/5/2021,10687.21
3/8/2021,10651.51
3/9/2021,10706.7
3/10/2021,10699.61
3/11/2021,10749.11
3/12/2021,10685.63
3/15/2021,10709.13
3/16/2021,10704.01
3/17/2021,10710.72
3/18/2021,10738.16
3/19/2021,10735.06
3/22/2021,10738.61
3/23/2021,10733.45
3/24/2021,10718.53
3/25/2021,10711.8
3/26/2021,10706.53
3/29/2021,10720.18
3/30/2021,10751.8
3/31/2021,10807.67
4/1/2021,10787.06
4/2/2021,10809.7
4/5/2021,10792.62
4/6/2021,10819.37
4/7/2021,10819.63
4/8/2021,10841.59
4/9/2021,10861.86
4/12/2021,10879.9
4/13/2021,10887.02
4/14/2021,10926.3
4/15/2021,10950.39
4/16/2021,10920.75
4/19/2021,10927.51
4/20/2021,10920.39
4/21/2021,10923.38
4/22/2021,10930.86
4/23/2021,10937.16
4/26/2021,10928.94
4/27/2021,10919.14
4/28/2021,10932.67
4/29/2021,10891.72
4/30/2021,10879.72
5/3/2021,10847.23
5/4/2021,10804.42
5/5/2021,10796.56
5/6/2021,10717.99
5/7/2021,10729.7
5/10/2021,10719.35
5/11/2021,10700.05
5/12/2021,10692.7
5/13/2021,10634.79
5/14/2021,10642.75
5/17/2021,10693.23
5/18/2021,10734.7
5/19/2021,10733.79
5/20/2021,10783.14
5/21/2021,10781.07
5/24/2021,10788.37
5/25/2021,10808.69
5/26/2021,10822.49
5/27/2021,10792.36
5/28/2021,10796.84
5/31/2021,10804.01
6/1/2021,10800.7
6/2/2021,10783.87
6/3/2021,10785.6
6/4/2021,10763.11
6/7/2021,10776.67
6/8/2021,10769.17
6/9/2021,10771.57
6/10/2021,10754.59
6/11/2021,10723.87
6/14/2021,10702.54
6/15/2021,10726.64
6/16/2021,10737.93
6/17/2021,10723.49
6/18/2021,10714.88
6/21/2021,10724.16
6/22/2021,10693.26
6/23/2021,10724.29
6/24/2021,10739.45
6/25/2021,10751.69
6/28/2021,10758.57
6/29/2021,10773.32
6/30/2021,10781.27
7/1/2021,10773.1
7/2/2021,10754.04
7/5/2021,10756.61
7/6/2021,10764.77
7/7/2021,10745.28
7/8/2021,10743.14
7/9/2021,10725.35
7/12/2021,10726.08
7/13/2021,10698.64
7/14/2021,10680.63
7/15/2021,10707.15
7/16/2021,10711.11
7/19/2021,10668.54
7/20/2021,10616.84
7/21/2021,10639.8
7/22/2021,10643.02
7/23/2021,10659.38
7/26/2021,10648.49
7/27/2021,10654.67
7/28/2021,10662.56
7/29/2021,10697.06
7/30/2021,10699.28
8/2/2021,10667.32
8/3/2021,10617.02
8/4/2021,10609.3
8/5/2021,10618.28
8/6/2021,10623.95
8/9/2021,10588.09
8/10/2021,10587.22
8/11/2021,10578.05
8/12/2021,10596.4
8/13/2021,10593.82
8/16/2021,10601.17
8/17/2021,10578.71
8/18/2021,10567.42
8/19/2021,10555.72
8/20/2021,10598.58
8/23/2021,10604.82
8/24/2021,10604.93
8/25/2021,10638.37
8/26/2021,10652.59
8/27/2021,10668.56
8/30/2021,10676.87
8/31/2021,10614.5
9/1/2021,10608.1
9/2/2021,10619.8
9/3/2021,10625.11
9/6/2021,10598.17
9/7/2021,10578.5
9/8/2021,10589.36
9/9/2021,10608.28
9/10/2021,10610.42
9/13/2021,10613.21
9/14/2021,10613.84
9/15/2021,10618.42
9/16/2021,10611.24
9/17/2021,10571.49
9/20/2021,10530.88
9/21/2021,10540.57
9/22/2021,10536.72
9/23/2021,10561.33
9/24/2021,10552.69
9/27/2021,10526.21
9/28/2021,10524.27
9/29/2021,10528.15
9/30/2021,10518.86
10/1/2021,10532.99
10/4/2021,10506.09
10/5/2021,10500.16
10/6/2021,10471.98
10/7/2021,10471
10/8/2021,10473.5
10/11/2021,10500.34
10/12/2021,10481.98
10/13/2021,10510.06
10/14/2021,10474.86
10/15/2021,10439.87
10/18/2021,10444.27
10/19/2021,10476.47
10/20/2021,10471.46
10/21/2021,10501.16
10/22/2021,10503.9
10/25/2021,10532.86
10/26/2021,10507.65
10/27/2021,10502.03
10/28/2021,10516.44
10/29/2021,10529.53
11/1/2021,10560.17
11/2/2021,10572.8
11/3/2021,10606.04
11/4/2021,10628.35
11/5/2021,10589.93
11/8/2021,10563.2
11/9/2021,10584.73
11/10/2021,10573.82
11/11/2021,10529.02
11/12/2021,10519.02
11/15/2021,10515.71
11/16/2021,10510.68
11/17/2021,10495.95
11/18/2021,10481.07
11/19/2021,10469.42
11/22/2021,10458.88
11/23/2021,10437.77
11/24/2021,10442.67
11/25/2021,10445.63
11/26/2021,10441.56
11/29/2021,10462.38
11/30/2021,10475.48
12/1/2021,10514.78
12/2/2021,10530.45
12/3/2021,10503.94
12/6/2021,10542.84
12/7/2021,10522.16
12/8/2021,10520.22
12/9/2021,10523.32
12/10/2021,10517.2
12/13/2021,10486.59
12/14/2021,10473.47
12/15/2021,10485.48
12/16/2021,10521.41
12/17/2021,10524.71
12/20/2021,10522.79
12/21/2021,10483.76
12/22/2021,10454.26
12/23/2021,10468.96
12/24/2021,10473.21
12/27/2021,10481.84
12/28/2021,10500.48
12/29/2021,10527.34
12/30/2021,10534.13
12/31/2021,10562.66
1/3/2022,10573.46
1/4/2022,10560.92
1/5/2022,10597.2
1/6/2022,10571.11
1/7/2022,10561.44
1/10/2022,10557.65
1/11/2022,10573.67
1/12/2022,10602.47
1/13/2022,10624.3
1/14/2022,10628.98
1/17/2022,10624.85
1/18/2022,10631.77
1/19/2022,10641.62
1/20/2022,10649.17
1/21/2022,10654.68
1/24/2022,10663.18
1/25/2022,10681
1/26/2022,10672.96
1/27/2022,10651.56
1/28/2022,10600.61
1/31/2022,10610.17
2/1/2022,10639.88
2/2/2022,10649.75
2/3/2022,10663.81
2/4/2022,10697.02
2/7/2022,10707.27
2/8/2022,10704.29
2/9/2022,10688.4
2/10/2022,10689
2/11/2022,10671.75
2/14/2022,10633.02
2/15/2022,10625.99
2/16/2022,10611
2/17/2022,10651.22
2/18/2022,10673.45
2/21/2022,10648.83
2/22/2022,10660.53
2/23/2022,10669.95
2/24/2022,10642.12
2/25/2022,10608.05
2/28/2022,10581.75
3/1/2022,10595.95
3/2/2022,10585.69
3/3/2022,10598
3/4/2022,10580.97
3/7/2022,10564.59
3/8/2022,10554.17
3/9/2022,10528.32
3/10/2022,10496.8
3/11/2022,10514.63
3/14/2022,10504.98
3/15/2022,10489.77
3/16/2022,10513.48
3/17/2022,10550.28
3/18/2022,10576.54
3/21/2022,10576.07
3/22/2022,10569.93
3/23/2022,10565.58
3/24/2022,10568.61
3/25/2022,10575.86
3/28/2022,10554.82
3/29/2022,10547.72
3/30/2022,10600.89
3/31/2022,10611.57
4/1/2022,10593.53
4/4/2022,10580.81
4/5/2022,10584.29
4/6/2022,10564.36
4/7/2022,10553.57
4/8/2022,10537.82
4/11/2022,10524.54
4/12/2022,10523.12
4/13/2022,10530.83
4/14/2022,10589.89
4/15/2022,10586.94
4/18/2022,10547.43
4/19/2022,10510.11
4/20/2022,10517.22
4/21/2022,10536.14
4/22/2022,10507.94
4/25/2022,10521.02
4/26/2022,10491.41
4/27/2022,10450.17
4/28/2022,10454.42
4/29/2022,10495.91
5/2/2022,10458.22
5/3/2022,10462.07
5/4/2022,10477.44
5/5/2022,10491.5
5/6/2022,10456.86
5/9/2022,10449.14
5/10/2022,10481.71
5/11/2022,10505.88
5/12/2022,10460.05
5/13/2022,10473.77
5/16/2022,10514.62
5/17/2022,10567.02
5/18/2022,10588.23
5/19/2022,10611.23
5/20/2022,10632.07
5/23/2022,10673.6
5/24/2022,10659.09
5/25/2022,10634.55
5/26/2022,10633.18
5/27/2022,10641.21
5/30/2022,10648.79
5/31/2022,10644.62
6/1/2022,10605.98
6/2/2022,10532.32
6/3/2022,10521.06
6/6/2022,10519.64
6/7/2022,10502.72
6/8/2022,10531.17
6/9/2022,10592.04
6/10/2022,10541.07
6/13/2022,10565.5
6/14/2022,10575.62
6/15/2022,10601.9
6/16/2022,10634.45
6/17/2022,10698.85
6/20/2022,10697.39
6/21/2022,10698.38
6/22/2022,10695.85
6/23/2022,10671.63
6/24/2022,10696.61
6/27/2022,10689.83
6/28/2022,10712.8
6/29/2022,10688.07
6/30/2022,10715.08
7/1/2022,10714.39
7/4/2022,10710.57
7/5/2022,10681.21
7/6/2022,10686.95
7/7/2022,10698.47
7/8/2022,10670.42
7/11/2022,10685.08
7/12/2022,10649.32
7/13/2022,10659.29
7/14/2022,10698.6
7/15/2022,10676.98
7/18/2022,10722.47
7/19/2022,10772.44
7/20/2022,10762.6
7/21/2022,10779.43
7/22/2022,10795.99
7/25/2022,10826.26
7/26/2022,10818.78
7/27/2022,10814.79
7/28/2022,10814.36
7/29/2022,10753.23
8/1/2022,10799.46
8/2/2022,10784
8/3/2022,10795.61
8/4/2022,10826.51
8/5/2022,10822.61
8/8/2022,10782.53
8/9/2022,10781.02
8/10/2022,10796.37
8/11/2022,10789.8
8/12/2022,10705.79
8/15/2022,10713.8
8/16/2022,10703.78
8/17/2022,10693.31
8/18/2022,10729.11
8/19/2022,10692.51
8/22/2022,10673.93
8/23/2022,10631.22
8/24/2022,10654.42
8/25/2022,10671.32
8/26/2022,10655.83
8/29/2022,10644.55
8/30/2022,10639.34
8/31/2022,10609.72
9/1/2022,10639.83
9/2/2022,10619.47
9/5/2022,10598.29
9/6/2022,10596.48
9/7/2022,10600.44
9/8/2022,10595.26
9/9/2022,10619.41
9/12/2022,10637.14
9/13/2022,10651.18
9/14/2022,10619.78
9/15/2022,10600.54
9/16/2022,10600.36
9/19/2022,10618.93
9/20/2022,10631.55
9/21/2022,10611.69
9/22/2022,10596.32
9/23/2022,10559.65
9/26/2022,10552.45
9/27/2022,10536.47
9/28/2022,10544.5
9/29/2022,10579.47
9/30/2022,10641.51
10/3/2022,10669.32
10/4/2022,10660.7
10/5/2022,10684.69
10/6/2022,10664.69
10/7/2022,10676.89
10/10/2022,10653.78
10/11/2022,10666.03
10/12/2022,10684.57
10/13/2022,10708.96
10/14/2022,10832.05
10/17/2022,10853.54
10/18/2022,10889.19
10/19/2022,10889.54
10/20/2022,10920.76
10/21/2022,10941.35
10/24/2022,10961.32
10/25/2022,10968.13
10/26/2022,11074.76
10/27/2022,11066.25
10/28/2022,11005.13
10/31/2022,11031.12
11/1/2022,11073.5
11/2/2022,11087.65
11/3/2022,11049.56
11/4/2022,11114.41
11/7/2022,11180.87
11/8/2022,11179.74
11/9/2022,11209.43
11/10/2022,11191.07
11/11/2022,11324.11
11/14/2022,11308.85
11/15/2022,11363.17
11/16/2022,11399.87
11/17/2022,11417.01
11/18/2022,11412.45
11/21/2022,11389.53
11/22/2022,11376.93
11/23/2022,11346.01
11/24/2022,11390.97
11/25/2022,11414.32
11/28/2022,11450.73
11/29/2022,11475.33
11/30/2022,11494.96
12/1/2022,11466.15
12/2/2022,11428.49
12/5/2022,11468.91
12/6/2022,11511.58
12/7/2022,11507.5
12/8/2022,11516.33
12/9/2022,11523.33
12/12/2022,11542.76
12/13/2022,11552
12/14/2022,11570.33
12/15/2022,11532.74
12/16/2022,11499.98
12/19/2022,11520.66
12/20/2022,11547.33
12/21/2022,11545.2
12/22/2022,11562.91
12/23/2022,11557.04
12/26/2022,11593.65
12/27/2022,11643.44
12/28/2022,11649.43
12/29/2022,11610.37
12/30/2022,11608.11
1/2/2023,11610.41
1/3/2023,11620.64
1/4/2023,11637.73
1/5/2023,11648.32
1/6/2023,11609.06
1/9/2023,11691.01
1/10/2023,11707.32
1/11/2023,11619.82
1/12/2023,11524.07
1/13/2023,11538.3
1/16/2023,11385.01
1/17/2023,11469.96
1/18/2023,11437.48
1/19/2023,11411.72
1/20/2023,11403.26
1/23/2023,11446.34
1/24/2023,11287.36
1/25/2023,11378.06
1/26/2023,11397.88
1/27/2023,11409.51
1/30/2023,11392.7
1/31/2023,11378.44
2/1/2023,11410.17
2/2/2023,11405.91
2/3/2023,11351.95
2/6/2023,11380.22
2/7/2023,11424.91
2/8/2023,11408.63
2/9/2023,11413.86
2/10/2023,11425.21
2/13/2023,11415.62
2/14/2023,11429.08
2/15/2023,11401.91
2/16/2023,11358.31
2/17/2023,11354.93
2/20/2023,11348.57
2/21/2023,11348.06
2/22/2023,11343.42
2/23/2023,11319.32
2/24/2023,11324.93
2/27/2023,11312.06
2/28/2023,11315.19
3/1/2023,11354.53
3/2/2023,11341.52
3/3/2023,11372.44
3/6/2023,11377.21
3/7/2023,11428.57
3/8/2023,11400.49
3/9/2023,11407.63
3/10/2023,11409.97
3/13/2023,11428.71
3/14/2023,11417.23
3/15/2023,11449.07
3/16/2023,11428.41
3/17/2023,11432.09
3/20/2023,11449.36
3/21/2023,11468.49
3/22/2023,11472.8
3/23/2023,11568.47
3/24/2023,11391.11
3/27/2023,11378.65
3/28/2023,11349.62
3/29/2023,11327.6
3/30/2023,11335.66
3/31/2023,11272.44
4/3/2023,11239.61
4/4/2023,11232.99
4/5/2023,11264.36
4/6/2023,11226.75
4/7/2023,11220.66
4/10/2023,11212.29
4/11/2023,11178.5
4/12/2023,11171.26
4/13/2023,11124.17
4/14/2023,11096.59
4/17/2023,11104.01
4/18/2023,11151.37
4/19/2023,11207.76
4/20/2023,11212.78
4/21/2023,11216.08
4/24/2023,11212.23
4/25/2023,11180.91
4/26/2023,11115.44
4/27/2023,11011.29
4/28/2023,10976.31
5/1/2023,10995.41
5/2/2023,11017.48
5/3/2023,11027.93
5/4/2023,11057.77
5/5/2023,11076.85
5/8/2023,11104.04
5/9/2023,11113.58
5/10/2023,11094.51
5/11/2023,11080.36
5/12/2023,11072.47
5/15/2023,11070.68
5/16/2023,11094.2
5/17/2023,11070.1
5/18/2023,11058.32
5/19/2023,11090.76
5/22/2023,11066.39
5/23/2023,11060.02
5/24/2023,11065.48
5/25/2023,11055.94
5/26/2023,11063.21
5/29/2023,11066.06
5/30/2023,11073.9
5/31/2023,11062.86
6/1/2023,11062.79
6/2/2023,11095.28
6/5/2023,11013.13
6/6/2023,11022.52
6/7/2023,11034.22
6/8/2023,11059.34
6/9/2023,11048.21
6/12/2023,11076.84
6/13/2023,11088.2
6/14/2023,11107.61
6/15/2023,11139.7
6/16/2023,11177.11
6/19/2023,11189.11
6/20/2023,11187.38
6/21/2023,11125.62
6/22/2023,11138.63
6/23/2023,11089.69
6/26/2023,11110.28
6/27/2023,11111.18
6/28/2023,11098.04
6/29/2023,11076.41
6/30/2023,11109.78
7/3/2023,11118.59
7/4/2023,11110.8
7/5/2023,11112.61
7/6/2023,11134.91
7/7/2023,11206.03
7/10/2023,11274.54
7/11/2023,11290.09
7/12/2023,11267.35
7/13/2023,11286.55
7/14/2023,11333.03
7/17/2023,11363.38
7/18/2023,11344.24
7/19/2023,11320.08
7/20/2023,11326.64
7/21/2023,11303.09
7/24/2023,11284.98
7/25/2023,11298.85
7/26/2023,11325.22
7/27/2023,11344.21
7/28/2023,11328.71
7/31/2023,11337.98
8/1/2023,11335.31
8/2/2023,11345.95
8/3/2023,11299.74
8/4/2023,11297.82
8/7/2023,11322.13
8/8/2023,11311.74
8/9/2023,11302.75
8/10/2023,11281.99
8/11/2023,11282.03
8/14/2023,11309.34
8/15/2023,11306.05
8/16/2023,11261.12
8/17/2023,11257.46
8/18/2023,11265.83
8/21/2023,11287.12
8/22/2023,11305.4
8/23/2023,11270.42
