,PD_Segment,Tenor,Bucket,MOB
0,SCL,3,1,1
1,SCL,3,1,2
2,SCL,3,1,3
3,SCL,3,1,4
4,SCL,3,1,5
5,SCL,3,1,6
6,SCL,3,1,7
7,SCL,3,1,8
8,SCL,3,1,9
9,SCL,3,1,10
10,SCL,3,1,11
11,SCL,3,1,12
12,SCL,3,1,13
13,SCL,3,1,14
14,SCL,3,1,15
15,SCL,3,1,16
16,SCL,3,1,17
17,SCL,3,1,18
18,SCL,3,1,19
19,SCL,3,1,20
20,SCL,3,1,21
21,SCL,3,1,22
22,SCL,3,1,23
23,SCL,3,1,24
24,SCL,3,1,25
25,SCL,3,1,26
26,SCL,3,1,27
27,SCL,3,1,28
28,SCL,3,1,29
29,SCL,3,1,30
30,SCL,3,1,31
31,SCL,3,1,32
32,SCL,3,1,33
33,SCL,3,1,34
34,SCL,3,1,35
35,SCL,3,1,36
36,SCL,3,2,1
37,SCL,3,2,2
38,SCL,3,2,3
39,SCL,3,2,4
40,SCL,3,2,5
41,SCL,3,2,6
42,SCL,3,2,7
43,SCL,3,2,8
44,SCL,3,2,9
45,SCL,3,2,10
46,SCL,3,2,11
47,SCL,3,2,12
48,SCL,3,2,13
49,SCL,3,2,14
50,SCL,3,2,15
51,SCL,3,2,16
52,SCL,3,2,17
53,SCL,3,2,18
54,SCL,3,2,19
55,SCL,3,2,20
56,SCL,3,2,21
57,SCL,3,2,22
58,SCL,3,2,23
59,SCL,3,2,24
60,SCL,3,2,25
61,SCL,3,2,26
62,SCL,3,2,27
63,SCL,3,2,28
64,SCL,3,2,29
65,SCL,3,2,30
66,SCL,3,2,31
67,SCL,3,2,32
68,SCL,3,2,33
69,SCL,3,2,34
70,SCL,3,2,35
71,SCL,3,2,36
72,SCL,3,3,1
73,SCL,3,3,2
74,SCL,3,3,3
75,SCL,3,3,4
76,SCL,3,3,5
77,SCL,3,3,6
78,SCL,3,3,7
79,SCL,3,3,8
80,SCL,3,3,9
81,SCL,3,3,10
82,SCL,3,3,11
83,SCL,3,3,12
84,SCL,3,3,13
85,SCL,3,3,14
86,SCL,3,3,15
87,SCL,3,3,16
88,SCL,3,3,17
89,SCL,3,3,18
90,SCL,3,3,19
91,SCL,3,3,20
92,SCL,3,3,21
93,SCL,3,3,22
94,SCL,3,3,23
95,SCL,3,3,24
96,SCL,3,3,25
97,SCL,3,3,26
98,SCL,3,3,27
99,SCL,3,3,28
100,SCL,3,3,29
101,SCL,3,3,30
102,SCL,3,3,31
103,SCL,3,3,32
104,SCL,3,3,33
105,SCL,3,3,34
106,SCL,3,3,35
107,SCL,3,3,36
108,SCL,3,4,1
109,SCL,3,4,2
110,SCL,3,4,3
111,SCL,3,4,4
112,SCL,3,4,5
113,SCL,3,4,6
114,SCL,3,4,7
115,SCL,3,4,8
116,SCL,3,4,9
117,SCL,3,4,10
118,SCL,3,4,11
119,SCL,3,4,12
120,SCL,3,4,13
121,SCL,3,4,14
122,SCL,3,4,15
123,SCL,3,4,16
124,SCL,3,4,17
125,SCL,3,4,18
126,SCL,3,4,19
127,SCL,3,4,20
128,SCL,3,4,21
129,SCL,3,4,22
130,SCL,3,4,23
131,SCL,3,4,24
132,SCL,3,4,25
133,SCL,3,4,26
134,SCL,3,4,27
135,SCL,3,4,28
136,SCL,3,4,29
137,SCL,3,4,30
138,SCL,3,4,31
139,SCL,3,4,32
140,SCL,3,4,33
141,SCL,3,4,34
142,SCL,3,4,35
143,SCL,3,4,36
144,SCL,3,5,1
145,SCL,3,5,2
146,SCL,3,5,3
147,SCL,3,5,4
148,SCL,3,5,5
149,SCL,3,5,6
150,SCL,3,5,7
151,SCL,3,5,8
152,SCL,3,5,9
153,SCL,3,5,10
154,SCL,3,5,11
155,SCL,3,5,12
156,SCL,3,5,13
157,SCL,3,5,14
158,SCL,3,5,15
159,SCL,3,5,16
160,SCL,3,5,17
161,SCL,3,5,18
162,SCL,3,5,19
163,SCL,3,5,20
164,SCL,3,5,21
165,SCL,3,5,22
166,SCL,3,5,23
167,SCL,3,5,24
168,SCL,3,5,25
169,SCL,3,5,26
170,SCL,3,5,27
171,SCL,3,5,28
172,SCL,3,5,29
173,SCL,3,5,30
174,SCL,3,5,31
175,SCL,3,5,32
176,SCL,3,5,33
177,SCL,3,5,34
178,SCL,3,5,35
179,SCL,3,5,36
180,SCL,6,1,1
181,SCL,6,1,2
182,SCL,6,1,3
183,SCL,6,1,4
184,SCL,6,1,5
185,SCL,6,1,6
186,SCL,6,1,7
187,SCL,6,1,8
188,SCL,6,1,9
189,SCL,6,1,10
190,SCL,6,1,11
191,SCL,6,1,12
192,SCL,6,1,13
193,SCL,6,1,14
194,SCL,6,1,15
195,SCL,6,1,16
196,SCL,6,1,17
197,SCL,6,1,18
198,SCL,6,1,19
199,SCL,6,1,20
200,SCL,6,1,21
201,SCL,6,1,22
202,SCL,6,1,23
203,SCL,6,1,24
204,SCL,6,1,25
205,SCL,6,1,26
206,SCL,6,1,27
207,SCL,6,1,28
208,SCL,6,1,29
209,SCL,6,1,30
210,SCL,6,1,31
211,SCL,6,1,32
212,SCL,6,1,33
213,SCL,6,1,34
214,SCL,6,1,35
215,SCL,6,1,36
216,SCL,6,2,1
217,SCL,6,2,2
218,SCL,6,2,3
219,SCL,6,2,4
220,SCL,6,2,5
221,SCL,6,2,6
222,SCL,6,2,7
223,SCL,6,2,8
224,SCL,6,2,9
225,SCL,6,2,10
226,SCL,6,2,11
227,SCL,6,2,12
228,SCL,6,2,13
229,SCL,6,2,14
230,SCL,6,2,15
231,SCL,6,2,16
232,SCL,6,2,17
233,SCL,6,2,18
234,SCL,6,2,19
235,SCL,6,2,20
236,SCL,6,2,21
237,SCL,6,2,22
238,SCL,6,2,23
239,SCL,6,2,24
240,SCL,6,2,25
241,SCL,6,2,26
242,SCL,6,2,27
243,SCL,6,2,28
244,SCL,6,2,29
245,SCL,6,2,30
246,SCL,6,2,31
247,SCL,6,2,32
248,SCL,6,2,33
249,SCL,6,2,34
250,SCL,6,2,35
251,SCL,6,2,36
252,SCL,6,3,1
253,SCL,6,3,2
254,SCL,6,3,3
255,SCL,6,3,4
256,SCL,6,3,5
257,SCL,6,3,6
258,SCL,6,3,7
259,SCL,6,3,8
260,SCL,6,3,9
261,SCL,6,3,10
262,SCL,6,3,11
263,SCL,6,3,12
264,SCL,6,3,13
265,SCL,6,3,14
266,SCL,6,3,15
267,SCL,6,3,16
268,SCL,6,3,17
269,SCL,6,3,18
270,SCL,6,3,19
271,SCL,6,3,20
272,SCL,6,3,21
273,SCL,6,3,22
274,SCL,6,3,23
275,SCL,6,3,24
276,SCL,6,3,25
277,SCL,6,3,26
278,SCL,6,3,27
279,SCL,6,3,28
280,SCL,6,3,29
281,SCL,6,3,30
282,SCL,6,3,31
283,SCL,6,3,32
284,SCL,6,3,33
285,SCL,6,3,34
286,SCL,6,3,35
287,SCL,6,3,36
288,SCL,6,4,1
289,SCL,6,4,2
290,SCL,6,4,3
291,SCL,6,4,4
292,SCL,6,4,5
293,SCL,6,4,6
294,SCL,6,4,7
295,SCL,6,4,8
296,SCL,6,4,9
297,SCL,6,4,10
298,SCL,6,4,11
299,SCL,6,4,12
300,SCL,6,4,13
301,SCL,6,4,14
302,SCL,6,4,15
303,SCL,6,4,16
304,SCL,6,4,17
305,SCL,6,4,18
306,SCL,6,4,19
307,SCL,6,4,20
308,SCL,6,4,21
309,SCL,6,4,22
310,SCL,6,4,23
311,SCL,6,4,24
312,SCL,6,4,25
313,SCL,6,4,26
314,SCL,6,4,27
315,SCL,6,4,28
316,SCL,6,4,29
317,SCL,6,4,30
318,SCL,6,4,31
319,SCL,6,4,32
320,SCL,6,4,33
321,SCL,6,4,34
322,SCL,6,4,35
323,SCL,6,4,36
324,SCL,6,5,1
325,SCL,6,5,2
326,SCL,6,5,3
327,SCL,6,5,4
328,SCL,6,5,5
329,SCL,6,5,6
330,SCL,6,5,7
331,SCL,6,5,8
332,SCL,6,5,9
333,SCL,6,5,10
334,SCL,6,5,11
335,SCL,6,5,12
336,SCL,6,5,13
337,SCL,6,5,14
338,SCL,6,5,15
339,SCL,6,5,16
340,SCL,6,5,17
341,SCL,6,5,18
342,SCL,6,5,19
343,SCL,6,5,20
344,SCL,6,5,21
345,SCL,6,5,22
346,SCL,6,5,23
347,SCL,6,5,24
348,SCL,6,5,25
349,SCL,6,5,26
350,SCL,6,5,27
351,SCL,6,5,28
352,SCL,6,5,29
353,SCL,6,5,30
354,SCL,6,5,31
355,SCL,6,5,32
356,SCL,6,5,33
357,SCL,6,5,34
358,SCL,6,5,35
359,SCL,6,5,36
360,SCL,12,1,1
361,SCL,12,1,2
362,SCL,12,1,3
363,SCL,12,1,4
364,SCL,12,1,5
365,SCL,12,1,6
366,SCL,12,1,7
367,SCL,12,1,8
368,SCL,12,1,9
369,SCL,12,1,10
370,SCL,12,1,11
371,SCL,12,1,12
372,SCL,12,1,13
373,SCL,12,1,14
374,SCL,12,1,15
375,SCL,12,1,16
376,SCL,12,1,17
377,SCL,12,1,18
378,SCL,12,1,19
379,SCL,12,1,20
380,SCL,12,1,21
381,SCL,12,1,22
382,SCL,12,1,23
383,SCL,12,1,24
384,SCL,12,1,25
385,SCL,12,1,26
386,SCL,12,1,27
387,SCL,12,1,28
388,SCL,12,1,29
389,SCL,12,1,30
390,SCL,12,1,31
391,SCL,12,1,32
392,SCL,12,1,33
393,SCL,12,1,34
394,SCL,12,1,35
395,SCL,12,1,36
396,SCL,12,2,1
397,SCL,12,2,2
398,SCL,12,2,3
399,SCL,12,2,4
400,SCL,12,2,5
401,SCL,12,2,6
402,SCL,12,2,7
403,SCL,12,2,8
404,SCL,12,2,9
405,SCL,12,2,10
406,SCL,12,2,11
407,SCL,12,2,12
408,SCL,12,2,13
409,SCL,12,2,14
410,SCL,12,2,15
411,SCL,12,2,16
412,SCL,12,2,17
413,SCL,12,2,18
414,SCL,12,2,19
415,SCL,12,2,20
416,SCL,12,2,21
417,SCL,12,2,22
418,SCL,12,2,23
419,SCL,12,2,24
420,SCL,12,2,25
421,SCL,12,2,26
422,SCL,12,2,27
423,SCL,12,2,28
424,SCL,12,2,29
425,SCL,12,2,30
426,SCL,12,2,31
427,SCL,12,2,32
428,SCL,12,2,33
429,SCL,12,2,34
430,SCL,12,2,35
431,SCL,12,2,36
432,SCL,12,3,1
433,SCL,12,3,2
434,SCL,12,3,3
435,SCL,12,3,4
436,SCL,12,3,5
437,SCL,12,3,6
438,SCL,12,3,7
439,SCL,12,3,8
440,SCL,12,3,9
441,SCL,12,3,10
442,SCL,12,3,11
443,SCL,12,3,12
444,SCL,12,3,13
445,SCL,12,3,14
446,SCL,12,3,15
447,SCL,12,3,16
448,SCL,12,3,17
449,SCL,12,3,18
450,SCL,12,3,19
451,SCL,12,3,20
452,SCL,12,3,21
453,SCL,12,3,22
454,SCL,12,3,23
455,SCL,12,3,24
456,SCL,12,3,25
457,SCL,12,3,26
458,SCL,12,3,27
459,SCL,12,3,28
460,SCL,12,3,29
461,SCL,12,3,30
462,SCL,12,3,31
463,SCL,12,3,32
464,SCL,12,3,33
465,SCL,12,3,34
466,SCL,12,3,35
467,SCL,12,3,36
468,SCL,12,4,1
469,SCL,12,4,2
470,SCL,12,4,3
471,SCL,12,4,4
472,SCL,12,4,5
473,SCL,12,4,6
474,SCL,12,4,7
475,SCL,12,4,8
476,SCL,12,4,9
477,SCL,12,4,10
478,SCL,12,4,11
479,SCL,12,4,12
480,SCL,12,4,13
481,SCL,12,4,14
482,SCL,12,4,15
483,SCL,12,4,16
484,SCL,12,4,17
485,SCL,12,4,18
486,SCL,12,4,19
487,SCL,12,4,20
488,SCL,12,4,21
489,SCL,12,4,22
490,SCL,12,4,23
491,SCL,12,4,24
492,SCL,12,4,25
493,SCL,12,4,26
494,SCL,12,4,27
495,SCL,12,4,28
496,SCL,12,4,29
497,SCL,12,4,30
498,SCL,12,4,31
499,SCL,12,4,32
500,SCL,12,4,33
501,SCL,12,4,34
502,SCL,12,4,35
503,SCL,12,4,36
504,SCL,12,5,1
505,SCL,12,5,2
506,SCL,12,5,3
507,SCL,12,5,4
508,SCL,12,5,5
509,SCL,12,5,6
510,SCL,12,5,7
511,SCL,12,5,8
512,SCL,12,5,9
513,SCL,12,5,10
514,SCL,12,5,11
515,SCL,12,5,12
516,SCL,12,5,13
517,SCL,12,5,14
518,SCL,12,5,15
519,SCL,12,5,16
520,SCL,12,5,17
521,SCL,12,5,18
522,SCL,12,5,19
523,SCL,12,5,20
524,SCL,12,5,21
525,SCL,12,5,22
526,SCL,12,5,23
527,SCL,12,5,24
528,SCL,12,5,25
529,SCL,12,5,26
530,SCL,12,5,27
531,SCL,12,5,28
532,SCL,12,5,29
533,SCL,12,5,30
534,SCL,12,5,31
535,SCL,12,5,32
536,SCL,12,5,33
537,SCL,12,5,34
538,SCL,12,5,35
539,SCL,12,5,36
,PD_Segment,Tenor,Bucket,MOB
0,BCL,3,1,1
1,BCL,3,1,2
2,BCL,3,1,3
3,BCL,3,1,4
4,BCL,3,1,5
5,BCL,3,1,6
6,BCL,3,1,7
7,BCL,3,1,8
8,BCL,3,1,9
9,BCL,3,1,10
10,BCL,3,1,11
11,BCL,3,1,12
12,BCL,3,1,13
13,BCL,3,1,14
14,BCL,3,1,15
15,BCL,3,1,16
16,BCL,3,1,17
17,BCL,3,1,18
18,BCL,3,1,19
19,BCL,3,1,20
20,BCL,3,1,21
21,BCL,3,1,22
22,BCL,3,1,23
23,BCL,3,1,24
24,BCL,3,1,25
25,BCL,3,1,26
26,BCL,3,1,27
27,BCL,3,1,28
28,BCL,3,1,29
29,BCL,3,1,30
30,BCL,3,1,31
31,BCL,3,1,32
32,BCL,3,1,33
33,BCL,3,1,34
34,BCL,3,1,35
35,BCL,3,1,36
36,BCL,3,2,1
37,BCL,3,2,2
38,BCL,3,2,3
39,BCL,3,2,4
40,BCL,3,2,5
41,BCL,3,2,6
42,BCL,3,2,7
43,BCL,3,2,8
44,BCL,3,2,9
45,BCL,3,2,10
46,BCL,3,2,11
47,BCL,3,2,12
48,BCL,3,2,13
49,BCL,3,2,14
50,BCL,3,2,15
51,BCL,3,2,16
52,BCL,3,2,17
53,BCL,3,2,18
54,BCL,3,2,19
55,BCL,3,2,20
56,BCL,3,2,21
57,BCL,3,2,22
58,BCL,3,2,23
59,BCL,3,2,24
60,BCL,3,2,25
61,BCL,3,2,26
62,BCL,3,2,27
63,BCL,3,2,28
64,BCL,3,2,29
65,BCL,3,2,30
66,BCL,3,2,31
67,BCL,3,2,32
68,BCL,3,2,33
69,BCL,3,2,34
70,BCL,3,2,35
71,BCL,3,2,36
72,BCL,3,3,1
73,BCL,3,3,2
74,BCL,3,3,3
75,BCL,3,3,4
76,BCL,3,3,5
77,BCL,3,3,6
78,BCL,3,3,7
79,BCL,3,3,8
80,BCL,3,3,9
81,BCL,3,3,10
82,BCL,3,3,11
83,BCL,3,3,12
84,BCL,3,3,13
85,BCL,3,3,14
86,BCL,3,3,15
87,BCL,3,3,16
88,BCL,3,3,17
89,BCL,3,3,18
90,BCL,3,3,19
91,BCL,3,3,20
92,BCL,3,3,21
93,BCL,3,3,22
94,BCL,3,3,23
95,BCL,3,3,24
96,BCL,3,3,25
97,BCL,3,3,26
98,BCL,3,3,27
99,BCL,3,3,28
100,BCL,3,3,29
101,BCL,3,3,30
102,BCL,3,3,31
103,BCL,3,3,32
104,BCL,3,3,33
105,BCL,3,3,34
106,BCL,3,3,35
107,BCL,3,3,36
108,BCL,3,4,1
109,BCL,3,4,2
110,BCL,3,4,3
111,BCL,3,4,4
112,BCL,3,4,5
113,BCL,3,4,6
114,BCL,3,4,7
115,BCL,3,4,8
116,BCL,3,4,9
117,BCL,3,4,10
118,BCL,3,4,11
119,BCL,3,4,12
120,BCL,3,4,13
121,BCL,3,4,14
122,BCL,3,4,15
123,BCL,3,4,16
124,BCL,3,4,17
125,BCL,3,4,18
126,BCL,3,4,19
127,BCL,3,4,20
128,BCL,3,4,21
129,BCL,3,4,22
130,BCL,3,4,23
131,BCL,3,4,24
132,BCL,3,4,25
133,BCL,3,4,26
134,BCL,3,4,27
135,BCL,3,4,28
136,BCL,3,4,29
137,BCL,3,4,30
138,BCL,3,4,31
139,BCL,3,4,32
140,BCL,3,4,33
141,BCL,3,4,34
142,BCL,3,4,35
143,BCL,3,4,36
144,BCL,3,5,1
145,BCL,3,5,2
146,BCL,3,5,3
147,BCL,3,5,4
148,BCL,3,5,5
149,BCL,3,5,6
150,BCL,3,5,7
151,BCL,3,5,8
152,BCL,3,5,9
153,BCL,3,5,10
154,BCL,3,5,11
155,BCL,3,5,12
156,BCL,3,5,13
157,BCL,3,5,14
158,BCL,3,5,15
159,BCL,3,5,16
160,BCL,3,5,17
161,BCL,3,5,18
162,BCL,3,5,19
163,BCL,3,5,20
164,BCL,3,5,21
165,BCL,3,5,22
166,BCL,3,5,23
167,BCL,3,5,24
168,BCL,3,5,25
169,BCL,3,5,26
170,BCL,3,5,27
171,BCL,3,5,28
172,BCL,3,5,29
173,BCL,3,5,30
174,BCL,3,5,31
175,BCL,3,5,32
176,BCL,3,5,33
177,BCL,3,5,34
178,BCL,3,5,35
179,BCL,3,5,36
180,BCL,6,1,1
181,BCL,6,1,2
182,BCL,6,1,3
183,BCL,6,1,4
184,BCL,6,1,5
185,BCL,6,1,6
186,BCL,6,1,7
187,BCL,6,1,8
188,BCL,6,1,9
189,BCL,6,1,10
190,BCL,6,1,11
191,BCL,6,1,12
192,BCL,6,1,13
193,BCL,6,1,14
194,BCL,6,1,15
195,BCL,6,1,16
196,BCL,6,1,17
197,BCL,6,1,18
198,BCL,6,1,19
199,BCL,6,1,20
200,BCL,6,1,21
201,BCL,6,1,22
202,BCL,6,1,23
203,BCL,6,1,24
204,BCL,6,1,25
205,BCL,6,1,26
206,BCL,6,1,27
207,BCL,6,1,28
208,BCL,6,1,29
209,BCL,6,1,30
210,BCL,6,1,31
211,BCL,6,1,32
212,BCL,6,1,33
213,BCL,6,1,34
214,BCL,6,1,35
215,BCL,6,1,36
216,BCL,6,2,1
217,BCL,6,2,2
218,BCL,6,2,3
219,BCL,6,2,4
220,BCL,6,2,5
221,BCL,6,2,6
222,BCL,6,2,7
223,BCL,6,2,8
224,BCL,6,2,9
225,BCL,6,2,10
226,BCL,6,2,11
227,BCL,6,2,12
228,BCL,6,2,13
229,BCL,6,2,14
230,BCL,6,2,15
231,BCL,6,2,16
232,BCL,6,2,17
233,BCL,6,2,18
234,BCL,6,2,19
235,BCL,6,2,20
236,BCL,6,2,21
237,BCL,6,2,22
238,BCL,6,2,23
239,BCL,6,2,24
240,BCL,6,2,25
241,BCL,6,2,26
242,BCL,6,2,27
243,BCL,6,2,28
244,BCL,6,2,29
245,BCL,6,2,30
246,BCL,6,2,31
247,BCL,6,2,32
248,BCL,6,2,33
249,BCL,6,2,34
250,BCL,6,2,35
251,BCL,6,2,36
252,BCL,6,3,1
253,BCL,6,3,2
254,BCL,6,3,3
255,BCL,6,3,4
256,BCL,6,3,5
257,BCL,6,3,6
258,BCL,6,3,7
259,BCL,6,3,8
260,BCL,6,3,9
261,BCL,6,3,10
262,BCL,6,3,11
263,BCL,6,3,12
264,BCL,6,3,13
265,BCL,6,3,14
266,BCL,6,3,15
267,BCL,6,3,16
268,BCL,6,3,17
269,BCL,6,3,18
270,BCL,6,3,19
271,BCL,6,3,20
272,BCL,6,3,21
273,BCL,6,3,22
274,BCL,6,3,23
275,BCL,6,3,24
276,BCL,6,3,25
277,BCL,6,3,26
278,BCL,6,3,27
279,BCL,6,3,28
280,BCL,6,3,29
281,BCL,6,3,30
282,BCL,6,3,31
283,BCL,6,3,32
284,BCL,6,3,33
285,BCL,6,3,34
286,BCL,6,3,35
287,BCL,6,3,36
288,BCL,6,4,1
289,BCL,6,4,2
290,BCL,6,4,3
291,BCL,6,4,4
292,BCL,6,4,5
293,BCL,6,4,6
294,BCL,6,4,7
295,BCL,6,4,8
296,BCL,6,4,9
297,BCL,6,4,10
298,BCL,6,4,11
299,BCL,6,4,12
300,BCL,6,4,13
301,BCL,6,4,14
302,BCL,6,4,15
303,BCL,6,4,16
304,BCL,6,4,17
305,BCL,6,4,18
306,BCL,6,4,19
307,BCL,6,4,20
308,BCL,6,4,21
309,BCL,6,4,22
310,BCL,6,4,23
311,BCL,6,4,24
312,BCL,6,4,25
313,BCL,6,4,26
314,BCL,6,4,27
315,BCL,6,4,28
316,BCL,6,4,29
317,BCL,6,4,30
318,BCL,6,4,31
319,BCL,6,4,32
320,BCL,6,4,33
321,BCL,6,4,34
322,BCL,6,4,35
323,BCL,6,4,36
324,BCL,6,5,1
325,BCL,6,5,2
326,BCL,6,5,3
327,BCL,6,5,4
328,BCL,6,5,5
329,BCL,6,5,6
330,BCL,6,5,7
331,BCL,6,5,8
332,BCL,6,5,9
333,BCL,6,5,10
334,BCL,6,5,11
335,BCL,6,5,12
336,BCL,6,5,13
337,BCL,6,5,14
338,BCL,6,5,15
339,BCL,6,5,16
340,BCL,6,5,17
341,BCL,6,5,18
342,BCL,6,5,19
343,BCL,6,5,20
344,BCL,6,5,21
345,BCL,6,5,22
346,BCL,6,5,23
347,BCL,6,5,24
348,BCL,6,5,25
349,BCL,6,5,26
350,BCL,6,5,27
351,BCL,6,5,28
352,BCL,6,5,29
353,BCL,6,5,30
354,BCL,6,5,31
355,BCL,6,5,32
356,BCL,6,5,33
357,BCL,6,5,34
358,BCL,6,5,35
359,BCL,6,5,36
360,BCL,12,1,1
361,BCL,12,1,2
362,BCL,12,1,3
363,BCL,12,1,4
364,BCL,12,1,5
365,BCL,12,1,6
366,BCL,12,1,7
367,BCL,12,1,8
368,BCL,12,1,9
369,BCL,12,1,10
370,BCL,12,1,11
371,BCL,12,1,12
372,BCL,12,1,13
373,BCL,12,1,14
374,BCL,12,1,15
375,BCL,12,1,16
376,BCL,12,1,17
377,BCL,12,1,18
378,BCL,12,1,19
379,BCL,12,1,20
380,BCL,12,1,21
381,BCL,12,1,22
382,BCL,12,1,23
383,BCL,12,1,24
384,BCL,12,1,25
385,BCL,12,1,26
386,BCL,12,1,27
387,BCL,12,1,28
388,BCL,12,1,29
389,BCL,12,1,30
390,BCL,12,1,31
391,BCL,12,1,32
392,BCL,12,1,33
393,BCL,12,1,34
394,BCL,12,1,35
395,BCL,12,1,36
396,BCL,12,2,1
397,BCL,12,2,2
398,BCL,12,2,3
399,BCL,12,2,4
400,BCL,12,2,5
401,BCL,12,2,6
402,BCL,12,2,7
403,BCL,12,2,8
404,BCL,12,2,9
405,BCL,12,2,10
406,BCL,12,2,11
407,BCL,12,2,12
408,BCL,12,2,13
409,BCL,12,2,14
410,BCL,12,2,15
411,BCL,12,2,16
412,BCL,12,2,17
413,BCL,12,2,18
414,BCL,12,2,19
415,BCL,12,2,20
416,BCL,12,2,21
417,BCL,12,2,22
418,BCL,12,2,23
419,BCL,12,2,24
420,BCL,12,2,25
421,BCL,12,2,26
422,BCL,12,2,27
423,BCL,12,2,28
424,BCL,12,2,29
425,BCL,12,2,30
426,BCL,12,2,31
427,BCL,12,2,32
428,BCL,12,2,33
429,BCL,12,2,34
430,BCL,12,2,35
431,BCL,12,2,36
432,BCL,12,3,1
433,BCL,12,3,2
434,BCL,12,3,3
435,BCL,12,3,4
436,BCL,12,3,5
437,BCL,12,3,6
438,BCL,12,3,7
439,BCL,12,3,8
440,BCL,12,3,9
441,BCL,12,3,10
442,BCL,12,3,11
443,BCL,12,3,12
444,BCL,12,3,13
445,BCL,12,3,14
446,BCL,12,3,15
447,BCL,12,3,16
448,BCL,12,3,17
449,BCL,12,3,18
450,BCL,12,3,19
451,BCL,12,3,20
452,BCL,12,3,21
453,BCL,12,3,22
454,BCL,12,3,23
455,BCL,12,3,24
456,BCL,12,3,25
457,BCL,12,3,26
458,BCL,12,3,27
459,BCL,12,3,28
460,BCL,12,3,29
461,BCL,12,3,30
462,BCL,12,3,31
463,BCL,12,3,32
464,BCL,12,3,33
465,BCL,12,3,34
466,BCL,12,3,35
467,BCL,12,3,36
468,BCL,12,4,1
469,BCL,12,4,2
470,BCL,12,4,3
471,BCL,12,4,4
472,BCL,12,4,5
473,BCL,12,4,6
474,BCL,12,4,7
475,BCL,12,4,8
476,BCL,12,4,9
477,BCL,12,4,10
478,BCL,12,4,11
479,BCL,12,4,12
480,BCL,12,4,13
481,BCL,12,4,14
482,BCL,12,4,15
483,BCL,12,4,16
484,BCL,12,4,17
485,BCL,12,4,18
486,BCL,12,4,19
487,BCL,12,4,20
488,BCL,12,4,21
489,BCL,12,4,22
490,BCL,12,4,23
491,BCL,12,4,24
492,BCL,12,4,25
493,BCL,12,4,26
494,BCL,12,4,27
495,BCL,12,4,28
496,BCL,12,4,29
497,BCL,12,4,30
498,BCL,12,4,31
499,BCL,12,4,32
500,BCL,12,4,33
501,BCL,12,4,34
502,BCL,12,4,35
503,BCL,12,4,36
504,BCL,12,5,1
505,BCL,12,5,2
506,BCL,12,5,3
507,BCL,12,5,4
508,BCL,12,5,5
509,BCL,12,5,6
510,BCL,12,5,7
511,BCL,12,5,8
512,BCL,12,5,9
513,BCL,12,5,10
514,BCL,12,5,11
515,BCL,12,5,12
516,BCL,12,5,13
517,BCL,12,5,14
518,BCL,12,5,15
519,BCL,12,5,16
520,BCL,12,5,17
521,BCL,12,5,18
522,BCL,12,5,19
523,BCL,12,5,20
524,BCL,12,5,21
525,BCL,12,5,22
526,BCL,12,5,23
527,BCL,12,5,24
528,BCL,12,5,25
529,BCL,12,5,26
530,BCL,12,5,27
531,BCL,12,5,28
532,BCL,12,5,29
533,BCL,12,5,30
534,BCL,12,5,31
535,BCL,12,5,32
536,BCL,12,5,33
537,BCL,12,5,34
538,BCL,12,5,35
539,BCL,12,5,36
,PD_Segment,Tenor,Bucket,MOB
0,SPL,1,1,1
1,SPL,1,1,2
2,SPL,1,1,3
3,SPL,1,1,4
4,SPL,1,1,5
5,SPL,1,1,6
6,SPL,1,1,7
7,SPL,1,1,8
8,SPL,1,1,9
9,SPL,1,1,10
10,SPL,1,1,11
11,SPL,1,1,12
12,SPL,1,1,13
13,SPL,1,1,14
14,SPL,1,1,15
15,SPL,1,1,16
16,SPL,1,1,17
17,SPL,1,1,18
18,SPL,1,1,19
19,SPL,1,1,20
20,SPL,1,1,21
21,SPL,1,1,22
22,SPL,1,1,23
23,SPL,1,1,24
24,SPL,1,1,25
25,SPL,1,1,26
26,SPL,1,1,27
27,SPL,1,1,28
28,SPL,1,1,29
29,SPL,1,1,30
30,SPL,1,1,31
31,SPL,1,1,32
32,SPL,1,1,33
33,SPL,1,1,34
34,SPL,1,1,35
35,SPL,1,1,36
36,SPL,1,2,1
37,SPL,1,2,2
38,SPL,1,2,3
39,SPL,1,2,4
40,SPL,1,2,5
41,SPL,1,2,6
42,SPL,1,2,7
43,SPL,1,2,8
44,SPL,1,2,9
45,SPL,1,2,10
46,SPL,1,2,11
47,SPL,1,2,12
48,SPL,1,2,13
49,SPL,1,2,14
50,SPL,1,2,15
51,SPL,1,2,16
52,SPL,1,2,17
53,SPL,1,2,18
54,SPL,1,2,19
55,SPL,1,2,20
56,SPL,1,2,21
57,SPL,1,2,22
58,SPL,1,2,23
59,SPL,1,2,24
60,SPL,1,2,25
61,SPL,1,2,26
62,SPL,1,2,27
63,SPL,1,2,28
64,SPL,1,2,29
65,SPL,1,2,30
66,SPL,1,2,31
67,SPL,1,2,32
68,SPL,1,2,33
69,SPL,1,2,34
70,SPL,1,2,35
71,SPL,1,2,36
72,SPL,1,3,1
73,SPL,1,3,2
74,SPL,1,3,3
75,SPL,1,3,4
76,SPL,1,3,5
77,SPL,1,3,6
78,SPL,1,3,7
79,SPL,1,3,8
80,SPL,1,3,9
81,SPL,1,3,10
82,SPL,1,3,11
83,SPL,1,3,12
84,SPL,1,3,13
85,SPL,1,3,14
86,SPL,1,3,15
87,SPL,1,3,16
88,SPL,1,3,17
89,SPL,1,3,18
90,SPL,1,3,19
91,SPL,1,3,20
92,SPL,1,3,21
93,SPL,1,3,22
94,SPL,1,3,23
95,SPL,1,3,24
96,SPL,1,3,25
97,SPL,1,3,26
98,SPL,1,3,27
99,SPL,1,3,28
100,SPL,1,3,29
101,SPL,1,3,30
102,SPL,1,3,31
103,SPL,1,3,32
104,SPL,1,3,33
105,SPL,1,3,34
106,SPL,1,3,35
107,SPL,1,3,36
108,SPL,1,4,1
109,SPL,1,4,2
110,SPL,1,4,3
111,SPL,1,4,4
112,SPL,1,4,5
113,SPL,1,4,6
114,SPL,1,4,7
115,SPL,1,4,8
116,SPL,1,4,9
117,SPL,1,4,10
118,SPL,1,4,11
119,SPL,1,4,12
120,SPL,1,4,13
121,SPL,1,4,14
122,SPL,1,4,15
123,SPL,1,4,16
124,SPL,1,4,17
125,SPL,1,4,18
126,SPL,1,4,19
127,SPL,1,4,20
128,SPL,1,4,21
129,SPL,1,4,22
130,SPL,1,4,23
131,SPL,1,4,24
132,SPL,1,4,25
133,SPL,1,4,26
134,SPL,1,4,27
135,SPL,1,4,28
136,SPL,1,4,29
137,SPL,1,4,30
138,SPL,1,4,31
139,SPL,1,4,32
140,SPL,1,4,33
141,SPL,1,4,34
142,SPL,1,4,35
143,SPL,1,4,36
144,SPL,1,5,1
145,SPL,1,5,2
146,SPL,1,5,3
147,SPL,1,5,4
148,SPL,1,5,5
149,SPL,1,5,6
150,SPL,1,5,7
151,SPL,1,5,8
152,SPL,1,5,9
153,SPL,1,5,10
154,SPL,1,5,11
155,SPL,1,5,12
156,SPL,1,5,13
157,SPL,1,5,14
158,SPL,1,5,15
159,SPL,1,5,16
160,SPL,1,5,17
161,SPL,1,5,18
162,SPL,1,5,19
163,SPL,1,5,20
164,SPL,1,5,21
165,SPL,1,5,22
166,SPL,1,5,23
167,SPL,1,5,24
168,SPL,1,5,25
169,SPL,1,5,26
170,SPL,1,5,27
171,SPL,1,5,28
172,SPL,1,5,29
173,SPL,1,5,30
174,SPL,1,5,31
175,SPL,1,5,32
176,SPL,1,5,33
177,SPL,1,5,34
178,SPL,1,5,35
179,SPL,1,5,36
180,SPL,3,1,1
181,SPL,3,1,2
182,SPL,3,1,3
183,SPL,3,1,4
184,SPL,3,1,5
185,SPL,3,1,6
186,SPL,3,1,7
187,SPL,3,1,8
188,SPL,3,1,9
189,SPL,3,1,10
190,SPL,3,1,11
191,SPL,3,1,12
192,SPL,3,1,13
193,SPL,3,1,14
194,SPL,3,1,15
195,SPL,3,1,16
196,SPL,3,1,17
197,SPL,3,1,18
198,SPL,3,1,19
199,SPL,3,1,20
200,SPL,3,1,21
201,SPL,3,1,22
202,SPL,3,1,23
203,SPL,3,1,24
204,SPL,3,1,25
205,SPL,3,1,26
206,SPL,3,1,27
207,SPL,3,1,28
208,SPL,3,1,29
209,SPL,3,1,30
210,SPL,3,1,31
211,SPL,3,1,32
212,SPL,3,1,33
213,SPL,3,1,34
214,SPL,3,1,35
215,SPL,3,1,36
216,SPL,3,2,1
217,SPL,3,2,2
218,SPL,3,2,3
219,SPL,3,2,4
220,SPL,3,2,5
221,SPL,3,2,6
222,SPL,3,2,7
223,SPL,3,2,8
224,SPL,3,2,9
225,SPL,3,2,10
226,SPL,3,2,11
227,SPL,3,2,12
228,SPL,3,2,13
229,SPL,3,2,14
230,SPL,3,2,15
231,SPL,3,2,16
232,SPL,3,2,17
233,SPL,3,2,18
234,SPL,3,2,19
235,SPL,3,2,20
236,SPL,3,2,21
237,SPL,3,2,22
238,SPL,3,2,23
239,SPL,3,2,24
240,SPL,3,2,25
241,SPL,3,2,26
242,SPL,3,2,27
243,SPL,3,2,28
244,SPL,3,2,29
245,SPL,3,2,30
246,SPL,3,2,31
247,SPL,3,2,32
248,SPL,3,2,33
249,SPL,3,2,34
250,SPL,3,2,35
251,SPL,3,2,36
252,SPL,3,3,1
253,SPL,3,3,2
254,SPL,3,3,3
255,SPL,3,3,4
256,SPL,3,3,5
257,SPL,3,3,6
258,SPL,3,3,7
259,SPL,3,3,8
260,SPL,3,3,9
261,SPL,3,3,10
262,SPL,3,3,11
263,SPL,3,3,12
264,SPL,3,3,13
265,SPL,3,3,14
266,SPL,3,3,15
267,SPL,3,3,16
268,SPL,3,3,17
269,SPL,3,3,18
270,SPL,3,3,19
271,SPL,3,3,20
272,SPL,3,3,21
273,SPL,3,3,22
274,SPL,3,3,23
275,SPL,3,3,24
276,SPL,3,3,25
277,SPL,3,3,26
278,SPL,3,3,27
279,SPL,3,3,28
280,SPL,3,3,29
281,SPL,3,3,30
282,SPL,3,3,31
283,SPL,3,3,32
284,SPL,3,3,33
285,SPL,3,3,34
286,SPL,3,3,35
287,SPL,3,3,36
288,SPL,3,4,1
289,SPL,3,4,2
290,SPL,3,4,3
291,SPL,3,4,4
292,SPL,3,4,5
293,SPL,3,4,6
294,SPL,3,4,7
295,SPL,3,4,8
296,SPL,3,4,9
297,SPL,3,4,10
298,SPL,3,4,11
299,SPL,3,4,12
300,SPL,3,4,13
301,SPL,3,4,14
302,SPL,3,4,15
303,SPL,3,4,16
304,SPL,3,4,17
305,SPL,3,4,18
306,SPL,3,4,19
307,SPL,3,4,20
308,SPL,3,4,21
309,SPL,3,4,22
310,SPL,3,4,23
311,SPL,3,4,24
312,SPL,3,4,25
313,SPL,3,4,26
314,SPL,3,4,27
315,SPL,3,4,28
316,SPL,3,4,29
317,SPL,3,4,30
318,SPL,3,4,31
319,SPL,3,4,32
320,SPL,3,4,33
321,SPL,3,4,34
322,SPL,3,4,35
323,SPL,3,4,36
324,SPL,3,5,1
325,SPL,3,5,2
326,SPL,3,5,3
327,SPL,3,5,4
328,SPL,3,5,5
329,SPL,3,5,6
330,SPL,3,5,7
331,SPL,3,5,8
332,SPL,3,5,9
333,SPL,3,5,10
334,SPL,3,5,11
335,SPL,3,5,12
336,SPL,3,5,13
337,SPL,3,5,14
338,SPL,3,5,15
339,SPL,3,5,16
340,SPL,3,5,17
341,SPL,3,5,18
342,SPL,3,5,19
343,SPL,3,5,20
344,SPL,3,5,21
345,SPL,3,5,22
346,SPL,3,5,23
347,SPL,3,5,24
348,SPL,3,5,25
349,SPL,3,5,26
350,SPL,3,5,27
351,SPL,3,5,28
352,SPL,3,5,29
353,SPL,3,5,30
354,SPL,3,5,31
355,SPL,3,5,32
356,SPL,3,5,33
357,SPL,3,5,34
358,SPL,3,5,35
359,SPL,3,5,36
360,SPL,6,1,1
361,SPL,6,1,2
362,SPL,6,1,3
363,SPL,6,1,4
364,SPL,6,1,5
365,SPL,6,1,6
366,SPL,6,1,7
367,SPL,6,1,8
368,SPL,6,1,9
369,SPL,6,1,10
370,SPL,6,1,11
371,SPL,6,1,12
372,SPL,6,1,13
373,SPL,6,1,14
374,SPL,6,1,15
375,SPL,6,1,16
376,SPL,6,1,17
377,SPL,6,1,18
378,SPL,6,1,19
379,SPL,6,1,20
380,SPL,6,1,21
381,SPL,6,1,22
382,SPL,6,1,23
383,SPL,6,1,24
384,SPL,6,1,25
385,SPL,6,1,26
386,SPL,6,1,27
387,SPL,6,1,28
388,SPL,6,1,29
389,SPL,6,1,30
390,SPL,6,1,31
391,SPL,6,1,32
392,SPL,6,1,33
393,SPL,6,1,34
394,SPL,6,1,35
395,SPL,6,1,36
396,SPL,6,2,1
397,SPL,6,2,2
398,SPL,6,2,3
399,SPL,6,2,4
400,SPL,6,2,5
401,SPL,6,2,6
402,SPL,6,2,7
403,SPL,6,2,8
404,SPL,6,2,9
405,SPL,6,2,10
406,SPL,6,2,11
407,SPL,6,2,12
408,SPL,6,2,13
409,SPL,6,2,14
410,SPL,6,2,15
411,SPL,6,2,16
412,SPL,6,2,17
413,SPL,6,2,18
414,SPL,6,2,19
415,SPL,6,2,20
416,SPL,6,2,21
417,SPL,6,2,22
418,SPL,6,2,23
419,SPL,6,2,24
420,SPL,6,2,25
421,SPL,6,2,26
422,SPL,6,2,27
423,SPL,6,2,28
424,SPL,6,2,29
425,SPL,6,2,30
426,SPL,6,2,31
427,SPL,6,2,32
428,SPL,6,2,33
429,SPL,6,2,34
430,SPL,6,2,35
431,SPL,6,2,36
432,SPL,6,3,1
433,SPL,6,3,2
434,SPL,6,3,3
435,SPL,6,3,4
436,SPL,6,3,5
437,SPL,6,3,6
438,SPL,6,3,7
439,SPL,6,3,8
440,SPL,6,3,9
441,SPL,6,3,10
442,SPL,6,3,11
443,SPL,6,3,12
444,SPL,6,3,13
445,SPL,6,3,14
446,SPL,6,3,15
447,SPL,6,3,16
448,SPL,6,3,17
449,SPL,6,3,18
450,SPL,6,3,19
451,SPL,6,3,20
452,SPL,6,3,21
453,SPL,6,3,22
454,SPL,6,3,23
455,SPL,6,3,24
456,SPL,6,3,25
457,SPL,6,3,26
458,SPL,6,3,27
459,SPL,6,3,28
460,SPL,6,3,29
461,SPL,6,3,30
462,SPL,6,3,31
463,SPL,6,3,32
464,SPL,6,3,33
465,SPL,6,3,34
466,SPL,6,3,35
467,SPL,6,3,36
468,SPL,6,4,1
469,SPL,6,4,2
470,SPL,6,4,3
471,SPL,6,4,4
472,SPL,6,4,5
473,SPL,6,4,6
474,SPL,6,4,7
475,SPL,6,4,8
476,SPL,6,4,9
477,SPL,6,4,10
478,SPL,6,4,11
479,SPL,6,4,12
480,SPL,6,4,13
481,SPL,6,4,14
482,SPL,6,4,15
483,SPL,6,4,16
484,SPL,6,4,17
485,SPL,6,4,18
486,SPL,6,4,19
487,SPL,6,4,20
488,SPL,6,4,21
489,SPL,6,4,22
490,SPL,6,4,23
491,SPL,6,4,24
492,SPL,6,4,25
493,SPL,6,4,26
494,SPL,6,4,27
495,SPL,6,4,28
496,SPL,6,4,29
497,SPL,6,4,30
498,SPL,6,4,31
499,SPL,6,4,32
500,SPL,6,4,33
501,SPL,6,4,34
502,SPL,6,4,35
503,SPL,6,4,36
504,SPL,6,5,1
505,SPL,6,5,2
506,SPL,6,5,3
507,SPL,6,5,4
508,SPL,6,5,5
509,SPL,6,5,6
510,SPL,6,5,7
511,SPL,6,5,8
512,SPL,6,5,9
513,SPL,6,5,10
514,SPL,6,5,11
515,SPL,6,5,12
516,SPL,6,5,13
517,SPL,6,5,14
518,SPL,6,5,15
519,SPL,6,5,16
520,SPL,6,5,17
521,SPL,6,5,18
522,SPL,6,5,19
523,SPL,6,5,20
524,SPL,6,5,21
525,SPL,6,5,22
526,SPL,6,5,23
527,SPL,6,5,24
528,SPL,6,5,25
529,SPL,6,5,26
530,SPL,6,5,27
531,SPL,6,5,28
532,SPL,6,5,29
533,SPL,6,5,30
534,SPL,6,5,31
535,SPL,6,5,32
536,SPL,6,5,33
537,SPL,6,5,34
538,SPL,6,5,35
539,SPL,6,5,36
540,SPL,12,1,1
541,SPL,12,1,2
542,SPL,12,1,3
543,SPL,12,1,4
544,SPL,12,1,5
545,SPL,12,1,6
546,SPL,12,1,7
547,SPL,12,1,8
548,SPL,12,1,9
549,SPL,12,1,10
550,SPL,12,1,11
551,SPL,12,1,12
552,SPL,12,1,13
553,SPL,12,1,14
554,SPL,12,1,15
555,SPL,12,1,16
556,SPL,12,1,17
557,SPL,12,1,18
558,SPL,12,1,19
559,SPL,12,1,20
560,SPL,12,1,21
561,SPL,12,1,22
562,SPL,12,1,23
563,SPL,12,1,24
564,SPL,12,1,25
565,SPL,12,1,26
566,SPL,12,1,27
567,SPL,12,1,28
568,SPL,12,1,29
569,SPL,12,1,30
570,SPL,12,1,31
571,SPL,12,1,32
572,SPL,12,1,33
573,SPL,12,1,34
574,SPL,12,1,35
575,SPL,12,1,36
576,SPL,12,2,1
577,SPL,12,2,2
578,SPL,12,2,3
579,SPL,12,2,4
580,SPL,12,2,5
581,SPL,12,2,6
582,SPL,12,2,7
583,SPL,12,2,8
584,SPL,12,2,9
585,SPL,12,2,10
586,SPL,12,2,11
587,SPL,12,2,12
588,SPL,12,2,13
589,SPL,12,2,14
590,SPL,12,2,15
591,SPL,12,2,16
592,SPL,12,2,17
593,SPL,12,2,18
594,SPL,12,2,19
595,SPL,12,2,20
596,SPL,12,2,21
597,SPL,12,2,22
598,SPL,12,2,23
599,SPL,12,2,24
600,SPL,12,2,25
601,SPL,12,2,26
602,SPL,12,2,27
603,SPL,12,2,28
604,SPL,12,2,29
605,SPL,12,2,30
606,SPL,12,2,31
607,SPL,12,2,32
608,SPL,12,2,33
609,SPL,12,2,34
610,SPL,12,2,35
611,SPL,12,2,36
612,SPL,12,3,1
613,SPL,12,3,2
614,SPL,12,3,3
615,SPL,12,3,4
616,SPL,12,3,5
617,SPL,12,3,6
618,SPL,12,3,7
619,SPL,12,3,8
620,SPL,12,3,9
621,SPL,12,3,10
622,SPL,12,3,11
623,SPL,12,3,12
624,SPL,12,3,13
625,SPL,12,3,14
626,SPL,12,3,15
627,SPL,12,3,16
628,SPL,12,3,17
629,SPL,12,3,18
630,SPL,12,3,19
631,SPL,12,3,20
632,SPL,12,3,21
633,SPL,12,3,22
634,SPL,12,3,23
635,SPL,12,3,24
636,SPL,12,3,25
637,SPL,12,3,26
638,SPL,12,3,27
639,SPL,12,3,28
640,SPL,12,3,29
641,SPL,12,3,30
642,SPL,12,3,31
643,SPL,12,3,32
644,SPL,12,3,33
645,SPL,12,3,34
646,SPL,12,3,35
647,SPL,12,3,36
648,SPL,12,4,1
649,SPL,12,4,2
650,SPL,12,4,3
651,SPL,12,4,4
652,SPL,12,4,5
653,SPL,12,4,6
654,SPL,12,4,7
655,SPL,12,4,8
656,SPL,12,4,9
657,SPL,12,4,10
658,SPL,12,4,11
659,SPL,12,4,12
660,SPL,12,4,13
661,SPL,12,4,14
662,SPL,12,4,15
663,SPL,12,4,16
664,SPL,12,4,17
665,SPL,12,4,18
666,SPL,12,4,19
667,SPL,12,4,20
668,SPL,12,4,21
669,SPL,12,4,22
670,SPL,12,4,23
671,SPL,12,4,24
672,SPL,12,4,25
673,SPL,12,4,26
674,SPL,12,4,27
675,SPL,12,4,28
676,SPL,12,4,29
677,SPL,12,4,30
678,SPL,12,4,31
679,SPL,12,4,32
680,SPL,12,4,33
681,SPL,12,4,34
682,SPL,12,4,35
683,SPL,12,4,36
684,SPL,12,5,1
685,SPL,12,5,2
686,SPL,12,5,3
687,SPL,12,5,4
688,SPL,12,5,5
689,SPL,12,5,6
690,SPL,12,5,7
691,SPL,12,5,8
692,SPL,12,5,9
693,SPL,12,5,10
694,SPL,12,5,11
695,SPL,12,5,12
696,SPL,12,5,13
697,SPL,12,5,14
698,SPL,12,5,15
699,SPL,12,5,16
700,SPL,12,5,17
701,SPL,12,5,18
702,SPL,12,5,19
703,SPL,12,5,20
704,SPL,12,5,21
705,SPL,12,5,22
706,SPL,12,5,23
707,SPL,12,5,24
708,SPL,12,5,25
709,SPL,12,5,26
710,SPL,12,5,27
711,SPL,12,5,28
712,SPL,12,5,29
713,SPL,12,5,30
714,SPL,12,5,31
715,SPL,12,5,32
716,SPL,12,5,33
717,SPL,12,5,34
718,SPL,12,5,35
719,SPL,12,5,36
720,SPL,18,1,1
721,SPL,18,1,2
722,SPL,18,1,3
723,SPL,18,1,4
724,SPL,18,1,5
725,SPL,18,1,6
726,SPL,18,1,7
727,SPL,18,1,8
728,SPL,18,1,9
729,SPL,18,1,10
730,SPL,18,1,11
731,SPL,18,1,12
732,SPL,18,1,13
733,SPL,18,1,14
734,SPL,18,1,15
735,SPL,18,1,16
736,SPL,18,1,17
737,SPL,18,1,18
738,SPL,18,1,19
739,SPL,18,1,20
740,SPL,18,1,21
741,SPL,18,1,22
742,SPL,18,1,23
743,SPL,18,1,24
744,SPL,18,1,25
745,SPL,18,1,26
746,SPL,18,1,27
747,SPL,18,1,28
748,SPL,18,1,29
749,SPL,18,1,30
750,SPL,18,1,31
751,SPL,18,1,32
752,SPL,18,1,33
753,SPL,18,1,34
754,SPL,18,1,35
755,SPL,18,1,36
756,SPL,18,2,1
757,SPL,18,2,2
758,SPL,18,2,3
759,SPL,18,2,4
760,SPL,18,2,5
761,SPL,18,2,6
762,SPL,18,2,7
763,SPL,18,2,8
764,SPL,18,2,9
765,SPL,18,2,10
766,SPL,18,2,11
767,SPL,18,2,12
768,SPL,18,2,13
769,SPL,18,2,14
770,SPL,18,2,15
771,SPL,18,2,16
772,SPL,18,2,17
773,SPL,18,2,18
774,SPL,18,2,19
775,SPL,18,2,20
776,SPL,18,2,21
777,SPL,18,2,22
778,SPL,18,2,23
779,SPL,18,2,24
780,SPL,18,2,25
781,SPL,18,2,26
782,SPL,18,2,27
783,SPL,18,2,28
784,SPL,18,2,29
785,SPL,18,2,30
786,SPL,18,2,31
787,SPL,18,2,32
788,SPL,18,2,33
789,SPL,18,2,34
790,SPL,18,2,35
791,SPL,18,2,36
792,SPL,18,3,1
793,SPL,18,3,2
794,SPL,18,3,3
795,SPL,18,3,4
796,SPL,18,3,5
797,SPL,18,3,6
798,SPL,18,3,7
799,SPL,18,3,8
800,SPL,18,3,9
801,SPL,18,3,10
802,SPL,18,3,11
803,SPL,18,3,12
804,SPL,18,3,13
805,SPL,18,3,14
806,SPL,18,3,15
807,SPL,18,3,16
808,SPL,18,3,17
809,SPL,18,3,18
810,SPL,18,3,19
811,SPL,18,3,20
812,SPL,18,3,21
813,SPL,18,3,22
814,SPL,18,3,23
815,SPL,18,3,24
816,SPL,18,3,25
817,SPL,18,3,26
818,SPL,18,3,27
819,SPL,18,3,28
820,SPL,18,3,29
821,SPL,18,3,30
822,SPL,18,3,31
823,SPL,18,3,32
824,SPL,18,3,33
825,SPL,18,3,34
826,SPL,18,3,35
827,SPL,18,3,36
828,SPL,18,4,1
829,SPL,18,4,2
830,SPL,18,4,3
831,SPL,18,4,4
832,SPL,18,4,5
833,SPL,18,4,6
834,SPL,18,4,7
835,SPL,18,4,8
836,SPL,18,4,9
837,SPL,18,4,10
838,SPL,18,4,11
839,SPL,18,4,12
840,SPL,18,4,13
841,SPL,18,4,14
842,SPL,18,4,15
843,SPL,18,4,16
844,SPL,18,4,17
845,SPL,18,4,18
846,SPL,18,4,19
847,SPL,18,4,20
848,SPL,18,4,21
849,SPL,18,4,22
850,SPL,18,4,23
851,SPL,18,4,24
852,SPL,18,4,25
853,SPL,18,4,26
854,SPL,18,4,27
855,SPL,18,4,28
856,SPL,18,4,29
857,SPL,18,4,30
858,SPL,18,4,31
859,SPL,18,4,32
860,SPL,18,4,33
861,SPL,18,4,34
862,SPL,18,4,35
863,SPL,18,4,36
864,SPL,18,5,1
865,SPL,18,5,2
866,SPL,18,5,3
867,SPL,18,5,4
868,SPL,18,5,5
869,SPL,18,5,6
870,SPL,18,5,7
871,SPL,18,5,8
872,SPL,18,5,9
873,SPL,18,5,10
874,SPL,18,5,11
875,SPL,18,5,12
876,SPL,18,5,13
877,SPL,18,5,14
878,SPL,18,5,15
879,SPL,18,5,16
880,SPL,18,5,17
881,SPL,18,5,18
882,SPL,18,5,19
883,SPL,18,5,20
884,SPL,18,5,21
885,SPL,18,5,22
886,SPL,18,5,23
887,SPL,18,5,24
888,SPL,18,5,25
889,SPL,18,5,26
890,SPL,18,5,27
891,SPL,18,5,28
892,SPL,18,5,29
893,SPL,18,5,30
894,SPL,18,5,31
895,SPL,18,5,32
896,SPL,18,5,33
897,SPL,18,5,34
898,SPL,18,5,35
899,SPL,18,5,36
900,SPL,24,1,1
901,SPL,24,1,2
902,SPL,24,1,3
903,SPL,24,1,4
904,SPL,24,1,5
905,SPL,24,1,6
906,SPL,24,1,7
907,SPL,24,1,8
908,SPL,24,1,9
909,SPL,24,1,10
910,SPL,24,1,11
911,SPL,24,1,12
912,SPL,24,1,13
913,SPL,24,1,14
914,SPL,24,1,15
915,SPL,24,1,16
916,SPL,24,1,17
917,SPL,24,1,18
918,SPL,24,1,19
919,SPL,24,1,20
920,SPL,24,1,21
921,SPL,24,1,22
922,SPL,24,1,23
923,SPL,24,1,24
924,SPL,24,1,25
925,SPL,24,1,26
926,SPL,24,1,27
927,SPL,24,1,28
928,SPL,24,1,29
929,SPL,24,1,30
930,SPL,24,1,31
931,SPL,24,1,32
932,SPL,24,1,33
933,SPL,24,1,34
934,SPL,24,1,35
935,SPL,24,1,36
936,SPL,24,2,1
937,SPL,24,2,2
938,SPL,24,2,3
939,SPL,24,2,4
940,SPL,24,2,5
941,SPL,24,2,6
942,SPL,24,2,7
943,SPL,24,2,8
944,SPL,24,2,9
945,SPL,24,2,10
946,SPL,24,2,11
947,SPL,24,2,12
948,SPL,24,2,13
949,SPL,24,2,14
950,SPL,24,2,15
951,SPL,24,2,16
952,SPL,24,2,17
953,SPL,24,2,18
954,SPL,24,2,19
955,SPL,24,2,20
956,SPL,24,2,21
957,SPL,24,2,22
958,SPL,24,2,23
959,SPL,24,2,24
960,SPL,24,2,25
961,SPL,24,2,26
962,SPL,24,2,27
963,SPL,24,2,28
964,SPL,24,2,29
965,SPL,24,2,30
966,SPL,24,2,31
967,SPL,24,2,32
968,SPL,24,2,33
969,SPL,24,2,34
970,SPL,24,2,35
971,SPL,24,2,36
972,SPL,24,3,1
973,SPL,24,3,2
974,SPL,24,3,3
975,SPL,24,3,4
976,SPL,24,3,5
977,SPL,24,3,6
978,SPL,24,3,7
979,SPL,24,3,8
980,SPL,24,3,9
981,SPL,24,3,10
982,SPL,24,3,11
983,SPL,24,3,12
984,SPL,24,3,13
985,SPL,24,3,14
986,SPL,24,3,15
987,SPL,24,3,16
988,SPL,24,3,17
989,SPL,24,3,18
990,SPL,24,3,19
991,SPL,24,3,20
992,SPL,24,3,21
993,SPL,24,3,22
994,SPL,24,3,23
995,SPL,24,3,24
996,SPL,24,3,25
997,SPL,24,3,26
998,SPL,24,3,27
999,SPL,24,3,28
1000,SPL,24,3,29
1001,SPL,24,3,30
1002,SPL,24,3,31
1003,SPL,24,3,32
1004,SPL,24,3,33
1005,SPL,24,3,34
1006,SPL,24,3,35
1007,SPL,24,3,36
1008,SPL,24,4,1
1009,SPL,24,4,2
1010,SPL,24,4,3
1011,SPL,24,4,4
1012,SPL,24,4,5
1013,SPL,24,4,6
1014,SPL,24,4,7
1015,SPL,24,4,8
1016,SPL,24,4,9
1017,SPL,24,4,10
1018,SPL,24,4,11
1019,SPL,24,4,12
1020,SPL,24,4,13
1021,SPL,24,4,14
1022,SPL,24,4,15
1023,SPL,24,4,16
1024,SPL,24,4,17
1025,SPL,24,4,18
1026,SPL,24,4,19
1027,SPL,24,4,20
1028,SPL,24,4,21
1029,SPL,24,4,22
1030,SPL,24,4,23
1031,SPL,24,4,24
1032,SPL,24,4,25
1033,SPL,24,4,26
1034,SPL,24,4,27
1035,SPL,24,4,28
1036,SPL,24,4,29
1037,SPL,24,4,30
1038,SPL,24,4,31
1039,SPL,24,4,32
1040,SPL,24,4,33
1041,SPL,24,4,34
1042,SPL,24,4,35
1043,SPL,24,4,36
1044,SPL,24,5,1
1045,SPL,24,5,2
1046,SPL,24,5,3
1047,SPL,24,5,4
1048,SPL,24,5,5
1049,SPL,24,5,6
1050,SPL,24,5,7
1051,SPL,24,5,8
1052,SPL,24,5,9
1053,SPL,24,5,10
1054,SPL,24,5,11
1055,SPL,24,5,12
1056,SPL,24,5,13
1057,SPL,24,5,14
1058,SPL,24,5,15
1059,SPL,24,5,16
1060,SPL,24,5,17
1061,SPL,24,5,18
1062,SPL,24,5,19
1063,SPL,24,5,20
1064,SPL,24,5,21
1065,SPL,24,5,22
1066,SPL,24,5,23
1067,SPL,24,5,24
1068,SPL,24,5,25
1069,SPL,24,5,26
1070,SPL,24,5,27
1071,SPL,24,5,28
1072,SPL,24,5,29
1073,SPL,24,5,30
1074,SPL,24,5,31
1075,SPL,24,5,32
1076,SPL,24,5,33
1077,SPL,24,5,34
1078,SPL,24,5,35
1079,SPL,24,5,36
,PD_Segment,Tenor,Bucket,MOB
0,AKL,1,1,1
1,AKL,1,1,2
2,AKL,1,1,3
3,AKL,1,1,4
4,AKL,1,1,5
5,AKL,1,1,6
6,AKL,1,1,7
7,AKL,1,1,8
8,AKL,1,1,9
9,AKL,1,1,10
10,AKL,1,1,11
11,AKL,1,1,12
12,AKL,1,1,13
13,AKL,1,1,14
14,AKL,1,1,15
15,AKL,1,1,16
16,AKL,1,1,17
17,AKL,1,1,18
18,AKL,1,1,19
19,AKL,1,1,20
20,AKL,1,1,21
21,AKL,1,1,22
22,AKL,1,1,23
23,AKL,1,1,24
24,AKL,1,1,25
25,AKL,1,1,26
26,AKL,1,1,27
27,AKL,1,1,28
28,AKL,1,1,29
29,AKL,1,1,30
30,AKL,1,1,31
31,AKL,1,1,32
32,AKL,1,1,33
33,AKL,1,1,34
34,AKL,1,1,35
35,AKL,1,1,36
36,AKL,1,2,1
37,AKL,1,2,2
38,AKL,1,2,3
39,AKL,1,2,4
40,AKL,1,2,5
41,AKL,1,2,6
42,AKL,1,2,7
43,AKL,1,2,8
44,AKL,1,2,9
45,AKL,1,2,10
46,AKL,1,2,11
47,AKL,1,2,12
48,AKL,1,2,13
49,AKL,1,2,14
50,AKL,1,2,15
51,AKL,1,2,16
52,AKL,1,2,17
53,AKL,1,2,18
54,AKL,1,2,19
55,AKL,1,2,20
56,AKL,1,2,21
57,AKL,1,2,22
58,AKL,1,2,23
59,AKL,1,2,24
60,AKL,1,2,25
61,AKL,1,2,26
62,AKL,1,2,27
63,AKL,1,2,28
64,AKL,1,2,29
65,AKL,1,2,30
66,AKL,1,2,31
67,AKL,1,2,32
68,AKL,1,2,33
69,AKL,1,2,34
70,AKL,1,2,35
71,AKL,1,2,36
72,AKL,1,3,1
73,AKL,1,3,2
74,AKL,1,3,3
75,AKL,1,3,4
76,AKL,1,3,5
77,AKL,1,3,6
78,AKL,1,3,7
79,AKL,1,3,8
80,AKL,1,3,9
81,AKL,1,3,10
82,AKL,1,3,11
83,AKL,1,3,12
84,AKL,1,3,13
85,AKL,1,3,14
86,AKL,1,3,15
87,AKL,1,3,16
88,AKL,1,3,17
89,AKL,1,3,18
90,AKL,1,3,19
91,AKL,1,3,20
92,AKL,1,3,21
93,AKL,1,3,22
94,AKL,1,3,23
95,AKL,1,3,24
96,AKL,1,3,25
97,AKL,1,3,26
98,AKL,1,3,27
99,AKL,1,3,28
100,AKL,1,3,29
101,AKL,1,3,30
102,AKL,1,3,31
103,AKL,1,3,32
104,AKL,1,3,33
105,AKL,1,3,34
106,AKL,1,3,35
107,AKL,1,3,36
108,AKL,1,4,1
109,AKL,1,4,2
110,AKL,1,4,3
111,AKL,1,4,4
112,AKL,1,4,5
113,AKL,1,4,6
114,AKL,1,4,7
115,AKL,1,4,8
116,AKL,1,4,9
117,AKL,1,4,10
118,AKL,1,4,11
119,AKL,1,4,12
120,AKL,1,4,13
121,AKL,1,4,14
122,AKL,1,4,15
123,AKL,1,4,16
124,AKL,1,4,17
125,AKL,1,4,18
126,AKL,1,4,19
127,AKL,1,4,20
128,AKL,1,4,21
129,AKL,1,4,22
130,AKL,1,4,23
131,AKL,1,4,24
132,AKL,1,4,25
133,AKL,1,4,26
134,AKL,1,4,27
135,AKL,1,4,28
136,AKL,1,4,29
137,AKL,1,4,30
138,AKL,1,4,31
139,AKL,1,4,32
140,AKL,1,4,33
141,AKL,1,4,34
142,AKL,1,4,35
143,AKL,1,4,36
144,AKL,1,5,1
145,AKL,1,5,2
146,AKL,1,5,3
147,AKL,1,5,4
148,AKL,1,5,5
149,AKL,1,5,6
150,AKL,1,5,7
151,AKL,1,5,8
152,AKL,1,5,9
153,AKL,1,5,10
154,AKL,1,5,11
155,AKL,1,5,12
156,AKL,1,5,13
157,AKL,1,5,14
158,AKL,1,5,15
159,AKL,1,5,16
160,AKL,1,5,17
161,AKL,1,5,18
162,AKL,1,5,19
163,AKL,1,5,20
164,AKL,1,5,21
165,AKL,1,5,22
166,AKL,1,5,23
167,AKL,1,5,24
168,AKL,1,5,25
169,AKL,1,5,26
170,AKL,1,5,27
171,AKL,1,5,28
172,AKL,1,5,29
173,AKL,1,5,30
174,AKL,1,5,31
175,AKL,1,5,32
176,AKL,1,5,33
177,AKL,1,5,34
178,AKL,1,5,35
179,AKL,1,5,36
180,AKL,2,1,1
181,AKL,2,1,2
182,AKL,2,1,3
183,AKL,2,1,4
184,AKL,2,1,5
185,AKL,2,1,6
186,AKL,2,1,7
187,AKL,2,1,8
188,AKL,2,1,9
189,AKL,2,1,10
190,AKL,2,1,11
191,AKL,2,1,12
192,AKL,2,1,13
193,AKL,2,1,14
194,AKL,2,1,15
195,AKL,2,1,16
196,AKL,2,1,17
197,AKL,2,1,18
198,AKL,2,1,19
199,AKL,2,1,20
200,AKL,2,1,21
201,AKL,2,1,22
202,AKL,2,1,23
203,AKL,2,1,24
204,AKL,2,1,25
205,AKL,2,1,26
206,AKL,2,1,27
207,AKL,2,1,28
208,AKL,2,1,29
209,AKL,2,1,30
210,AKL,2,1,31
211,AKL,2,1,32
212,AKL,2,1,33
213,AKL,2,1,34
214,AKL,2,1,35
215,AKL,2,1,36
216,AKL,2,2,1
217,AKL,2,2,2
218,AKL,2,2,3
219,AKL,2,2,4
220,AKL,2,2,5
221,AKL,2,2,6
222,AKL,2,2,7
223,AKL,2,2,8
224,AKL,2,2,9
225,AKL,2,2,10
226,AKL,2,2,11
227,AKL,2,2,12
228,AKL,2,2,13
229,AKL,2,2,14
230,AKL,2,2,15
231,AKL,2,2,16
232,AKL,2,2,17
233,AKL,2,2,18
234,AKL,2,2,19
235,AKL,2,2,20
236,AKL,2,2,21
237,AKL,2,2,22
238,AKL,2,2,23
239,AKL,2,2,24
240,AKL,2,2,25
241,AKL,2,2,26
242,AKL,2,2,27
243,AKL,2,2,28
244,AKL,2,2,29
245,AKL,2,2,30
246,AKL,2,2,31
247,AKL,2,2,32
248,AKL,2,2,33
249,AKL,2,2,34
250,AKL,2,2,35
251,AKL,2,2,36
252,AKL,2,3,1
253,AKL,2,3,2
254,AKL,2,3,3
255,AKL,2,3,4
256,AKL,2,3,5
257,AKL,2,3,6
258,AKL,2,3,7
259,AKL,2,3,8
260,AKL,2,3,9
261,AKL,2,3,10
262,AKL,2,3,11
263,AKL,2,3,12
264,AKL,2,3,13
265,AKL,2,3,14
266,AKL,2,3,15
267,AKL,2,3,16
268,AKL,2,3,17
269,AKL,2,3,18
270,AKL,2,3,19
271,AKL,2,3,20
272,AKL,2,3,21
273,AKL,2,3,22
274,AKL,2,3,23
275,AKL,2,3,24
276,AKL,2,3,25
277,AKL,2,3,26
278,AKL,2,3,27
279,AKL,2,3,28
280,AKL,2,3,29
281,AKL,2,3,30
282,AKL,2,3,31
283,AKL,2,3,32
284,AKL,2,3,33
285,AKL,2,3,34
286,AKL,2,3,35
287,AKL,2,3,36
288,AKL,2,4,1
289,AKL,2,4,2
290,AKL,2,4,3
291,AKL,2,4,4
292,AKL,2,4,5
293,AKL,2,4,6
294,AKL,2,4,7
295,AKL,2,4,8
296,AKL,2,4,9
297,AKL,2,4,10
298,AKL,2,4,11
299,AKL,2,4,12
300,AKL,2,4,13
301,AKL,2,4,14
302,AKL,2,4,15
303,AKL,2,4,16
304,AKL,2,4,17
305,AKL,2,4,18
306,AKL,2,4,19
307,AKL,2,4,20
308,AKL,2,4,21
309,AKL,2,4,22
310,AKL,2,4,23
311,AKL,2,4,24
312,AKL,2,4,25
313,AKL,2,4,26
314,AKL,2,4,27
315,AKL,2,4,28
316,AKL,2,4,29
317,AKL,2,4,30
318,AKL,2,4,31
319,AKL,2,4,32
320,AKL,2,4,33
321,AKL,2,4,34
322,AKL,2,4,35
323,AKL,2,4,36
324,AKL,2,5,1
325,AKL,2,5,2
326,AKL,2,5,3
327,AKL,2,5,4
328,AKL,2,5,5
329,AKL,2,5,6
330,AKL,2,5,7
331,AKL,2,5,8
332,AKL,2,5,9
333,AKL,2,5,10
334,AKL,2,5,11
335,AKL,2,5,12
336,AKL,2,5,13
337,AKL,2,5,14
338,AKL,2,5,15
339,AKL,2,5,16
340,AKL,2,5,17
341,AKL,2,5,18
342,AKL,2,5,19
343,AKL,2,5,20
344,AKL,2,5,21
345,AKL,2,5,22
346,AKL,2,5,23
347,AKL,2,5,24
348,AKL,2,5,25
349,AKL,2,5,26
350,AKL,2,5,27
351,AKL,2,5,28
352,AKL,2,5,29
353,AKL,2,5,30
354,AKL,2,5,31
355,AKL,2,5,32
356,AKL,2,5,33
357,AKL,2,5,34
358,AKL,2,5,35
359,AKL,2,5,36
360,AKL,3,1,1
361,AKL,3,1,2
362,AKL,3,1,3
363,AKL,3,1,4
364,AKL,3,1,5
365,AKL,3,1,6
366,AKL,3,1,7
367,AKL,3,1,8
368,AKL,3,1,9
369,AKL,3,1,10
370,AKL,3,1,11
371,AKL,3,1,12
372,AKL,3,1,13
373,AKL,3,1,14
374,AKL,3,1,15
375,AKL,3,1,16
376,AKL,3,1,17
377,AKL,3,1,18
378,AKL,3,1,19
379,AKL,3,1,20
380,AKL,3,1,21
381,AKL,3,1,22
382,AKL,3,1,23
383,AKL,3,1,24
384,AKL,3,1,25
385,AKL,3,1,26
386,AKL,3,1,27
387,AKL,3,1,28
388,AKL,3,1,29
389,AKL,3,1,30
390,AKL,3,1,31
391,AKL,3,1,32
392,AKL,3,1,33
393,AKL,3,1,34
394,AKL,3,1,35
395,AKL,3,1,36
396,AKL,3,2,1
397,AKL,3,2,2
398,AKL,3,2,3
399,AKL,3,2,4
400,AKL,3,2,5
401,AKL,3,2,6
402,AKL,3,2,7
403,AKL,3,2,8
404,AKL,3,2,9
405,AKL,3,2,10
406,AKL,3,2,11
407,AKL,3,2,12
408,AKL,3,2,13
409,AKL,3,2,14
410,AKL,3,2,15
411,AKL,3,2,16
412,AKL,3,2,17
413,AKL,3,2,18
414,AKL,3,2,19
415,AKL,3,2,20
416,AKL,3,2,21
417,AKL,3,2,22
418,AKL,3,2,23
419,AKL,3,2,24
420,AKL,3,2,25
421,AKL,3,2,26
422,AKL,3,2,27
423,AKL,3,2,28
424,AKL,3,2,29
425,AKL,3,2,30
426,AKL,3,2,31
427,AKL,3,2,32
428,AKL,3,2,33
429,AKL,3,2,34
430,AKL,3,2,35
431,AKL,3,2,36
432,AKL,3,3,1
433,AKL,3,3,2
434,AKL,3,3,3
435,AKL,3,3,4
436,AKL,3,3,5
437,AKL,3,3,6
438,AKL,3,3,7
439,AKL,3,3,8
440,AKL,3,3,9
441,AKL,3,3,10
442,AKL,3,3,11
443,AKL,3,3,12
444,AKL,3,3,13
445,AKL,3,3,14
446,AKL,3,3,15
447,AKL,3,3,16
448,AKL,3,3,17
449,AKL,3,3,18
450,AKL,3,3,19
451,AKL,3,3,20
452,AKL,3,3,21
453,AKL,3,3,22
454,AKL,3,3,23
455,AKL,3,3,24
456,AKL,3,3,25
457,AKL,3,3,26
458,AKL,3,3,27
459,AKL,3,3,28
460,AKL,3,3,29
461,AKL,3,3,30
462,AKL,3,3,31
463,AKL,3,3,32
464,AKL,3,3,33
465,AKL,3,3,34
466,AKL,3,3,35
467,AKL,3,3,36
468,AKL,3,4,1
469,AKL,3,4,2
470,AKL,3,4,3
471,AKL,3,4,4
472,AKL,3,4,5
473,AKL,3,4,6
474,AKL,3,4,7
475,AKL,3,4,8
476,AKL,3,4,9
477,AKL,3,4,10
478,AKL,3,4,11
479,AKL,3,4,12
480,AKL,3,4,13
481,AKL,3,4,14
482,AKL,3,4,15
483,AKL,3,4,16
484,AKL,3,4,17
485,AKL,3,4,18
486,AKL,3,4,19
487,AKL,3,4,20
488,AKL,3,4,21
489,AKL,3,4,22
490,AKL,3,4,23
491,AKL,3,4,24
492,AKL,3,4,25
493,AKL,3,4,26
494,AKL,3,4,27
495,AKL,3,4,28
496,AKL,3,4,29
497,AKL,3,4,30
498,AKL,3,4,31
499,AKL,3,4,32
500,AKL,3,4,33
501,AKL,3,4,34
502,AKL,3,4,35
503,AKL,3,4,36
504,AKL,3,5,1
505,AKL,3,5,2
506,AKL,3,5,3
507,AKL,3,5,4
508,AKL,3,5,5
509,AKL,3,5,6
510,AKL,3,5,7
511,AKL,3,5,8
512,AKL,3,5,9
513,AKL,3,5,10
514,AKL,3,5,11
515,AKL,3,5,12
516,AKL,3,5,13
517,AKL,3,5,14
518,AKL,3,5,15
519,AKL,3,5,16
520,AKL,3,5,17
521,AKL,3,5,18
522,AKL,3,5,19
523,AKL,3,5,20
524,AKL,3,5,21
525,AKL,3,5,22
526,AKL,3,5,23
527,AKL,3,5,24
528,AKL,3,5,25
529,AKL,3,5,26
530,AKL,3,5,27
531,AKL,3,5,28
532,AKL,3,5,29
533,AKL,3,5,30
534,AKL,3,5,31
535,AKL,3,5,32
536,AKL,3,5,33
537,AKL,3,5,34
538,AKL,3,5,35
539,AKL,3,5,36
540,AKL,6,1,1
541,AKL,6,1,2
542,AKL,6,1,3
543,AKL,6,1,4
544,AKL,6,1,5
545,AKL,6,1,6
546,AKL,6,1,7
547,AKL,6,1,8
548,AKL,6,1,9
549,AKL,6,1,10
550,AKL,6,1,11
551,AKL,6,1,12
552,AKL,6,1,13
553,AKL,6,1,14
554,AKL,6,1,15
555,AKL,6,1,16
556,AKL,6,1,17
557,AKL,6,1,18
558,AKL,6,1,19
559,AKL,6,1,20
560,AKL,6,1,21
561,AKL,6,1,22
562,AKL,6,1,23
563,AKL,6,1,24
564,AKL,6,1,25
565,AKL,6,1,26
566,AKL,6,1,27
567,AKL,6,1,28
568,AKL,6,1,29
569,AKL,6,1,30
570,AKL,6,1,31
571,AKL,6,1,32
572,AKL,6,1,33
573,AKL,6,1,34
574,AKL,6,1,35
575,AKL,6,1,36
576,AKL,6,2,1
577,AKL,6,2,2
578,AKL,6,2,3
579,AKL,6,2,4
580,AKL,6,2,5
581,AKL,6,2,6
582,AKL,6,2,7
583,AKL,6,2,8
584,AKL,6,2,9
585,AKL,6,2,10
586,AKL,6,2,11
587,AKL,6,2,12
588,AKL,6,2,13
589,AKL,6,2,14
590,AKL,6,2,15
591,AKL,6,2,16
592,AKL,6,2,17
593,AKL,6,2,18
594,AKL,6,2,19
595,AKL,6,2,20
596,AKL,6,2,21
597,AKL,6,2,22
598,AKL,6,2,23
599,AKL,6,2,24
600,AKL,6,2,25
601,AKL,6,2,26
602,AKL,6,2,27
603,AKL,6,2,28
604,AKL,6,2,29
605,AKL,6,2,30
606,AKL,6,2,31
607,AKL,6,2,32
608,AKL,6,2,33
609,AKL,6,2,34
610,AKL,6,2,35
611,AKL,6,2,36
612,AKL,6,3,1
613,AKL,6,3,2
614,AKL,6,3,3
615,AKL,6,3,4
616,AKL,6,3,5
617,AKL,6,3,6
618,AKL,6,3,7
619,AKL,6,3,8
620,AKL,6,3,9
621,AKL,6,3,10
622,AKL,6,3,11
623,AKL,6,3,12
624,AKL,6,3,13
625,AKL,6,3,14
626,AKL,6,3,15
627,AKL,6,3,16
628,AKL,6,3,17
629,AKL,6,3,18
630,AKL,6,3,19
631,AKL,6,3,20
632,AKL,6,3,21
633,AKL,6,3,22
634,AKL,6,3,23
635,AKL,6,3,24
636,AKL,6,3,25
637,AKL,6,3,26
638,AKL,6,3,27
639,AKL,6,3,28
640,AKL,6,3,29
641,AKL,6,3,30
642,AKL,6,3,31
643,AKL,6,3,32
644,AKL,6,3,33
645,AKL,6,3,34
646,AKL,6,3,35
647,AKL,6,3,36
648,AKL,6,4,1
649,AKL,6,4,2
650,AKL,6,4,3
651,AKL,6,4,4
652,AKL,6,4,5
653,AKL,6,4,6
654,AKL,6,4,7
655,AKL,6,4,8
656,AKL,6,4,9
657,AKL,6,4,10
658,AKL,6,4,11
659,AKL,6,4,12
660,AKL,6,4,13
661,AKL,6,4,14
662,AKL,6,4,15
663,AKL,6,4,16
664,AKL,6,4,17
665,AKL,6,4,18
666,AKL,6,4,19
667,AKL,6,4,20
668,AKL,6,4,21
669,AKL,6,4,22
670,AKL,6,4,23
671,AKL,6,4,24
672,AKL,6,4,25
673,AKL,6,4,26
674,AKL,6,4,27
675,AKL,6,4,28
676,AKL,6,4,29
677,AKL,6,4,30
678,AKL,6,4,31
679,AKL,6,4,32
680,AKL,6,4,33
681,AKL,6,4,34
682,AKL,6,4,35
683,AKL,6,4,36
684,AKL,6,5,1
685,AKL,6,5,2
686,AKL,6,5,3
687,AKL,6,5,4
688,AKL,6,5,5
689,AKL,6,5,6
690,AKL,6,5,7
691,AKL,6,5,8
692,AKL,6,5,9
693,AKL,6,5,10
694,AKL,6,5,11
695,AKL,6,5,12
696,AKL,6,5,13
697,AKL,6,5,14
698,AKL,6,5,15
699,AKL,6,5,16
700,AKL,6,5,17
701,AKL,6,5,18
702,AKL,6,5,19
703,AKL,6,5,20
704,AKL,6,5,21
705,AKL,6,5,22
706,AKL,6,5,23
707,AKL,6,5,24
708,AKL,6,5,25
709,AKL,6,5,26
710,AKL,6,5,27
711,AKL,6,5,28
712,AKL,6,5,29
713,AKL,6,5,30
714,AKL,6,5,31
715,AKL,6,5,32
716,AKL,6,5,33
717,AKL,6,5,34
718,AKL,6,5,35
719,AKL,6,5,36
720,AKL,9,1,1
721,AKL,9,1,2
722,AKL,9,1,3
723,AKL,9,1,4
724,AKL,9,1,5
725,AKL,9,1,6
726,AKL,9,1,7
727,AKL,9,1,8
728,AKL,9,1,9
729,AKL,9,1,10
730,AKL,9,1,11
731,AKL,9,1,12
732,AKL,9,1,13
733,AKL,9,1,14
734,AKL,9,1,15
735,AKL,9,1,16
736,AKL,9,1,17
737,AKL,9,1,18
738,AKL,9,1,19
739,AKL,9,1,20
740,AKL,9,1,21
741,AKL,9,1,22
742,AKL,9,1,23
743,AKL,9,1,24
744,AKL,9,1,25
745,AKL,9,1,26
746,AKL,9,1,27
747,AKL,9,1,28
748,AKL,9,1,29
749,AKL,9,1,30
750,AKL,9,1,31
751,AKL,9,1,32
752,AKL,9,1,33
753,AKL,9,1,34
754,AKL,9,1,35
755,AKL,9,1,36
756,AKL,9,2,1
757,AKL,9,2,2
758,AKL,9,2,3
759,AKL,9,2,4
760,AKL,9,2,5
761,AKL,9,2,6
762,AKL,9,2,7
763,AKL,9,2,8
764,AKL,9,2,9
765,AKL,9,2,10
766,AKL,9,2,11
767,AKL,9,2,12
768,AKL,9,2,13
769,AKL,9,2,14
770,AKL,9,2,15
771,AKL,9,2,16
772,AKL,9,2,17
773,AKL,9,2,18
774,AKL,9,2,19
775,AKL,9,2,20
776,AKL,9,2,21
777,AKL,9,2,22
778,AKL,9,2,23
779,AKL,9,2,24
780,AKL,9,2,25
781,AKL,9,2,26
782,AKL,9,2,27
783,AKL,9,2,28
784,AKL,9,2,29
785,AKL,9,2,30
786,AKL,9,2,31
787,AKL,9,2,32
788,AKL,9,2,33
789,AKL,9,2,34
790,AKL,9,2,35
791,AKL,9,2,36
792,AKL,9,3,1
793,AKL,9,3,2
794,AKL,9,3,3
795,AKL,9,3,4
796,AKL,9,3,5
797,AKL,9,3,6
798,AKL,9,3,7
799,AKL,9,3,8
800,AKL,9,3,9
801,AKL,9,3,10
802,AKL,9,3,11
803,AKL,9,3,12
804,AKL,9,3,13
805,AKL,9,3,14
806,AKL,9,3,15
807,AKL,9,3,16
808,AKL,9,3,17
809,AKL,9,3,18
810,AKL,9,3,19
811,AKL,9,3,20
812,AKL,9,3,21
813,AKL,9,3,22
814,AKL,9,3,23
815,AKL,9,3,24
816,AKL,9,3,25
817,AKL,9,3,26
818,AKL,9,3,27
819,AKL,9,3,28
820,AKL,9,3,29
821,AKL,9,3,30
822,AKL,9,3,31
823,AKL,9,3,32
824,AKL,9,3,33
825,AKL,9,3,34
826,AKL,9,3,35
827,AKL,9,3,36
828,AKL,9,4,1
829,AKL,9,4,2
830,AKL,9,4,3
831,AKL,9,4,4
832,AKL,9,4,5
833,AKL,9,4,6
834,AKL,9,4,7
835,AKL,9,4,8
836,AKL,9,4,9
837,AKL,9,4,10
838,AKL,9,4,11
839,AKL,9,4,12
840,AKL,9,4,13
841,AKL,9,4,14
842,AKL,9,4,15
843,AKL,9,4,16
844,AKL,9,4,17
845,AKL,9,4,18
846,AKL,9,4,19
847,AKL,9,4,20
848,AKL,9,4,21
849,AKL,9,4,22
850,AKL,9,4,23
851,AKL,9,4,24
852,AKL,9,4,25
853,AKL,9,4,26
854,AKL,9,4,27
855,AKL,9,4,28
856,AKL,9,4,29
857,AKL,9,4,30
858,AKL,9,4,31
859,AKL,9,4,32
860,AKL,9,4,33
861,AKL,9,4,34
862,AKL,9,4,35
863,AKL,9,4,36
864,AKL,9,5,1
865,AKL,9,5,2
866,AKL,9,5,3
867,AKL,9,5,4
868,AKL,9,5,5
869,AKL,9,5,6
870,AKL,9,5,7
871,AKL,9,5,8
872,AKL,9,5,9
873,AKL,9,5,10
874,AKL,9,5,11
875,AKL,9,5,12
876,AKL,9,5,13
877,AKL,9,5,14
878,AKL,9,5,15
879,AKL,9,5,16
880,AKL,9,5,17
881,AKL,9,5,18
882,AKL,9,5,19
883,AKL,9,5,20
884,AKL,9,5,21
885,AKL,9,5,22
886,AKL,9,5,23
887,AKL,9,5,24
888,AKL,9,5,25
889,AKL,9,5,26
890,AKL,9,5,27
891,AKL,9,5,28
892,AKL,9,5,29
893,AKL,9,5,30
894,AKL,9,5,31
895,AKL,9,5,32
896,AKL,9,5,33
897,AKL,9,5,34
898,AKL,9,5,35
899,AKL,9,5,36
,PD_Segment,Tenor,Bucket,MOB
0,EAL,2,1,1
1,EAL,2,1,2
2,EAL,2,1,3
3,EAL,2,1,4
4,EAL,2,1,5
5,EAL,2,1,6
6,EAL,2,1,7
7,EAL,2,1,8
8,EAL,2,1,9
9,EAL,2,1,10
10,EAL,2,1,11
11,EAL,2,1,12
12,EAL,2,1,13
13,EAL,2,1,14
14,EAL,2,1,15
15,EAL,2,1,16
16,EAL,2,1,17
17,EAL,2,1,18
18,EAL,2,1,19
19,EAL,2,1,20
20,EAL,2,1,21
21,EAL,2,1,22
22,EAL,2,1,23
23,EAL,2,1,24
24,EAL,2,1,25
25,EAL,2,1,26
26,EAL,2,1,27
27,EAL,2,1,28
28,EAL,2,1,29
29,EAL,2,1,30
30,EAL,2,1,31
31,EAL,2,1,32
32,EAL,2,1,33
33,EAL,2,1,34
34,EAL,2,1,35
35,EAL,2,1,36
36,EAL,2,2,1
37,EAL,2,2,2
38,EAL,2,2,3
39,EAL,2,2,4
40,EAL,2,2,5
41,EAL,2,2,6
42,EAL,2,2,7
43,EAL,2,2,8
44,EAL,2,2,9
45,EAL,2,2,10
46,EAL,2,2,11
47,EAL,2,2,12
48,EAL,2,2,13
49,EAL,2,2,14
50,EAL,2,2,15
51,EAL,2,2,16
52,EAL,2,2,17
53,EAL,2,2,18
54,EAL,2,2,19
55,EAL,2,2,20
56,EAL,2,2,21
57,EAL,2,2,22
58,EAL,2,2,23
59,EAL,2,2,24
60,EAL,2,2,25
61,EAL,2,2,26
62,EAL,2,2,27
63,EAL,2,2,28
64,EAL,2,2,29
65,EAL,2,2,30
66,EAL,2,2,31
67,EAL,2,2,32
68,EAL,2,2,33
69,EAL,2,2,34
70,EAL,2,2,35
71,EAL,2,2,36
72,EAL,2,3,1
73,EAL,2,3,2
74,EAL,2,3,3
75,EAL,2,3,4
76,EAL,2,3,5
77,EAL,2,3,6
78,EAL,2,3,7
79,EAL,2,3,8
80,EAL,2,3,9
81,EAL,2,3,10
82,EAL,2,3,11
83,EAL,2,3,12
84,EAL,2,3,13
85,EAL,2,3,14
86,EAL,2,3,15
87,EAL,2,3,16
88,EAL,2,3,17
89,EAL,2,3,18
90,EAL,2,3,19
91,EAL,2,3,20
92,EAL,2,3,21
93,EAL,2,3,22
94,EAL,2,3,23
95,EAL,2,3,24
96,EAL,2,3,25
97,EAL,2,3,26
98,EAL,2,3,27
99,EAL,2,3,28
100,EAL,2,3,29
101,EAL,2,3,30
102,EAL,2,3,31
103,EAL,2,3,32
104,EAL,2,3,33
105,EAL,2,3,34
106,EAL,2,3,35
107,EAL,2,3,36
108,EAL,2,4,1
109,EAL,2,4,2
110,EAL,2,4,3
111,EAL,2,4,4
112,EAL,2,4,5
113,EAL,2,4,6
114,EAL,2,4,7
115,EAL,2,4,8
116,EAL,2,4,9
117,EAL,2,4,10
118,EAL,2,4,11
119,EAL,2,4,12
120,EAL,2,4,13
121,EAL,2,4,14
122,EAL,2,4,15
123,EAL,2,4,16
124,EAL,2,4,17
125,EAL,2,4,18
126,EAL,2,4,19
127,EAL,2,4,20
128,EAL,2,4,21
129,EAL,2,4,22
130,EAL,2,4,23
131,EAL,2,4,24
132,EAL,2,4,25
133,EAL,2,4,26
134,EAL,2,4,27
135,EAL,2,4,28
136,EAL,2,4,29
137,EAL,2,4,30
138,EAL,2,4,31
139,EAL,2,4,32
140,EAL,2,4,33
141,EAL,2,4,34
142,EAL,2,4,35
143,EAL,2,4,36
144,EAL,2,5,1
145,EAL,2,5,2
146,EAL,2,5,3
147,EAL,2,5,4
148,EAL,2,5,5
149,EAL,2,5,6
150,EAL,2,5,7
151,EAL,2,5,8
152,EAL,2,5,9
153,EAL,2,5,10
154,EAL,2,5,11
155,EAL,2,5,12
156,EAL,2,5,13
157,EAL,2,5,14
158,EAL,2,5,15
159,EAL,2,5,16
160,EAL,2,5,17
161,EAL,2,5,18
162,EAL,2,5,19
163,EAL,2,5,20
164,EAL,2,5,21
165,EAL,2,5,22
166,EAL,2,5,23
167,EAL,2,5,24
168,EAL,2,5,25
169,EAL,2,5,26
170,EAL,2,5,27
171,EAL,2,5,28
172,EAL,2,5,29
173,EAL,2,5,30
174,EAL,2,5,31
175,EAL,2,5,32
176,EAL,2,5,33
177,EAL,2,5,34
178,EAL,2,5,35
179,EAL,2,5,36
180,EAL,4,1,1
181,EAL,4,1,2
182,EAL,4,1,3
183,EAL,4,1,4
184,EAL,4,1,5
185,EAL,4,1,6
186,EAL,4,1,7
187,EAL,4,1,8
188,EAL,4,1,9
189,EAL,4,1,10
190,EAL,4,1,11
191,EAL,4,1,12
192,EAL,4,1,13
193,EAL,4,1,14
194,EAL,4,1,15
195,EAL,4,1,16
196,EAL,4,1,17
197,EAL,4,1,18
198,EAL,4,1,19
199,EAL,4,1,20
200,EAL,4,1,21
201,EAL,4,1,22
202,EAL,4,1,23
203,EAL,4,1,24
204,EAL,4,1,25
205,EAL,4,1,26
206,EAL,4,1,27
207,EAL,4,1,28
208,EAL,4,1,29
209,EAL,4,1,30
210,EAL,4,1,31
211,EAL,4,1,32
212,EAL,4,1,33
213,EAL,4,1,34
214,EAL,4,1,35
215,EAL,4,1,36
216,EAL,4,2,1
217,EAL,4,2,2
218,EAL,4,2,3
219,EAL,4,2,4
220,EAL,4,2,5
221,EAL,4,2,6
222,EAL,4,2,7
223,EAL,4,2,8
224,EAL,4,2,9
225,EAL,4,2,10
226,EAL,4,2,11
227,EAL,4,2,12
228,EAL,4,2,13
229,EAL,4,2,14
230,EAL,4,2,15
231,EAL,4,2,16
232,EAL,4,2,17
233,EAL,4,2,18
234,EAL,4,2,19
235,EAL,4,2,20
236,EAL,4,2,21
237,EAL,4,2,22
238,EAL,4,2,23
239,EAL,4,2,24
240,EAL,4,2,25
241,EAL,4,2,26
242,EAL,4,2,27
243,EAL,4,2,28
244,EAL,4,2,29
245,EAL,4,2,30
246,EAL,4,2,31
247,EAL,4,2,32
248,EAL,4,2,33
249,EAL,4,2,34
250,EAL,4,2,35
251,EAL,4,2,36
252,EAL,4,3,1
253,EAL,4,3,2
254,EAL,4,3,3
255,EAL,4,3,4
256,EAL,4,3,5
257,EAL,4,3,6
258,EAL,4,3,7
259,EAL,4,3,8
260,EAL,4,3,9
261,EAL,4,3,10
262,EAL,4,3,11
263,EAL,4,3,12
264,EAL,4,3,13
265,EAL,4,3,14
266,EAL,4,3,15
267,EAL,4,3,16
268,EAL,4,3,17
269,EAL,4,3,18
270,EAL,4,3,19
271,EAL,4,3,20
272,EAL,4,3,21
273,EAL,4,3,22
274,EAL,4,3,23
275,EAL,4,3,24
276,EAL,4,3,25
277,EAL,4,3,26
278,EAL,4,3,27
279,EAL,4,3,28
280,EAL,4,3,29
281,EAL,4,3,30
282,EAL,4,3,31
283,EAL,4,3,32
284,EAL,4,3,33
285,EAL,4,3,34
286,EAL,4,3,35
287,EAL,4,3,36
288,EAL,4,4,1
289,EAL,4,4,2
290,EAL,4,4,3
291,EAL,4,4,4
292,EAL,4,4,5
293,EAL,4,4,6
294,EAL,4,4,7
295,EAL,4,4,8
296,EAL,4,4,9
297,EAL,4,4,10
298,EAL,4,4,11
299,EAL,4,4,12
300,EAL,4,4,13
301,EAL,4,4,14
302,EAL,4,4,15
303,EAL,4,4,16
304,EAL,4,4,17
305,EAL,4,4,18
306,EAL,4,4,19
307,EAL,4,4,20
308,EAL,4,4,21
309,EAL,4,4,22
310,EAL,4,4,23
311,EAL,4,4,24
312,EAL,4,4,25
313,EAL,4,4,26
314,EAL,4,4,27
315,EAL,4,4,28
316,EAL,4,4,29
317,EAL,4,4,30
318,EAL,4,4,31
319,EAL,4,4,32
320,EAL,4,4,33
321,EAL,4,4,34
322,EAL,4,4,35
323,EAL,4,4,36
324,EAL,4,5,1
325,EAL,4,5,2
326,EAL,4,5,3
327,EAL,4,5,4
328,EAL,4,5,5
329,EAL,4,5,6
330,EAL,4,5,7
331,EAL,4,5,8
332,EAL,4,5,9
333,EAL,4,5,10
334,EAL,4,5,11
335,EAL,4,5,12
336,EAL,4,5,13
337,EAL,4,5,14
338,EAL,4,5,15
339,EAL,4,5,16
340,EAL,4,5,17
341,EAL,4,5,18
342,EAL,4,5,19
343,EAL,4,5,20
344,EAL,4,5,21
345,EAL,4,5,22
346,EAL,4,5,23
347,EAL,4,5,24
348,EAL,4,5,25
349,EAL,4,5,26
350,EAL,4,5,27
351,EAL,4,5,28
352,EAL,4,5,29
353,EAL,4,5,30
354,EAL,4,5,31
355,EAL,4,5,32
356,EAL,4,5,33
357,EAL,4,5,34
358,EAL,4,5,35
359,EAL,4,5,36
360,EAL,6,1,1
361,EAL,6,1,2
362,EAL,6,1,3
363,EAL,6,1,4
364,EAL,6,1,5
365,EAL,6,1,6
366,EAL,6,1,7
367,EAL,6,1,8
368,EAL,6,1,9
369,EAL,6,1,10
370,EAL,6,1,11
371,EAL,6,1,12
372,EAL,6,1,13
373,EAL,6,1,14
374,EAL,6,1,15
375,EAL,6,1,16
376,EAL,6,1,17
377,EAL,6,1,18
378,EAL,6,1,19
379,EAL,6,1,20
380,EAL,6,1,21
381,EAL,6,1,22
382,EAL,6,1,23
383,EAL,6,1,24
384,EAL,6,1,25
385,EAL,6,1,26
386,EAL,6,1,27
387,EAL,6,1,28
388,EAL,6,1,29
389,EAL,6,1,30
390,EAL,6,1,31
391,EAL,6,1,32
392,EAL,6,1,33
393,EAL,6,1,34
394,EAL,6,1,35
395,EAL,6,1,36
396,EAL,6,2,1
397,EAL,6,2,2
398,EAL,6,2,3
399,EAL,6,2,4
400,EAL,6,2,5
401,EAL,6,2,6
402,EAL,6,2,7
403,EAL,6,2,8
404,EAL,6,2,9
405,EAL,6,2,10
406,EAL,6,2,11
407,EAL,6,2,12
408,EAL,6,2,13
409,EAL,6,2,14
410,EAL,6,2,15
411,EAL,6,2,16
412,EAL,6,2,17
413,EAL,6,2,18
414,EAL,6,2,19
415,EAL,6,2,20
416,EAL,6,2,21
417,EAL,6,2,22
418,EAL,6,2,23
419,EAL,6,2,24
420,EAL,6,2,25
421,EAL,6,2,26
422,EAL,6,2,27
423,EAL,6,2,28
424,EAL,6,2,29
425,EAL,6,2,30
426,EAL,6,2,31
427,EAL,6,2,32
428,EAL,6,2,33
429,EAL,6,2,34
430,EAL,6,2,35
431,EAL,6,2,36
432,EAL,6,3,1
433,EAL,6,3,2
434,EAL,6,3,3
435,EAL,6,3,4
436,EAL,6,3,5
437,EAL,6,3,6
438,EAL,6,3,7
439,EAL,6,3,8
440,EAL,6,3,9
441,EAL,6,3,10
442,EAL,6,3,11
443,EAL,6,3,12
444,EAL,6,3,13
445,EAL,6,3,14
446,EAL,6,3,15
447,EAL,6,3,16
448,EAL,6,3,17
449,EAL,6,3,18
450,EAL,6,3,19
451,EAL,6,3,20
452,EAL,6,3,21
453,EAL,6,3,22
454,EAL,6,3,23
455,EAL,6,3,24
456,EAL,6,3,25
457,EAL,6,3,26
458,EAL,6,3,27
459,EAL,6,3,28
460,EAL,6,3,29
461,EAL,6,3,30
462,EAL,6,3,31
463,EAL,6,3,32
464,EAL,6,3,33
465,EAL,6,3,34
466,EAL,6,3,35
467,EAL,6,3,36
468,EAL,6,4,1
469,EAL,6,4,2
470,EAL,6,4,3
471,EAL,6,4,4
472,EAL,6,4,5
473,EAL,6,4,6
474,EAL,6,4,7
475,EAL,6,4,8
476,EAL,6,4,9
477,EAL,6,4,10
478,EAL,6,4,11
479,EAL,6,4,12
480,EAL,6,4,13
481,EAL,6,4,14
482,EAL,6,4,15
483,EAL,6,4,16
484,EAL,6,4,17
485,EAL,6,4,18
486,EAL,6,4,19
487,EAL,6,4,20
488,EAL,6,4,21
489,EAL,6,4,22
490,EAL,6,4,23
491,EAL,6,4,24
492,EAL,6,4,25
493,EAL,6,4,26
494,EAL,6,4,27
495,EAL,6,4,28
496,EAL,6,4,29
497,EAL,6,4,30
498,EAL,6,4,31
499,EAL,6,4,32
500,EAL,6,4,33
501,EAL,6,4,34
502,EAL,6,4,35
503,EAL,6,4,36
504,EAL,6,5,1
505,EAL,6,5,2
506,EAL,6,5,3
507,EAL,6,5,4
508,EAL,6,5,5
509,EAL,6,5,6
510,EAL,6,5,7
511,EAL,6,5,8
512,EAL,6,5,9
513,EAL,6,5,10
514,EAL,6,5,11
515,EAL,6,5,12
516,EAL,6,5,13
517,EAL,6,5,14
518,EAL,6,5,15
519,EAL,6,5,16
520,EAL,6,5,17
521,EAL,6,5,18
522,EAL,6,5,19
523,EAL,6,5,20
524,EAL,6,5,21
525,EAL,6,5,22
526,EAL,6,5,23
527,EAL,6,5,24
528,EAL,6,5,25
529,EAL,6,5,26
530,EAL,6,5,27
531,EAL,6,5,28
532,EAL,6,5,29
533,EAL,6,5,30
534,EAL,6,5,31
535,EAL,6,5,32
536,EAL,6,5,33
537,EAL,6,5,34
538,EAL,6,5,35
539,EAL,6,5,36
,PD_Segment,Tenor,Bucket,MOB
0,RCL,1,1,1
1,RCL,1,1,2
2,RCL,1,1,3
3,RCL,1,1,4
4,RCL,1,1,5
5,RCL,1,1,6
6,RCL,1,1,7
7,RCL,1,1,8
8,RCL,1,1,9
9,RCL,1,1,10
10,RCL,1,1,11
11,RCL,1,1,12
12,RCL,1,1,13
13,RCL,1,1,14
14,RCL,1,1,15
15,RCL,1,1,16
16,RCL,1,1,17
17,RCL,1,1,18
18,RCL,1,1,19
19,RCL,1,1,20
20,RCL,1,1,21
21,RCL,1,1,22
22,RCL,1,1,23
23,RCL,1,1,24
24,RCL,1,1,25
25,RCL,1,1,26
26,RCL,1,1,27
27,RCL,1,1,28
28,RCL,1,1,29
29,RCL,1,1,30
30,RCL,1,1,31
31,RCL,1,1,32
32,RCL,1,1,33
33,RCL,1,1,34
34,RCL,1,1,35
35,RCL,1,1,36
36,RCL,1,2,1
37,RCL,1,2,2
38,RCL,1,2,3
39,RCL,1,2,4
40,RCL,1,2,5
41,RCL,1,2,6
42,RCL,1,2,7
43,RCL,1,2,8
44,RCL,1,2,9
45,RCL,1,2,10
46,RCL,1,2,11
47,RCL,1,2,12
48,RCL,1,2,13
49,RCL,1,2,14
50,RCL,1,2,15
51,RCL,1,2,16
52,RCL,1,2,17
53,RCL,1,2,18
54,RCL,1,2,19
55,RCL,1,2,20
56,RCL,1,2,21
57,RCL,1,2,22
58,RCL,1,2,23
59,RCL,1,2,24
60,RCL,1,2,25
61,RCL,1,2,26
62,RCL,1,2,27
63,RCL,1,2,28
64,RCL,1,2,29
65,RCL,1,2,30
66,RCL,1,2,31
67,RCL,1,2,32
68,RCL,1,2,33
69,RCL,1,2,34
70,RCL,1,2,35
71,RCL,1,2,36
72,RCL,1,3,1
73,RCL,1,3,2
74,RCL,1,3,3
75,RCL,1,3,4
76,RCL,1,3,5
77,RCL,1,3,6
78,RCL,1,3,7
79,RCL,1,3,8
80,RCL,1,3,9
81,RCL,1,3,10
82,RCL,1,3,11
83,RCL,1,3,12
84,RCL,1,3,13
85,RCL,1,3,14
86,RCL,1,3,15
87,RCL,1,3,16
88,RCL,1,3,17
89,RCL,1,3,18
90,RCL,1,3,19
91,RCL,1,3,20
92,RCL,1,3,21
93,RCL,1,3,22
94,RCL,1,3,23
95,RCL,1,3,24
96,RCL,1,3,25
97,RCL,1,3,26
98,RCL,1,3,27
99,RCL,1,3,28
100,RCL,1,3,29
101,RCL,1,3,30
102,RCL,1,3,31
103,RCL,1,3,32
104,RCL,1,3,33
105,RCL,1,3,34
106,RCL,1,3,35
107,RCL,1,3,36
108,RCL,1,4,1
109,RCL,1,4,2
110,RCL,1,4,3
111,RCL,1,4,4
112,RCL,1,4,5
113,RCL,1,4,6
114,RCL,1,4,7
115,RCL,1,4,8
116,RCL,1,4,9
117,RCL,1,4,10
118,RCL,1,4,11
119,RCL,1,4,12
120,RCL,1,4,13
121,RCL,1,4,14
122,RCL,1,4,15
123,RCL,1,4,16
124,RCL,1,4,17
125,RCL,1,4,18
126,RCL,1,4,19
127,RCL,1,4,20
128,RCL,1,4,21
129,RCL,1,4,22
130,RCL,1,4,23
131,RCL,1,4,24
132,RCL,1,4,25
133,RCL,1,4,26
134,RCL,1,4,27
135,RCL,1,4,28
136,RCL,1,4,29
137,RCL,1,4,30
138,RCL,1,4,31
139,RCL,1,4,32
140,RCL,1,4,33
141,RCL,1,4,34
142,RCL,1,4,35
143,RCL,1,4,36
144,RCL,1,5,1
145,RCL,1,5,2
146,RCL,1,5,3
147,RCL,1,5,4
148,RCL,1,5,5
149,RCL,1,5,6
150,RCL,1,5,7
151,RCL,1,5,8
152,RCL,1,5,9
153,RCL,1,5,10
154,RCL,1,5,11
155,RCL,1,5,12
156,RCL,1,5,13
157,RCL,1,5,14
158,RCL,1,5,15
159,RCL,1,5,16
160,RCL,1,5,17
161,RCL,1,5,18
162,RCL,1,5,19
163,RCL,1,5,20
164,RCL,1,5,21
165,RCL,1,5,22
166,RCL,1,5,23
167,RCL,1,5,24
168,RCL,1,5,25
169,RCL,1,5,26
170,RCL,1,5,27
171,RCL,1,5,28
172,RCL,1,5,29
173,RCL,1,5,30
174,RCL,1,5,31
175,RCL,1,5,32
176,RCL,1,5,33
177,RCL,1,5,34
178,RCL,1,5,35
179,RCL,1,5,36
180,RCL,2,1,1
181,RCL,2,1,2
182,RCL,2,1,3
183,RCL,2,1,4
184,RCL,2,1,5
185,RCL,2,1,6
186,RCL,2,1,7
187,RCL,2,1,8
188,RCL,2,1,9
189,RCL,2,1,10
190,RCL,2,1,11
191,RCL,2,1,12
192,RCL,2,1,13
193,RCL,2,1,14
194,RCL,2,1,15
195,RCL,2,1,16
196,RCL,2,1,17
197,RCL,2,1,18
198,RCL,2,1,19
199,RCL,2,1,20
200,RCL,2,1,21
201,RCL,2,1,22
202,RCL,2,1,23
203,RCL,2,1,24
204,RCL,2,1,25
205,RCL,2,1,26
206,RCL,2,1,27
207,RCL,2,1,28
208,RCL,2,1,29
209,RCL,2,1,30
210,RCL,2,1,31
211,RCL,2,1,32
212,RCL,2,1,33
213,RCL,2,1,34
214,RCL,2,1,35
215,RCL,2,1,36
216,RCL,2,2,1
217,RCL,2,2,2
218,RCL,2,2,3
219,RCL,2,2,4
220,RCL,2,2,5
221,RCL,2,2,6
222,RCL,2,2,7
223,RCL,2,2,8
224,RCL,2,2,9
225,RCL,2,2,10
226,RCL,2,2,11
227,RCL,2,2,12
228,RCL,2,2,13
229,RCL,2,2,14
230,RCL,2,2,15
231,RCL,2,2,16
232,RCL,2,2,17
233,RCL,2,2,18
234,RCL,2,2,19
235,RCL,2,2,20
236,RCL,2,2,21
237,RCL,2,2,22
238,RCL,2,2,23
239,RCL,2,2,24
240,RCL,2,2,25
241,RCL,2,2,26
242,RCL,2,2,27
243,RCL,2,2,28
244,RCL,2,2,29
245,RCL,2,2,30
246,RCL,2,2,31
247,RCL,2,2,32
248,RCL,2,2,33
249,RCL,2,2,34
250,RCL,2,2,35
251,RCL,2,2,36
252,RCL,2,3,1
253,RCL,2,3,2
254,RCL,2,3,3
255,RCL,2,3,4
256,RCL,2,3,5
257,RCL,2,3,6
258,RCL,2,3,7
259,RCL,2,3,8
260,RCL,2,3,9
261,RCL,2,3,10
262,RCL,2,3,11
263,RCL,2,3,12
264,RCL,2,3,13
265,RCL,2,3,14
266,RCL,2,3,15
267,RCL,2,3,16
268,RCL,2,3,17
269,RCL,2,3,18
270,RCL,2,3,19
271,RCL,2,3,20
272,RCL,2,3,21
273,RCL,2,3,22
274,RCL,2,3,23
275,RCL,2,3,24
276,RCL,2,3,25
277,RCL,2,3,26
278,RCL,2,3,27
279,RCL,2,3,28
280,RCL,2,3,29
281,RCL,2,3,30
282,RCL,2,3,31
283,RCL,2,3,32
284,RCL,2,3,33
285,RCL,2,3,34
286,RCL,2,3,35
287,RCL,2,3,36
288,RCL,2,4,1
289,RCL,2,4,2
290,RCL,2,4,3
291,RCL,2,4,4
292,RCL,2,4,5
293,RCL,2,4,6
294,RCL,2,4,7
295,RCL,2,4,8
296,RCL,2,4,9
297,RCL,2,4,10
298,RCL,2,4,11
299,RCL,2,4,12
300,RCL,2,4,13
301,RCL,2,4,14
302,RCL,2,4,15
303,RCL,2,4,16
304,RCL,2,4,17
305,RCL,2,4,18
306,RCL,2,4,19
307,RCL,2,4,20
308,RCL,2,4,21
309,RCL,2,4,22
310,RCL,2,4,23
311,RCL,2,4,24
312,RCL,2,4,25
313,RCL,2,4,26
314,RCL,2,4,27
315,RCL,2,4,28
316,RCL,2,4,29
317,RCL,2,4,30
318,RCL,2,4,31
319,RCL,2,4,32
320,RCL,2,4,33
321,RCL,2,4,34
322,RCL,2,4,35
323,RCL,2,4,36
324,RCL,2,5,1
325,RCL,2,5,2
326,RCL,2,5,3
327,RCL,2,5,4
328,RCL,2,5,5
329,RCL,2,5,6
330,RCL,2,5,7
331,RCL,2,5,8
332,RCL,2,5,9
333,RCL,2,5,10
334,RCL,2,5,11
335,RCL,2,5,12
336,RCL,2,5,13
337,RCL,2,5,14
338,RCL,2,5,15
339,RCL,2,5,16
340,RCL,2,5,17
341,RCL,2,5,18
342,RCL,2,5,19
343,RCL,2,5,20
344,RCL,2,5,21
345,RCL,2,5,22
346,RCL,2,5,23
347,RCL,2,5,24
348,RCL,2,5,25
349,RCL,2,5,26
350,RCL,2,5,27
351,RCL,2,5,28
352,RCL,2,5,29
353,RCL,2,5,30
354,RCL,2,5,31
355,RCL,2,5,32
356,RCL,2,5,33
357,RCL,2,5,34
358,RCL,2,5,35
359,RCL,2,5,36
360,RCL,3,1,1
361,RCL,3,1,2
362,RCL,3,1,3
363,RCL,3,1,4
364,RCL,3,1,5
365,RCL,3,1,6
366,RCL,3,1,7
367,RCL,3,1,8
368,RCL,3,1,9
369,RCL,3,1,10
370,RCL,3,1,11
371,RCL,3,1,12
372,RCL,3,1,13
373,RCL,3,1,14
374,RCL,3,1,15
375,RCL,3,1,16
376,RCL,3,1,17
377,RCL,3,1,18
378,RCL,3,1,19
379,RCL,3,1,20
380,RCL,3,1,21
381,RCL,3,1,22
382,RCL,3,1,23
383,RCL,3,1,24
384,RCL,3,1,25
385,RCL,3,1,26
386,RCL,3,1,27
387,RCL,3,1,28
388,RCL,3,1,29
389,RCL,3,1,30
390,RCL,3,1,31
391,RCL,3,1,32
392,RCL,3,1,33
393,RCL,3,1,34
394,RCL,3,1,35
395,RCL,3,1,36
396,RCL,3,2,1
397,RCL,3,2,2
398,RCL,3,2,3
399,RCL,3,2,4
400,RCL,3,2,5
401,RCL,3,2,6
402,RCL,3,2,7
403,RCL,3,2,8
404,RCL,3,2,9
405,RCL,3,2,10
406,RCL,3,2,11
407,RCL,3,2,12
408,RCL,3,2,13
409,RCL,3,2,14
410,RCL,3,2,15
411,RCL,3,2,16
412,RCL,3,2,17
413,RCL,3,2,18
414,RCL,3,2,19
415,RCL,3,2,20
416,RCL,3,2,21
417,RCL,3,2,22
418,RCL,3,2,23
419,RCL,3,2,24
420,RCL,3,2,25
421,RCL,3,2,26
422,RCL,3,2,27
423,RCL,3,2,28
424,RCL,3,2,29
425,RCL,3,2,30
426,RCL,3,2,31
427,RCL,3,2,32
428,RCL,3,2,33
429,RCL,3,2,34
430,RCL,3,2,35
431,RCL,3,2,36
432,RCL,3,3,1
433,RCL,3,3,2
434,RCL,3,3,3
435,RCL,3,3,4
436,RCL,3,3,5
437,RCL,3,3,6
438,RCL,3,3,7
439,RCL,3,3,8
440,RCL,3,3,9
441,RCL,3,3,10
442,RCL,3,3,11
443,RCL,3,3,12
444,RCL,3,3,13
445,RCL,3,3,14
446,RCL,3,3,15
447,RCL,3,3,16
448,RCL,3,3,17
449,RCL,3,3,18
450,RCL,3,3,19
451,RCL,3,3,20
452,RCL,3,3,21
453,RCL,3,3,22
454,RCL,3,3,23
455,RCL,3,3,24
456,RCL,3,3,25
457,RCL,3,3,26
458,RCL,3,3,27
459,RCL,3,3,28
460,RCL,3,3,29
461,RCL,3,3,30
462,RCL,3,3,31
463,RCL,3,3,32
464,RCL,3,3,33
465,RCL,3,3,34
466,RCL,3,3,35
467,RCL,3,3,36
468,RCL,3,4,1
469,RCL,3,4,2
470,RCL,3,4,3
471,RCL,3,4,4
472,RCL,3,4,5
473,RCL,3,4,6
474,RCL,3,4,7
475,RCL,3,4,8
476,RCL,3,4,9
477,RCL,3,4,10
478,RCL,3,4,11
479,RCL,3,4,12
480,RCL,3,4,13
481,RCL,3,4,14
482,RCL,3,4,15
483,RCL,3,4,16
484,RCL,3,4,17
485,RCL,3,4,18
486,RCL,3,4,19
487,RCL,3,4,20
488,RCL,3,4,21
489,RCL,3,4,22
490,RCL,3,4,23
491,RCL,3,4,24
492,RCL,3,4,25
493,RCL,3,4,26
494,RCL,3,4,27
495,RCL,3,4,28
496,RCL,3,4,29
497,RCL,3,4,30
498,RCL,3,4,31
499,RCL,3,4,32
500,RCL,3,4,33
501,RCL,3,4,34
502,RCL,3,4,35
503,RCL,3,4,36
504,RCL,3,5,1
505,RCL,3,5,2
506,RCL,3,5,3
507,RCL,3,5,4
508,RCL,3,5,5
509,RCL,3,5,6
510,RCL,3,5,7
511,RCL,3,5,8
512,RCL,3,5,9
513,RCL,3,5,10
514,RCL,3,5,11
515,RCL,3,5,12
516,RCL,3,5,13
517,RCL,3,5,14
518,RCL,3,5,15
519,RCL,3,5,16
520,RCL,3,5,17
521,RCL,3,5,18
522,RCL,3,5,19
523,RCL,3,5,20
524,RCL,3,5,21
525,RCL,3,5,22
526,RCL,3,5,23
527,RCL,3,5,24
528,RCL,3,5,25
529,RCL,3,5,26
530,RCL,3,5,27
531,RCL,3,5,28
532,RCL,3,5,29
533,RCL,3,5,30
534,RCL,3,5,31
535,RCL,3,5,32
536,RCL,3,5,33
537,RCL,3,5,34
538,RCL,3,5,35
539,RCL,3,5,36
,PD_Segment,Tenor,Bucket,MOB
0,APL,3,1,1
1,APL,3,1,2
2,APL,3,1,3
3,APL,3,1,4
4,APL,3,1,5
5,APL,3,1,6
6,APL,3,1,7
7,APL,3,1,8
8,APL,3,1,9
9,APL,3,1,10
10,APL,3,1,11
11,APL,3,1,12
12,APL,3,1,13
13,APL,3,1,14
14,APL,3,1,15
15,APL,3,1,16
16,APL,3,1,17
17,APL,3,1,18
18,APL,3,1,19
19,APL,3,1,20
20,APL,3,1,21
21,APL,3,1,22
22,APL,3,1,23
23,APL,3,1,24
24,APL,3,1,25
25,APL,3,1,26
26,APL,3,1,27
27,APL,3,1,28
28,APL,3,1,29
29,APL,3,1,30
30,APL,3,1,31
31,APL,3,1,32
32,APL,3,1,33
33,APL,3,1,34
34,APL,3,1,35
35,APL,3,1,36
36,APL,3,2,1
37,APL,3,2,2
38,APL,3,2,3
39,APL,3,2,4
40,APL,3,2,5
41,APL,3,2,6
42,APL,3,2,7
43,APL,3,2,8
44,APL,3,2,9
45,APL,3,2,10
46,APL,3,2,11
47,APL,3,2,12
48,APL,3,2,13
49,APL,3,2,14
50,APL,3,2,15
51,APL,3,2,16
52,APL,3,2,17
53,APL,3,2,18
54,APL,3,2,19
55,APL,3,2,20
56,APL,3,2,21
57,APL,3,2,22
58,APL,3,2,23
59,APL,3,2,24
60,APL,3,2,25
61,APL,3,2,26
62,APL,3,2,27
63,APL,3,2,28
64,APL,3,2,29
65,APL,3,2,30
66,APL,3,2,31
67,APL,3,2,32
68,APL,3,2,33
69,APL,3,2,34
70,APL,3,2,35
71,APL,3,2,36
72,APL,3,3,1
73,APL,3,3,2
74,APL,3,3,3
75,APL,3,3,4
76,APL,3,3,5
77,APL,3,3,6
78,APL,3,3,7
79,APL,3,3,8
80,APL,3,3,9
81,APL,3,3,10
82,APL,3,3,11
83,APL,3,3,12
84,APL,3,3,13
85,APL,3,3,14
86,APL,3,3,15
87,APL,3,3,16
88,APL,3,3,17
89,APL,3,3,18
90,APL,3,3,19
91,APL,3,3,20
92,APL,3,3,21
93,APL,3,3,22
94,APL,3,3,23
95,APL,3,3,24
96,APL,3,3,25
97,APL,3,3,26
98,APL,3,3,27
99,APL,3,3,28
100,APL,3,3,29
101,APL,3,3,30
102,APL,3,3,31
103,APL,3,3,32
104,APL,3,3,33
105,APL,3,3,34
106,APL,3,3,35
107,APL,3,3,36
108,APL,3,4,1
109,APL,3,4,2
110,APL,3,4,3
111,APL,3,4,4
112,APL,3,4,5
113,APL,3,4,6
114,APL,3,4,7
115,APL,3,4,8
116,APL,3,4,9
117,APL,3,4,10
118,APL,3,4,11
119,APL,3,4,12
120,APL,3,4,13
121,APL,3,4,14
122,APL,3,4,15
123,APL,3,4,16
124,APL,3,4,17
125,APL,3,4,18
126,APL,3,4,19
127,APL,3,4,20
128,APL,3,4,21
129,APL,3,4,22
130,APL,3,4,23
131,APL,3,4,24
132,APL,3,4,25
133,APL,3,4,26
134,APL,3,4,27
135,APL,3,4,28
136,APL,3,4,29
137,APL,3,4,30
138,APL,3,4,31
139,APL,3,4,32
140,APL,3,4,33
141,APL,3,4,34
142,APL,3,4,35
143,APL,3,4,36
144,APL,3,5,1
145,APL,3,5,2
146,APL,3,5,3
147,APL,3,5,4
148,APL,3,5,5
149,APL,3,5,6
150,APL,3,5,7
151,APL,3,5,8
152,APL,3,5,9
153,APL,3,5,10
154,APL,3,5,11
155,APL,3,5,12
156,APL,3,5,13
157,APL,3,5,14
158,APL,3,5,15
159,APL,3,5,16
160,APL,3,5,17
161,APL,3,5,18
162,APL,3,5,19
163,APL,3,5,20
164,APL,3,5,21
165,APL,3,5,22
166,APL,3,5,23
167,APL,3,5,24
168,APL,3,5,25
169,APL,3,5,26
170,APL,3,5,27
171,APL,3,5,28
172,APL,3,5,29
173,APL,3,5,30
174,APL,3,5,31
175,APL,3,5,32
176,APL,3,5,33
177,APL,3,5,34
178,APL,3,5,35
179,APL,3,5,36
