date;GDP %;CPI;USDIDR;BIREPO;Unemp;USDIDRGrowth;GDP_Lag1Q;GDP_Lag2Q;GDP_Lag3Q;GDP_Lag4Q;CPI_Lag1Q;CPI_Lag2Q;CPI_Lag3Q;CPI_Lag4Q;USDIDR_Lag1Q;USDIDR_Lag2Q;USDIDR_Lag3Q;USDIDR_Lag4Q;BIREPO_Lag1Q;BIREPO_Lag2Q;BIREPO_Lag3Q;BIREPO_Lag4Q;UNEMP_Lag1Q;UNEMP_Lag2Q;UNEMP_Lag3Q;UNEMP_Lag4Q;USDIDRGROWTH_Lag1Q;USDIDRGROWTH_Lag2Q;USDIDRGROWTH_Lag3Q;USDIDRGROWTH_Lag4Q;D_GDP_Lag1Q;D_GDP_Lag2Q;D_GDP_Lag3Q;D_GDP_Lag4Q;D_CPI_Lag1Q;D_CPI_Lag2Q;D_CPI_Lag3Q;D_CPI_Lag4Q;D_USDIDR_Lag1Q;D_USDIDR_Lag2Q;D_USDIDR_Lag3Q;D_USDIDR_Lag4Q;D_BIREPO_Lag1Q;D_BIREPO_Lag2Q;D_BIREPO_Lag3Q;D_BIREPO_Lag4Q;D_UNEMP_Lag1Q;D_UNEMP_Lag2Q;D_UNEMP_Lag3Q;D_UNEMP_Lag4Q;D_USDIDRGROWTH_Lag1Q;D_USDIDRGROWTH_Lag2Q;D_USDIDRGROWTH_Lag3Q;D_USDIDRGROWTH_Lag4Q
37652;;8,74;8870;;;;;;;;;;;;;;;;;;;;;;;;;;;;;;;;;;;;;;;;;;;;;;;;;;;
37680;;7,34;8884;;;;;;;;;;;;;;;;;;;;;;;;;;;;;;;;;;;;;;;;;;;;;;;;;;;
37711;4,91;7,12;8902;;;;;;;;;;;;;;;;;;;;;;;;;;;;;;;;;;;;;;;;;;;;;;;;;;;
37741;4,91;7,54;8675;;;;;;;;;;;;;;;;;;;;;;;;;;;;;;;;;;;;;;;;;;;;;;;;;;;
37772;4,91;6,91;8310;;;;;;;;;;;;;;;;;;;;;;;;;;;;;;;;;;;;;;;;;;;;;;;;;;;
37802;5,03;6,62;8275;;;;4,91;;;;7,12;;;;8902;;;;0;;;;0;;;;0;;;;0,12;;;;-0,5;;;;-627;;;;0;;;;0;;;;0;;;
37833;5,03;5,79;8510;;;;4,91;;;;7,54;;;;8675;;;;0;;;;0;;;;0;;;;0,12;;;;-1,75;;;;-165;;;;0;;;;0;;;;0;;;
37864;5,03;6,38;8485;;9,5;;4,91;;;;6,91;;;;8310;;;;0;;;;0;;;;0;;;;0,12;;;;-0,53;;;;175;;;;0;;;;9,5;;;;0;;;
37894;4,56;6,2;8395;;9,5;;5,03;4,91;;;6,62;7,12;;;8275;8902;;;0;0;;;0;0;;;0;0;;;-0,47;-0,35;;;-0,42;-0,92;;;120;-507;;;0;0;;;9,5;9,5;;;0;0;;
37925;4,56;6,22;8497;;9,5;;5,03;4,91;;;5,79;7,54;;;8510;8675;;;0;0;;;0;0;;;0;0;;;-0,47;-0,35;;;0,43;-1,32;;;-13;-178;;;0;0;;;9,5;9,5;;;0;0;;
37955;4,56;5,33;8505;;9,5;;5,03;4,91;;;6,38;6,91;;;8485;8310;;;0;0;;;9,5;0;;;0;0;;;-0,47;-0,35;;;-1,05;-1,58;;;20;195;;;0;0;;;0;9,5;;;0;0;;
37986;4,63;5,06;8420;;9,5;;4,56;5,03;4,91;;6,2;6,62;7,12;;8395;8275;8902;;0;0;0;;9,5;0;0;;0;0;0;;0,07;-0,4;-0,28;;-1,14;-1,56;-2,06;;25;145;-482;;0;0;0;;0;9,5;9,5;;0;0;0;
38017;4,63;4,82;8457;;9,5;-0,046561443;4,56;5,03;4,91;;6,22;5,79;7,54;;8497;8510;8675;;0;0;0;;9,5;0;0;;0;0;0;;0,07;-0,4;-0,28;;-1,4;-0,97;-2,72;;-40;-53;-218;;0;0;0;;0;9,5;9,5;;-0,046561443;-0,046561443;-0,046561443;
38046;4,63;4,6;8453;;9,5;-0,048514183;4,56;5,03;4,91;;5,33;6,38;6,91;;8505;8485;8310;;0;0;0;;9,5;9,5;0;;0;0;0;;0,07;-0,4;-0,28;;-0,73;-1,78;-2,31;;-52;-32;143;;0;0;0;;0;0;9,5;;-0,048514183;-0,048514183;-0,048514183;
38077;4,1;5,11;8564;;9,5;-0,037968996;4,63;4,56;5,03;4,91;5,06;6,2;6,62;7,12;8420;8395;8275;8902;0;0;0;0;9,5;9,5;0;0;0;0;0;0;-0,53;-0,46;-0,93;-0,81;0,05;-1,09;-1,51;-2,01;144;169;289;-338;0;0;0;0;0;0;9,5;9,5;-0,037968996;-0,037968996;-0,037968996;-0,037968996
38107;4,1;5,92;8705;;9,5;0,003458213;4,63;4,56;5,03;4,91;4,82;6,22;5,79;7,54;8457;8497;8510;8675;0;0;0;0;9,5;9,5;0;0;-0,046561443;0;0;0;-0,53;-0,46;-0,93;-0,81;1,1;-0,3;0,13;-1,62;248;208;195;30;0;0;0;0;0;0;9,5;9,5;0,050019656;0,003458213;0,003458213;0,003458213
38138;4,1;6,47;9268;;9,5;0,115282792;4,63;4,56;5,03;4,91;4,6;5,33;6,38;6,91;8453;8505;8485;8310;0;0;0;0;9,5;9,5;9,5;0;-0,048514183;0;0;0;-0,53;-0,46;-0,93;-0,81;1,87;1,14;0,09;-0,44;815;763;783;958;0;0;0;0;0;0;0;9,5;0,163796975;0,115282792;0,115282792;0,115282792
38168;4,39;6,83;9400;;9,5;0,135951662;4,1;4,63;4,56;5,03;5,11;5,06;6,2;6,62;8564;8420;8395;8275;0;0;0;0;9,5;9,5;9,5;0;-0,037968996;0;0;0;0,29;-0,24;-0,17;-0,64;1,72;1,77;0,63;0,21;836;980;1005;1125;0;0;0;0;0;0;0;9,5;0,173920657;0,135951662;0,135951662;0,135951662
38199;4,39;7,2;9130;;9,5;0,072855464;4,1;4,63;4,56;5,03;5,92;4,82;6,22;5,79;8705;8457;8497;8510;0;0;0;0;9,5;9,5;9,5;0;0,003458213;-0,046561443;0;0;0,29;-0,24;-0,17;-0,64;1,28;2,38;0,98;1,41;425;673;633;620;0;0;0;0;0;0;0;9,5;0,069397251;0,119416907;0,072855464;0,072855464
38230;4,39;6,67;9370;;9,9;0,104301709;4,1;4,63;4,56;5,03;6,47;4,6;5,33;6,38;9268;8453;8505;8485;0;0;0;0;9,5;9,5;9,5;9,5;0,115282792;-0,048514183;0;0;0,29;-0,24;-0,17;-0,64;0,2;2,07;1,34;0,29;102;917;865;885;0;0;0;0;0,4;0,4;0,4;0,4;-0,010981083;0,152815892;0,104301709;0,104301709
38260;4,5;6,27;9155;;9,9;0,090530077;4,39;4,1;4,63;4,56;6,83;5,11;5,06;6,2;9400;8564;8420;8395;0;0;0;0;9,5;9,5;9,5;9,5;0,135951662;-0,037968996;0;0;0,11;0,4;-0,13;-0,06;-0,56;1,16;1,21;0,07;-245;591;735;760;0;0;0;0;0,4;0,4;0,4;0,4;-0,045421584;0,128499073;0,090530077;0,090530077
38291;4,5;6,22;9088;;9,9;0,06955396;4,39;4,1;4,63;4,56;7,2;5,92;4,82;6,22;9130;8705;8457;8497;0;0;0;0;9,5;9,5;9,5;9,5;0,072855464;0,003458213;-0,046561443;0;0,11;0,4;-0,13;-0,06;-0,98;0,3;1,4;0;-42;383;631;591;0;0;0;0;0,4;0,4;0,4;0,4;-0,003301504;0,066095747;0,116115403;0,06955396
38321;4,5;6,18;9000;;9,9;0,058201058;4,39;4,1;4,63;4,56;6,67;6,47;4,6;5,33;9370;9268;8453;8505;0;0;0;0;9,9;9,5;9,5;9,5;0,104301709;0,115282792;-0,048514183;0;0,11;0,4;-0,13;-0,06;-0,49;-0,29;1,58;0,85;-370;-268;547;495;0;0;0;0;0;0,4;0,4;0,4;-0,046100651;-0,057081734;0,106715241;0,058201058
38352;7,16;6,4;9270;;9,9;0,100950119;4,5;4,39;4,1;4,63;6,27;6,83;5,11;5,06;9155;9400;8564;8420;0;0;0;0;9,9;9,5;9,5;9,5;0,090530077;0,135951662;-0,037968996;0;2,66;2,77;3,06;2,53;0,13;-0,43;1,29;1,34;115;-130;706;850;0;0;0;0;0;0,4;0,4;0,4;0,010420041;-0,035001543;0,138919114;0,100950119
38383;7,16;7,32;9161;;9,9;0,083244649;4,5;4,39;4,1;4,63;6,22;7,2;5,92;4,82;9088;9130;8705;8457;0;0;0;0;9,9;9,5;9,5;9,5;0,06955396;0,072855464;0,003458213;-0,046561443;2,66;2,77;3,06;2,53;1,1;0,12;1,4;2,5;73;31;456;704;0;0;0;0;0;0,4;0,4;0,4;0,013690689;0,010389185;0,079786436;0,129806092
38411;7,16;7,15;9285;;10,26;0,098426594;4,5;4,39;4,1;4,63;6,18;6,67;6,47;4,6;9000;9370;9268;8453;0;0;0;0;9,9;9,9;9,5;9,5;0,058201058;0,104301709;0,115282792;-0,048514183;2,66;2,77;3,06;2,53;0,97;0,48;0,68;2,55;285;-85;17;832;0;0;0;0;0,36;0,36;0,76;0,76;0,040225536;-0,005875115;-0,016856198;0,146940777
38442;5,96;8,81;9465;;10,26;0,105207847;7,16;4,5;4,39;4,1;6,4;6,27;6,83;5,11;9270;9155;9400;8564;0;0;0;0;9,9;9,9;9,5;9,5;0,100950119;0,090530077;0,135951662;-0,037968996;-1,2;1,46;1,57;1,86;2,41;2,54;1,98;3,7;195;310;65;901;0;0;0;0;0,36;0,36;0,76;0,76;0,004257728;0,014677769;-0,030743815;0,143176843
38472;5,96;8,12;9570;;10,26;0,099368179;7,16;4,5;4,39;4,1;7,32;6,22;7,2;5,92;9161;9088;9130;8705;0;0;0;0;9,9;9,9;9,5;9,5;0,083244649;0,06955396;0,072855464;0,003458213;-1,2;1,46;1,57;1,86;0,8;1,9;0,92;2,2;409;482;440;865;0;0;0;0;0,36;0,36;0,76;0,76;0,01612353;0,029814219;0,026512715;0,095909966
38503;5,96;7,4;9518;;10,26;0,026974536;7,16;4,5;4,39;4,1;7,15;6,18;6,67;6,47;9285;9000;9370;9268;0;0;0;0;10,26;9,9;9,9;9,5;0,098426594;0,058201058;0,104301709;0,115282792;-1,2;1,46;1,57;1,86;0,25;1,22;0,73;0,93;233;518;148;250;0;0;0;0;0;0,36;0,36;0,76;-0,071452058;-0,031226522;-0,077327173;-0,088308256
38533;5,87;7,42;9760;;10,26;0,038297872;5,96;7,16;4,5;4,39;8,81;6,4;6,27;6,83;9465;9270;9155;9400;0;0;0;0;10,26;9,9;9,9;9,5;0,105207847;0,100950119;0,090530077;0,135951662;-0,09;-1,29;1,37;1,48;-1,39;1,02;1,15;0,59;295;490;605;360;0;0;0;0;0;0,36;0,36;0,76;-0,066909974;-0,062652246;-0,052232205;-0,097653789
38564;5,87;7,84;9805;;10,26;0,073932092;5,96;7,16;4,5;4,39;8,12;7,32;6,22;7,2;9570;9161;9088;9130;0;0;0;0;10,26;9,9;9,9;9,5;0,099368179;0,083244649;0,06955396;0,072855464;-0,09;-1,29;1,37;1,48;-0,28;0,52;1,62;0,64;235;644;717;675;0;0;0;0;0;0,36;0,36;0,76;-0,025436087;-0,009312557;0,004378132;0,001076628
38595;5,87;8,3;10300;;10,26;0,099252935;5,96;7,16;4,5;4,39;7,4;7,15;6,18;6,67;9518;9285;9000;9370;0;0;0;0;10,26;10,26;9,9;9,9;0,026974536;0,098426594;0,058201058;0,104301709;-0,09;-1,29;1,37;1,48;0,9;1,15;2,12;1,63;782;1015;1300;930;0;0;0;0;0;0;0,36;0,36;0,072278399;0,000826341;0,041051877;-0,005048774
38625;5,84;9,1;10300;;10,26;0,125068269;5,87;5,96;7,16;4,5;7,42;8,81;6,4;6,27;9760;9465;9270;9155;0;0;0;0;10,26;10,26;9,9;9,9;0,038297872;0,105207847;0,100950119;0,090530077;-0,03;-0,12;-1,32;1,34;1,68;0,29;2,7;2,83;540;835;1030;1145;0;0;0;0;0;0;0,36;0,36;0,086770396;0,019860422;0,02411815;0,034538191
38656;5,84;17,89;10123;;10,26;0,113886444;5,87;5,96;7,16;4,5;7,84;8,12;7,32;6,22;9805;9570;9161;9088;0;0;0;0;10,26;10,26;9,9;9,9;0,073932092;0,099368179;0,083244649;0,06955396;-0,03;-0,12;-1,32;1,34;10,05;9,77;10,57;11,67;318;553;962;1035;0;0;0;0;0;0;0,36;0,36;0,039954352;0,014518264;0,030641794;0,044332483
38686;5,84;18,4;10025;;11,24;0,113888889;5,87;5,96;7,16;4,5;8,3;7,4;7,15;6,18;10300;9518;9285;9000;0;0;0;0;10,26;10,26;10,26;9,9;0,099252935;0,026974536;0,098426594;0,058201058;-0,03;-0,12;-1,32;1,34;10,1;11;11,25;12,22;-275;507;740;1025;0;0;0;0;0,98;0,98;0,98;1,34;0,014635954;0,086914353;0,015462295;0,055687831
38717;5,11;17,1;9830;;11,24;0,060409924;5,84;5,87;5,96;7,16;9,1;7,42;8,81;6,4;10300;9760;9465;9270;0;0;0;0;10,26;10,26;10,26;9,9;0,125068269;0,038297872;0,105207847;0,100950119;-0,73;-0,76;-0,85;-2,05;8;9,68;8,29;10,7;-470;70;365;560;0;0;0;0;0,98;0,98;0,98;1,34;-0,064658344;0,022112052;-0,044797922;-0,040540194
38748;5,11;17,03;9370;;11,24;0,022814103;5,84;5,87;5,96;7,16;17,89;7,84;8,12;7,32;10123;9805;9570;9161;0;0;0;0;10,26;10,26;10,26;9,9;0,113886444;0,073932092;0,099368179;0,083244649;-0,73;-0,76;-0,85;-2,05;-0,86;9,19;8,91;9,71;-753;-435;-200;209;0;0;0;0;0,98;0,98;0,98;1,34;-0,09107234;-0,051117989;-0,076554076;-0,060430546
38776;5,11;17,9;9183;;10,45;-0,01098546;5,84;5,87;5,96;7,16;18,4;8,3;7,4;7,15;10025;10300;9518;9285;0;0;0;0;11,24;10,26;10,26;10,26;0,113888889;0,099252935;0,026974536;0,098426594;-0,73;-0,76;-0,85;-2,05;-0,5;9,6;10,5;10,75;-842;-1117;-335;-102;0;0;0;0;-0,79;0,19;0,19;0,19;-0,124874349;-0,110238395;-0,037959996;-0,109412055
38807;5,13;15,74;9070;;10,45;-0,041732699;5,11;5,84;5,87;5,96;17,1;9,1;7,42;8,81;9830;10300;9760;9465;0;0;0;0;11,24;10,26;10,26;10,26;0,060409924;0,125068269;0,038297872;0,105207847;0,02;-0,71;-0,74;-0,83;-1,36;6,64;8,32;6,93;-760;-1230;-690;-395;0;0;0;0;-0,79;0,19;0,19;0,19;-0,102142624;-0,166800968;-0,080030572;-0,146940546
38837;5,13;15,4;8785;;10,45;-0,082027168;5,11;5,84;5,87;5,96;17,03;17,89;7,84;8,12;9370;10123;9805;9570;0;0;0;0;11,24;10,26;10,26;10,26;0,022814103;0,113886444;0,073932092;0,099368179;0,02;-0,71;-0,74;-0,83;-1,63;-2,49;7,56;7,28;-585;-1338;-1020;-785;0;0;0;0;-0,79;0,19;0,19;0,19;-0,104841271;-0,195913612;-0,15595926;-0,181395347
38868;5,13;15,6;9255;;10,45;-0,027631855;5,11;5,84;5,87;5,96;17,9;18,4;8,3;7,4;9183;10025;10300;9518;0;0;0;0;10,45;11,24;10,26;10,26;-0,01098546;0,113888889;0,099252935;0,026974536;0,02;-0,71;-0,74;-0,83;-2,3;-2,8;7,3;8,2;72;-770;-1045;-263;0;0;0;0;0;-0,79;0,19;0,19;-0,016646395;-0,141520744;-0,12688479;-0,054606391
38898;4,93;15,53;9263;;10,45;-0,050922131;5,13;5,11;5,84;5,87;15,74;17,1;9,1;7,42;9070;9830;10300;9760;0;0;0;0;10,45;11,24;10,26;10,26;-0,041732699;0,060409924;0,125068269;0,038297872;-0,2;-0,18;-0,91;-0,94;-0,21;-1,57;6,43;8,11;193;-567;-1037;-497;0;0;0;0;0;-0,79;0,19;0,19;-0,009189432;-0,111332056;-0,1759904;-0,089220003
38929;4,93;15,15;9073;;10,45;-0,074655788;5,13;5,11;5,84;5,87;15,4;17,03;17,89;7,84;8785;9370;10123;9805;0;0;0;0;10,45;11,24;10,26;10,26;-0,082027168;0,022814103;0,113886444;0,073932092;-0,2;-0,18;-0,91;-0,94;-0,25;-1,88;-2,74;7,31;288;-297;-1050;-732;0;0;0;0;0;-0,79;0,19;0,19;0,00737138;-0,097469891;-0,188542232;-0,14858788
38960;4,93;14,9;9111;;10,28;-0,115436893;5,13;5,11;5,84;5,87;15,6;17,9;18,4;8,3;9255;9183;10025;10300;0;0;0;0;10,45;10,45;11,24;10,26;-0,027631855;-0,01098546;0,113888889;0,099252935;-0,2;-0,18;-0,91;-0,94;-0,7;-3;-3,5;6,6;-144;-72;-914;-1189;0;0;0;0;-0,17;-0,17;-0,96;0,02;-0,087805038;-0,104451433;-0,229325782;-0,214689828
38990;5,86;14,55;9223;;10,28;-0,104563107;4,93;5,13;5,11;5,84;15,53;15,74;17,1;9,1;9263;9070;9830;10300;0;0;0;0;10,45;10,45;11,24;10,26;-0,050922131;-0,041732699;0,060409924;0,125068269;0,93;0,73;0,75;0,02;-0,98;-1,19;-2,55;5,45;-40;153;-607;-1077;0;0;0;0;-0,17;-0,17;-0,96;0,02;-0,053640976;-0,062830407;-0,164973031;-0,229631376
39021;5,86;6,29;9115;;10,28;-0,099575225;4,93;5,13;5,11;5,84;15,15;15,4;17,03;17,89;9073;8785;9370;10123;0;0;0;0;10,45;10,45;11,24;10,26;-0,074655788;-0,082027168;0,022814103;0,113886444;0,93;0,73;0,75;0,02;-8,86;-9,11;-10,74;-11,6;42;330;-255;-1008;0;0;0;0;-0,17;-0,17;-0,96;0,02;-0,024919437;-0,017548057;-0,122389328;-0,213461668
39051;5,86;5,27;9169;;10,28;-0,085386534;4,93;5,13;5,11;5,84;14,9;15,6;17,9;18,4;9111;9255;9183;10025;0;0;0;0;10,28;10,45;10,45;11,24;-0,115436893;-0,027631855;-0,01098546;0,113888889;0,93;0,73;0,75;0,02;-9,63;-10,33;-12,63;-13,13;58;-86;-14;-856;0;0;0;0;0;-0,17;-0,17;-0,96;0,03005036;-0,057754678;-0,074401073;-0,199275423
39082;6,06;6,6;8995;;10,28;-0,084944049;5,86;4,93;5,13;5,11;14,55;15,53;15,74;17,1;9223;9263;9070;9830;0;0;0;0;10,28;10,45;10,45;11,24;-0,104563107;-0,050922131;-0,041732699;0,060409924;0,2;1,13;0,93;0,95;-7,95;-8,93;-9,14;-10,5;-228;-268;-75;-835;0;0;0;0;0;-0,17;-0,17;-0,96;0,019619058;-0,034021918;-0,043211349;-0,145353973
39113;6,06;6,26;9097;;10,28;-0,029135539;5,86;4,93;5,13;5,11;6,29;15,15;15,4;17,03;9115;9073;8785;9370;0;0;0;0;10,28;10,45;10,45;11,24;-0,099575225;-0,074655788;-0,082027168;0,022814103;0,2;1,13;0,93;0,95;-0,03;-8,89;-9,14;-10,77;-18;24;312;-273;0;0;0;0;0;-0,17;-0,17;-0,96;0,070439686;0,045520249;0,052891629;-0,051949642
39141;6,06;6,3;9153;;9,75;-0,003266906;5,86;4,93;5,13;5,11;5,27;14,9;15,6;17,9;9169;9111;9255;9183;0;0;0;0;10,28;10,28;10,45;10,45;-0,085386534;-0,115436893;-0,027631855;-0,01098546;0,2;1,13;0,93;0,95;1,03;-8,6;-9,3;-11,6;-16;42;-102;-30;0;0;0;0;-0,53;-0,53;-0,7;-0,7;0,082119627;0,112169987;0,024364949;0,007718554
39172;6,06;6,52;9136;;9,75;0,007276736;6,06;5,86;4,93;5,13;6,6;14,55;15,53;15,74;8995;9223;9263;9070;0;0;0;0;10,28;10,28;10,45;10,45;-0,084944049;-0,104563107;-0,050922131;-0,041732699;0;0,2;1,13;0,93;-0,08;-8,03;-9,01;-9,22;141;-87;-127;66;0;0;0;0;-0,53;-0,53;-0,7;-0,7;0,092220785;0,111839843;0,058198868;0,049009436
39202;6,06;6,29;9085;;9,75;0,034149118;6,06;5,86;4,93;5,13;6,26;6,29;15,15;15,4;9097;9115;9073;8785;0;0;0;0;10,28;10,28;10,45;10,45;-0,029135539;-0,099575225;-0,074655788;-0,082027168;0;0,2;1,13;0,93;0,03;0;-8,86;-9,11;-12;-30;12;300;0;0;0;0;-0,53;-0,53;-0,7;-0,7;0,063284657;0,133724343;0,108804906;0,116176286
39233;6,06;6,01;8835;;9,75;-0,045380875;6,06;5,86;4,93;5,13;6,3;5,27;14,9;15,6;9153;9169;9111;9255;0;0;0;0;9,75;10,28;10,28;10,45;-0,003266906;-0,085386534;-0,115436893;-0,027631855;0;0,2;1,13;0,93;-0,29;0,74;-8,89;-9,59;-318;-334;-276;-420;0;0;0;0;0;-0,53;-0,53;-0,7;-0,042113969;0,040005658;0,070056018;-0,01774902
39263;6,73;5,77;9045;;9,75;-0,023534492;6,06;6,06;5,86;4,93;6,52;6,6;14,55;15,53;9136;8995;9223;9263;0;0;0;0;9,75;10,28;10,28;10,45;0,007276736;-0,084944049;-0,104563107;-0,050922131;0,67;0,67;0,87;1,8;-0,75;-0,83;-8,78;-9,76;-91;50;-178;-218;0;0;0;0;0;-0,53;-0,53;-0,7;-0,030811229;0,061409557;0,081028615;0,027387639
39294;6,73;6,06;9189;;9,75;0,012785187;6,06;6,06;5,86;4,93;6,29;6,26;6,29;15,15;9085;9097;9115;9073;0;0;0;0;9,75;10,28;10,28;10,45;0,034149118;-0,029135539;-0,099575225;-0,074655788;0,67;0,67;0,87;1,8;-0,23;-0,2;-0,23;-9,09;104;92;74;116;0;0;0;0;0;-0,53;-0,53;-0,7;-0,021363931;0,041920726;0,112360412;0,087440975
39325;6,73;6,51;9395;;9,11;0,031171112;6,06;6,06;5,86;4,93;6,01;6,3;5,27;14,9;8835;9153;9169;9111;0;0;0;0;9,75;9,75;10,28;10,28;-0,045380875;-0,003266906;-0,085386534;-0,115436893;0,67;0,67;0,87;1,8;0,5;0,21;1,24;-8,39;560;242;226;284;0;0;0;0;-0,64;-0,64;-1,17;-1,17;0,076551987;0,034438018;0,116557646;0,146608005
39355;6,74;6,95;9150;;9,11;-0,007914995;6,73;6,06;6,06;5,86;5,77;6,52;6,6;14,55;9045;9136;8995;9223;0;0;0;0;9,75;9,75;10,28;10,28;-0,023534492;0,007276736;-0,084944049;-0,104563107;0,01;0,68;0,68;0,88;1,18;0,43;0,35;-7,6;105;14;155;-73;0;0;0;0;-0,64;-0,64;-1,17;-1,17;0,015619497;-0,015191732;0,077029054;0,096648112
39386;6,74;6,88;9099;;9,11;-0,001755348;6,73;6,06;6,06;5,86;6,06;6,29;6,26;6,29;9189;9085;9097;9115;0;0;0;0;9,75;9,75;10,28;10,28;0,012785187;0,034149118;-0,029135539;-0,099575225;0,01;0,68;0,68;0,88;0,82;0,59;0,62;0,59;-90;14;2;-16;0;0;0;0;-0,64;-0,64;-1,17;-1,17;-0,014540535;-0,035904466;0,027380191;0,097819876
39416;6,74;6,71;9372;;9,11;0,022139819;6,73;6,06;6,06;5,86;6,51;6,01;6,3;5,27;9395;8835;9153;9169;0;0;0;0;9,11;9,75;9,75;10,28;0,031171112;-0,045380875;-0,003266906;-0,085386534;0,01;0,68;0,68;0,88;0,2;0,7;0,41;1,44;-23;537;219;203;0;0;0;0;0;-0,64;-0,64;-1,17;-0,009031293;0,067520694;0,025406725;0,107526353
39447;5,84;6,59;9393;;9,11;0,044246804;6,74;6,73;6,06;6,06;6,95;5,77;6,52;6,6;9150;9045;9136;8995;0;0;0;0;9,11;9,75;9,75;10,28;-0,007914995;-0,023534492;0,007276736;-0,084944049;-0,9;-0,89;-0,22;-0,22;-0,36;0,82;0,07;-0,01;243;348;257;398;0;0;0;0;0;-0,64;-0,64;-1,17;0,052161799;0,067781296;0,036970067;0,129190853
39478;5,84;7,36;9267;;9,11;0,018687479;6,74;6,73;6,06;6,06;6,88;6,06;6,29;6,26;9099;9189;9085;9097;0;0;0;0;9,11;9,75;9,75;10,28;-0,001755348;0,012785187;0,034149118;-0,029135539;-0,9;-0,89;-0,22;-0,22;0,48;1,3;1,07;1,1;168;78;182;170;0;0;0;0;0;-0,64;-0,64;-1,17;0,020442828;0,005902293;-0,015461638;0,047823018
39507;5,84;7,4;9071;;8,46;-0,008958811;6,74;6,73;6,06;6,06;6,71;6,51;6,01;6,3;9372;9395;8835;9153;0;0;0;0;9,11;9,11;9,75;9,75;0,022139819;0,031171112;-0,045380875;-0,003266906;-0,9;-0,89;-0,22;-0,22;0,69;0,89;1,39;1,1;-301;-324;236;-82;0;0;0;0;-0,65;-0,65;-1,29;-1,29;-0,03109863;-0,040129923;0,036422064;-0,005691905
39538;6,22;8,17;9229;;8,46;0,01017951;5,84;6,74;6,73;6,06;6,59;6,95;5,77;6,52;9393;9150;9045;9136;0;0;0;0;9,11;9,11;9,75;9,75;0,044246804;-0,007914995;-0,023534492;0,007276736;0,38;-0,52;-0,51;0,16;1,58;1,22;2,4;1,65;-164;79;184;93;0;0;0;0;-0,65;-0,65;-1,29;-1,29;-0,034067294;0,018094505;0,033714002;0,002902773
39568;6,22;8,96;9232;;8,46;0,016180517;5,84;6,74;6,73;6,06;7,36;6,88;6,06;6,29;9267;9099;9189;9085;0;0;0;0;9,11;9,11;9,75;9,75;0,018687479;-0,001755348;0,012785187;0,034149118;0,38;-0,52;-0,51;0,16;1,6;2,08;2,9;2,67;-35;133;43;147;0;0;0;0;-0,65;-0,65;-1,29;-1,29;-0,002506962;0,017935866;0,003395331;-0,0179686
39599;6,22;10,38;9315;;8,46;0,054329372;5,84;6,74;6,73;6,06;7,4;6,71;6,51;6,01;9071;9372;9395;8835;0;0;0;0;8,46;9,11;9,11;9,75;-0,008958811;0,022139819;0,031171112;-0,045380875;0,38;-0,52;-0,51;0,16;2,98;3,67;3,87;4,37;244;-57;-80;480;0;0;0;0;0;-0,65;-0,65;-1,29;0,063288183;0,032189553;0,02315826;0,099710247
39629;6,3;11,03;9228;;8,46;0,020232172;6,22;5,84;6,74;6,73;8,17;6,59;6,95;5,77;9229;9393;9150;9045;0;0;0;0;8,46;9,11;9,11;9,75;0,01017951;0,044246804;-0,007914995;-0,023534492;0,08;0,46;-0,44;-0,43;2,86;4,44;4,08;5,26;-1;-165;78;183;0;0;0;0;0;-0,65;-0,65;-1,29;0,010052663;-0,024014631;0,028147168;0,043766665
39660;6,3;11,9;9098;;8,46;-0,009903145;6,22;5,84;6,74;6,73;8,96;7,36;6,88;6,06;9232;9267;9099;9189;0;0;0;0;8,46;9,11;9,11;9,75;0,016180517;0,018687479;-0,001755348;0,012785187;0,08;0,46;-0,44;-0,43;2,94;4,54;5,02;5,84;-134;-169;-1;-91;0;0;0;0;0;-0,65;-0,65;-1,29;-0,026083662;-0,028590624;-0,008147797;-0,022688332
39691;6,3;11,85;9153;;8,39;-0,025758382;6,22;5,84;6,74;6,73;10,38;7,4;6,71;6,51;9315;9071;9372;9395;0;0;0;0;8,46;8,46;9,11;9,11;0,054329372;-0,008958811;0,022139819;0,031171112;0,08;0,46;-0,44;-0,43;1,47;4,45;5,14;5,34;-162;82;-219;-242;0;0;0;0;-0,07;-0,07;-0,72;-0,72;-0,080087754;-0,016799571;-0,047898201;-0,056929494
39721;6,25;12,14;9506;;8,39;0,038907104;6,3;6,22;5,84;6,74;11,03;8,17;6,59;6,95;9228;9229;9393;9150;0;0;0;0;8,46;8,46;9,11;9,11;0,020232172;0,01017951;0,044246804;-0,007914995;-0,05;0,03;0,41;-0,49;1,11;3,97;5,55;5,19;278;277;113;356;0;0;0;0;-0,07;-0,07;-0,72;-0,72;0,018674931;0,028727594;-0,0053397;0,046822099
39752;6,25;11,77;11050;;8,39;0,214419167;6,3;6,22;5,84;6,74;11,9;8,96;7,36;6,88;9098;9232;9267;9099;0;0;0;0;8,46;8,46;9,11;9,11;-0,009903145;0,016180517;0,018687479;-0,001755348;-0,05;0,03;0,41;-0,49;-0,13;2,81;4,41;4,89;1952;1818;1783;1951;0;0;0;0;-0,07;-0,07;-0,72;-0,72;0,224322312;0,19823865;0,195731688;0,216174515
39782;6,25;11,68;12360;;8,39;0,318822023;6,3;6,22;5,84;6,74;11,85;10,38;7,4;6,71;9153;9315;9071;9372;0;0;0;0;8,39;8,46;8,46;9,11;-0,025758382;0,054329372;-0,008958811;0,022139819;-0,05;0,03;0,41;-0,49;-0,17;1,3;4,28;4,97;3207;3045;3289;2988;0;0;0;0;0;-0,07;-0,07;-0,72;0,344580405;0,264492651;0,327780834;0,296682204
39813;5,28;11,06;11120;;8,39;0,183860322;6,25;6,3;6,22;5,84;12,14;11,03;8,17;6,59;9506;9228;9229;9393;0;0;0;0;8,39;8,46;8,46;9,11;0,038907104;0,020232172;0,01017951;0,044246804;-0,97;-1,02;-0,94;-0,56;-1,08;0,03;2,89;4,47;1614;1892;1891;1727;0;0;0;0;0;-0,07;-0,07;-0,72;0,144953218;0,163628149;0,173680812;0,139613518
39844;5,28;9,17;11375;;8,39;0,227473832;6,25;6,3;6,22;5,84;11,77;11,9;8,96;7,36;11050;9098;9232;9267;0;0;0;0;8,39;8,46;8,46;9,11;0,214419167;-0,009903145;0,016180517;0,018687479;-0,97;-1,02;-0,94;-0,56;-2,6;-2,73;0,21;1,81;325;2277;2143;2108;0;0;0;0;0;-0,07;-0,07;-0,72;0,013054665;0,237376977;0,211293315;0,208786352
39872;5,28;8,6;12000;;8,14;0,322897145;6,25;6,3;6,22;5,84;11,68;11,85;10,38;7,4;12360;9153;9315;9071;0;0;0;0;8,39;8,39;8,46;8,46;0,318822023;-0,025758382;0,054329372;-0,008958811;-0,97;-1,02;-0,94;-0,56;-3,08;-3,25;-1,78;1,2;-360;2847;2685;2929;0;0;0;0;-0,25;-0,25;-0,32;-0,32;0,004075122;0,348655527;0,268567773;0,331855956
39903;4,52;7,92;11700;;8,14;0,267742984;5,28;6,25;6,3;6,22;11,06;12,14;11,03;8,17;11120;9506;9228;9229;0;0;0;0;8,39;8,39;8,46;8,46;0,183860322;0,038907104;0,020232172;0,01017951;-0,76;-1,73;-1,78;-1,7;-3,14;-4,22;-3,11;-0,25;580;2194;2472;2471;0;0;0;0;-0,25;-0,25;-0,32;-0,32;0,083882663;0,22883588;0,247510812;0,257563474
39933;4,52;7,31;10625;;8,14;0,150888215;5,28;6,25;6,3;6,22;9,17;11,77;11,9;8,96;11375;11050;9098;9232;0;0;0;0;8,39;8,39;8,46;8,46;0,227473832;0,214419167;-0,009903145;0,016180517;-0,76;-1,73;-1,78;-1,7;-1,86;-4,46;-4,59;-1,65;-750;-425;1527;1393;0;0;0;0;-0,25;-0,25;-0,32;-0,32;-0,076585617;-0,063530952;0,16079136;0,134707698
39964;4,52;6,04;10295;;8,14;0,105206656;5,28;6,25;6,3;6,22;8,6;11,68;11,85;10,38;12000;12360;9153;9315;0;0;0;0;8,14;8,39;8,39;8,46;0,322897145;0,318822023;-0,025758382;0,054329372;-0,76;-1,73;-1,78;-1,7;-2,56;-5,64;-5,81;-4,34;-1705;-2065;1142;980;0;0;0;0;0;-0,25;-0,25;-0,32;-0,217690489;-0,213615367;0,130965038;0,050877284
39994;4,14;3,65;10208;;8,14;0,106198526;4,52;5,28;6,25;6,3;7,92;11,06;12,14;11,03;11700;11120;9506;9228;0;0;0;0;8,14;8,39;8,39;8,46;0,267742984;0,183860322;0,038907104;0,020232172;-0,38;-1,14;-2,11;-2,16;-4,27;-7,41;-8,49;-7,38;-1492;-912;702;980;0;0;0;0;0;-0,25;-0,25;-0,32;-0,161544458;-0,077661795;0,067291422;0,085966354
40025;4,14;2,71;9928;;8,14;0,091228842;4,52;5,28;6,25;6,3;7,31;9,17;11,77;11,9;10625;11375;11050;9098;0;0;0;0;8,14;8,39;8,39;8,46;0,150888215;0,227473832;0,214419167;-0,009903145;-0,38;-1,14;-2,11;-2,16;-4,6;-6,46;-9,06;-9,19;-697;-1447;-1122;830;0;0;0;0;0;-0,25;-0,25;-0,32;-0,059659373;-0,13624499;-0,123190325;0,101131987
40056;4,14;2,75;10105;;7,87;0,104009614;4,52;5,28;6,25;6,3;6,04;8,6;11,68;11,85;10295;12000;12360;9153;0;0;0;0;8,14;8,14;8,39;8,39;0,105206656;0,322897145;0,318822023;-0,025758382;-0,38;-1,14;-2,11;-2,16;-3,29;-5,85;-8,93;-9,1;-190;-1895;-2255;952;0;0;0;0;-0,27;-0,27;-0,52;-0,52;-0,001197042;-0,21888753;-0,214812409;0,129767996
40086;4,27;2,83;9665;;7,87;0,016726278;4,14;4,52;5,28;6,25;3,65;7,92;11,06;12,14;10208;11700;11120;9506;0;0;0;0;8,14;8,14;8,39;8,39;0,106198526;0,267742984;0,183860322;0,038907104;0,13;-0,25;-1,01;-1,98;-0,82;-5,09;-8,23;-9,31;-543;-2035;-1455;159;0;0;0;0;-0,27;-0,27;-0,52;-0,52;-0,089472248;-0,251016706;-0,167134043;-0,022180826
40117;4,27;2,57;9585;;7,87;-0,132579186;4,14;4,52;5,28;6,25;2,71;7,31;9,17;11,77;9928;10625;11375;11050;0;0;0;0;8,14;8,14;8,39;8,39;0,091228842;0,150888215;0,227473832;0,214419167;0,13;-0,25;-1,01;-1,98;-0,14;-4,74;-6,6;-9,2;-343;-1040;-1790;-1465;0;0;0;0;-0,27;-0,27;-0,52;-0,52;-0,223808027;-0,2834674;-0,360053017;-0,346998352
40147;4,27;2,41;9461;;7,87;-0,234546926;4,14;4,52;5,28;6,25;2,75;6,04;8,6;11,68;10105;10295;12000;12360;0;0;0;0;7,87;8,14;8,14;8,39;0,104009614;0,105206656;0,322897145;0,318822023;0,13;-0,25;-1,01;-1,98;-0,34;-3,63;-6,19;-9,27;-644;-834;-2539;-2899;0;0;0;0;0;-0,27;-0,27;-0,52;-0,33855654;-0,339753581;-0,55744407;-0,553368949
40178;5,6;2,78;9404;;7,87;-0,154316547;4,27;4,14;4,52;5,28;2,83;3,65;7,92;11,06;9665;10208;11700;11120;0;0;0;0;7,87;8,14;8,14;8,39;0,016726278;0,106198526;0,267742984;0,183860322;1,33;1,46;1,08;0,32;-0,05;-0,87;-5,14;-8,28;-261;-804;-2296;-1716;0;0;0;0;0;-0,27;-0,27;-0,52;-0,171042825;-0,260515073;-0,422059531;-0,338176868
40209;5,6;3,71;9353;;7,87;-0,177758242;4,27;4,14;4,52;5,28;2,57;2,71;7,31;9,17;9585;9928;10625;11375;0;0;0;0;7,87;8,14;8,14;8,39;-0,132579186;0,091228842;0,150888215;0,227473832;1,33;1,46;1,08;0,32;1,14;1;-3,6;-5,46;-232;-575;-1272;-2022;0;0;0;0;0;-0,27;-0,27;-0,52;-0,045179056;-0,268987083;-0,328646457;-0,405232074
40237;5,6;3,8;9343;;7,41;-0,221416667;4,27;4,14;4,52;5,28;2,41;2,75;6,04;8,6;9461;10105;10295;12000;0;0;0;0;7,87;7,87;8,14;8,14;-0,234546926;0,104009614;0,105206656;0,322897145;1,33;1,46;1,08;0,32;1,39;1,05;-2,24;-4,8;-118;-762;-952;-2657;0;0;0;0;-0,46;-0,46;-0,73;-0,73;0,013130259;-0,325426281;-0,326623323;-0,544313811
40268;6,08;3,43;9100;;7,41;-0,222222222;5,6;4,27;4,14;4,52;2,78;2,83;3,65;7,92;9404;9665;10208;11700;0;0;0;0;7,87;7,87;8,14;8,14;-0,154316547;0,016726278;0,106198526;0,267742984;0,48;1,81;1,94;1,56;0,65;0,6;-0,22;-4,49;-304;-565;-1108;-2600;0;0;0;0;-0,46;-0,46;-0,73;-0,73;-0,067905675;-0,2389485;-0,328420748;-0,489965206
40298;6,08;3,91;9010;;7,41;-0,152;5,6;4,27;4,14;4,52;3,71;2,57;2,71;7,31;9353;9585;9928;10625;0;0;0;0;7,87;7,87;8,14;8,14;-0,177758242;-0,132579186;0,091228842;0,150888215;0,48;1,81;1,94;1,56;0,2;1,34;1,2;-3,4;-343;-575;-918;-1615;0;0;0;0;-0,46;-0,46;-0,73;-0,73;0,025758242;-0,019420814;-0,243228842;-0,302888215
40329;6,08;4,17;9175;;7,41;-0,108790675;5,6;4,27;4,14;4,52;3,8;2,41;2,75;6,04;9343;9461;10105;10295;0;0;0;0;7,41;7,87;7,87;8,14;-0,221416667;-0,234546926;0,104009614;0,105206656;0,48;1,81;1,94;1,56;0,37;1,76;1,42;-1,87;-168;-286;-930;-1120;0;0;0;0;0;-0,46;-0,46;-0,73;0,112625992;0,12575625;-0,212800289;-0,213997331
40359;6,76;5,06;9074;;7,41;-0,111089342;6,08;5,6;4,27;4,14;3,43;2,78;2,83;3,65;9100;9404;9665;10208;0;0;0;0;7,41;7,87;7,87;8,14;-0,222222222;-0,154316547;0,016726278;0,106198526;0,68;1,16;2,49;2,62;1,63;2,28;2,23;1,41;-26;-330;-591;-1134;0;0;0;0;0;-0,46;-0,46;-0,73;0,111132881;0,043227205;-0,12781562;-0,217287868
40390;6,76;6,23;8949;;7,41;-0,098609992;6,08;5,6;4,27;4,14;3,91;3,71;2,57;2,71;9010;9353;9585;9928;0;0;0;0;7,41;7,87;7,87;8,14;-0,152;-0,177758242;-0,132579186;0,091228842;0,68;1,16;2,49;2,62;2,32;2,52;3,66;3,52;-61;-404;-636;-979;0;0;0;0;0;-0,46;-0,46;-0,73;0,053390008;0,07914825;0,033969194;-0,189838833
40421;6,76;6,45;9045;;7,14;-0,104898565;6,08;5,6;4,27;4,14;4,17;3,8;2,41;2,75;9175;9343;9461;10105;0;0;0;0;7,41;7,41;7,87;7,87;-0,108790675;-0,221416667;-0,234546926;0,104009614;0,68;1,16;2,49;2,62;2,28;2,65;4,04;3,7;-130;-298;-416;-1060;0;0;0;0;-0,27;-0,27;-0,73;-0,73;0,00389211;0,116518102;0,12964836;-0,208908179
40451;6,18;5,81;8928;;7,14;-0,076254527;6,76;6,08;5,6;4,27;5,06;3,43;2,78;2,83;9074;9100;9404;9665;0;0;0;0;7,41;7,41;7,87;7,87;-0,111089342;-0,222222222;-0,154316547;0,016726278;-0,58;0,1;0,58;1,91;0,75;2,38;3,03;2,98;-146;-172;-476;-737;0;0;0;0;-0,27;-0,27;-0,73;-0,73;0,034834815;0,145967696;0,07806202;-0,092980805
40482;6,18;5,67;8940;;7,14;-0,067292645;6,76;6,08;5,6;4,27;6,23;3,91;3,71;2,57;8949;9010;9353;9585;0;0;0;0;7,41;7,41;7,87;7,87;-0,098609992;-0,152;-0,177758242;-0,132579186;-0,58;0,1;0,58;1,91;-0,56;1,76;1,96;3,1;-9;-70;-413;-645;0;0;0;0;-0,27;-0,27;-0,73;-0,73;0,031317347;0,084707355;0,110465597;0,065286541
40512;6,18;6,34;9017;;7,14;-0,0469295;6,76;6,08;5,6;4,27;6,45;4,17;3,8;2,41;9045;9175;9343;9461;0;0;0;0;7,14;7,41;7,41;7,87;-0,104898565;-0,108790675;-0,221416667;-0,234546926;-0,58;0,1;0,58;1,91;-0,11;2,17;2,54;3,93;-28;-158;-326;-444;0;0;0;0;0;-0,27;-0,27;-0,73;0,057969065;0,061861175;0,174487167;0,187617426
40543;6,49;6,96;9013;;7,14;-0,041578052;6,18;6,76;6,08;5,6;5,81;5,06;3,43;2,78;8928;9074;9100;9404;0;0;0;0;7,14;7,41;7,41;7,87;-0,076254527;-0,111089342;-0,222222222;-0,154316547;0,31;-0,27;0,41;0,89;1,15;1,9;3,53;4,18;85;-61;-87;-391;0;0;0;0;0;-0,27;-0,27;-0,73;0,034676475;0,06951129;0,18064417;0,112738495
40574;6,49;7,01;9050;;7,14;-0,032396023;6,18;6,76;6,08;5,6;5,67;6,23;3,91;3,71;8940;8949;9010;9353;0;0;0;0;7,14;7,41;7,41;7,87;-0,067292645;-0,098609992;-0,152;-0,177758242;0,31;-0,27;0,41;0,89;1,34;0,78;3,1;3,3;110;101;40;-303;0;0;0;0;0;-0,27;-0,27;-0,73;0,034896622;0,066213969;0,119603977;0,145362219
40602;6,49;6,83;8823;;6,96;-0,055656641;6,18;6,76;6,08;5,6;6,34;6,45;4,17;3,8;9017;9045;9175;9343;0;0;0;0;7,14;7,14;7,41;7,41;-0,0469295;-0,104898565;-0,108790675;-0,221416667;0,31;-0,27;0,41;0,89;0,49;0,38;2,66;3,03;-194;-222;-352;-520;0;0;0;0;-0,18;-0,18;-0,45;-0,45;-0,008727141;0,049241924;0,053134034;0,165760025
40633;6,48;6,64;8710;;6,96;-0,042857143;6,49;6,18;6,76;6,08;6,96;5,81;5,06;3,43;9013;8928;9074;9100;0;0;0;0;7,14;7,14;7,41;7,41;-0,041578052;-0,076254527;-0,111089342;-0,222222222;-0,01;0,3;-0,28;0,4;-0,32;0,83;1,58;3,21;-303;-218;-364;-390;0;0;0;0;-0,18;-0,18;-0,45;-0,45;-0,001279091;0,033397384;0,068232199;0,179365079
40663;6,48;6,15;8575;;6,96;-0,048279689;6,49;6,18;6,76;6,08;7,01;5,67;6,23;3,91;9050;8940;8949;9010;0;0;0;0;7,14;7,14;7,41;7,41;-0,032396023;-0,067292645;-0,098609992;-0,152;-0,01;0,3;-0,28;0,4;-0,86;0,48;-0,08;2,24;-475;-365;-374;-435;0;0;0;0;-0,18;-0,18;-0,45;-0,45;-0,015883667;0,019012956;0,050330303;0,103720311
40694;6,48;5,97;8537;;6,96;-0,069536785;6,49;6,18;6,76;6,08;6,83;6,34;6,45;4,17;8823;9017;9045;9175;0;0;0;0;6,96;7,14;7,14;7,41;-0,055656641;-0,0469295;-0,104898565;-0,108790675;-0,01;0,3;-0,28;0,4;-0,86;-0,37;-0,48;1,8;-286;-480;-508;-638;0;0;0;0;0;-0,18;-0,18;-0,45;-0,013880143;-0,022607285;0,03536178;0,03925389
40724;6,27;5,53;8577;;6,96;-0,054771876;6,48;6,49;6,18;6,76;6,64;6,96;5,81;5,06;8710;9013;8928;9074;0;0;0;0;6,96;7,14;7,14;7,41;-0,042857143;-0,041578052;-0,076254527;-0,111089342;-0,21;-0,22;0,09;-0,49;-1,11;-1,43;-0,28;0,47;-133;-436;-351;-497;0;0;0;0;0;-0,18;-0,18;-0,45;-0,011914733;-0,013193824;0,021482651;0,056317466
40755;6,27;4,59;8498;;6,96;-0,050396692;6,48;6,49;6,18;6,76;6,15;7,01;5,67;6,23;8575;9050;8940;8949;0;0;0;0;6,96;7,14;7,14;7,41;-0,048279689;-0,032396023;-0,067292645;-0,098609992;-0,21;-0,22;0,09;-0,49;-1,56;-2,42;-1,08;-1,64;-77;-552;-442;-451;0;0;0;0;0;-0,18;-0,18;-0,45;-0,002117003;-0,01800067;0,016895952;0,0482133
40786;6,27;4,76;8534;;7,48;-0,056495301;6,48;6,49;6,18;6,76;5,97;6,83;6,34;6,45;8537;8823;9017;9045;0;0;0;0;6,96;6,96;7,14;7,14;-0,069536785;-0,055656641;-0,0469295;-0,104898565;-0,21;-0,22;0,09;-0,49;-1,21;-2,07;-1,58;-1,69;-3;-289;-483;-511;0;0;0;0;0,52;0,52;0,34;0,34;0,013041483;-0,00083866;-0,009565801;0,048403264
40816;6,01;4,59;8790;;7,48;-0,015456989;6,27;6,48;6,49;6,18;5,53;6,64;6,96;5,81;8577;8710;9013;8928;0;0;0;0;6,96;6,96;7,14;7,14;-0,054771876;-0,042857143;-0,041578052;-0,076254527;-0,26;-0,47;-0,48;-0,17;-0,94;-2,05;-2,37;-1,22;213;80;-223;-138;0;0;0;0;0,52;0,52;0,34;0,34;0,039314886;0,027400154;0,026121063;0,060797537
40847;6,01;4,41;8853;;7,48;-0,009731544;6,27;6,48;6,49;6,18;4,59;6,15;7,01;5,67;8498;8575;9050;8940;0;0;0;0;6,96;6,96;7,14;7,14;-0,050396692;-0,048279689;-0,032396023;-0,067292645;-0,26;-0,47;-0,48;-0,17;-0,18;-1,74;-2,6;-1,26;355;278;-197;-87;0;0;0;0;0,52;0,52;0,34;0,34;0,040665149;0,038548146;0,022664479;0,057561101
40877;6,01;4,13;9138;;7,48;0,013419097;6,27;6,48;6,49;6,18;4,76;5,97;6,83;6,34;8534;8537;8823;9017;0;0;0;0;7,48;6,96;6,96;7,14;-0,056495301;-0,069536785;-0,055656641;-0,0469295;-0,26;-0,47;-0,48;-0,17;-0,63;-1,84;-2,7;-2,21;604;601;315;121;0;0;0;0;0;0,52;0,52;0,34;0,069914399;0,082955882;0,069075739;0,060348597
40908;5,94;3,78;9067;;7,48;0,005991346;6,01;6,27;6,48;6,49;4,59;5,53;6,64;6,96;8790;8577;8710;9013;0;0;0;0;7,48;6,96;6,96;7,14;-0,015456989;-0,054771876;-0,042857143;-0,041578052;-0,07;-0,33;-0,54;-0,55;-0,81;-1,75;-2,86;-3,18;277;490;357;54;0;0;0;0;0;0,52;0,52;0,34;0,021448335;0,060763222;0,048848489;0,047569398
40939;5,94;3,64;8995;;7,48;-0,006077348;6,01;6,27;6,48;6,49;4,41;4,59;6,15;7,01;8853;8498;8575;9050;0;0;0;0;7,48;6,96;6,96;7,14;-0,009731544;-0,050396692;-0,048279689;-0,032396023;-0,07;-0,33;-0,54;-0,55;-0,77;-0,95;-2,51;-3,37;142;497;420;-55;0;0;0;0;0;0,52;0,52;0,34;0,003654196;0,044319344;0,042202341;0,026318675
40968;5,94;3,48;9074;;6,37;0,028448374;6,01;6,27;6,48;6,49;4,13;4,76;5,97;6,83;9138;8534;8537;8823;0;0;0;0;7,48;7,48;6,96;6,96;0,013419097;-0,056495301;-0,069536785;-0,055656641;-0,07;-0,33;-0,54;-0,55;-0,65;-1,28;-2,49;-3,35;-64;540;537;251;0;0;0;0;-1,11;-1,11;-0,59;-0,59;0,015029276;0,084943675;0,097985158;0,084105015
40999;6,11;3,88;9165;;6,37;0,052238806;5,94;6,01;6,27;6,48;3,78;4,59;5,53;6,64;9067;8790;8577;8710;0;0;0;0;7,48;7,48;6,96;6,96;0,005991346;-0,015456989;-0,054771876;-0,042857143;0,17;0,1;-0,16;-0,37;0,1;-0,71;-1,65;-2,76;98;375;588;455;0;0;0;0;-1,11;-1,11;-0,59;-0,59;0,04624746;0,067695795;0,107010682;0,095095949
41029;6,11;4,42;9189;;6,37;0,071603499;5,94;6,01;6,27;6,48;3,64;4,41;4,59;6,15;8995;8853;8498;8575;0;0;0;0;7,48;7,48;6,96;6,96;-0,006077348;-0,009731544;-0,050396692;-0,048279689;0,17;0,1;-0,16;-0,37;0,78;0,01;-0,17;-1,73;194;336;691;614;0;0;0;0;-1,11;-1,11;-0,59;-0,59;0,077680847;0,081335042;0,122000191;0,119883188
41060;6,11;4,35;9400;;6,37;0,101089376;5,94;6,01;6,27;6,48;3,48;4,13;4,76;5,97;9074;9138;8534;8537;0;0;0;0;6,37;7,48;7,48;6,96;0,028448374;0,013419097;-0,056495301;-0,069536785;0,17;0,1;-0,16;-0,37;0,87;0,22;-0,41;-1,62;326;262;866;863;0;0;0;0;0;-1,11;-1,11;-0,59;0,072641002;0,087670278;0,157584677;0,17062616
41090;6,21;4,33;9430;;6,37;0,099452023;6,11;5,94;6,01;6,27;3,88;3,78;4,59;5,53;9165;9067;8790;8577;0;0;0;0;6,37;7,48;7,48;6,96;0,052238806;0,005991346;-0,015456989;-0,054771876;0,1;0,27;0,2;-0,06;0,45;0,55;-0,26;-1,2;265;363;640;853;0;0;0;0;0;-1,11;-1,11;-0,59;0,047213217;0,093460677;0,114909012;0,154223899
41121;6,21;4,22;9439;;6,37;0,110731937;6,11;5,94;6,01;6,27;4,42;3,64;4,41;4,59;9189;8995;8853;8498;0;0;0;0;6,37;7,48;7,48;6,96;0,071603499;-0,006077348;-0,009731544;-0,050396692;0,1;0,27;0,2;-0,06;-0,2;0,58;-0,19;-0,37;250;444;586;941;0;0;0;0;0;-1,11;-1,11;-0,59;0,039128438;0,116809285;0,120463481;0,161128629
41152;6,21;4,09;9581;;6,13;0,122685728;6,11;5,94;6,01;6,27;4,35;3,48;4,13;4,76;9400;9074;9138;8534;0;0;0;0;6,37;6,37;7,48;7,48;0,101089376;0,028448374;0,013419097;-0,056495301;0,1;0,27;0,2;-0,06;-0,26;0,61;-0,04;-0,67;181;507;443;1047;0;0;0;0;-0,24;-0,24;-1,35;-1,35;0,021596352;0,094237354;0,10926663;0,179181029
41182;5,94;3,81;9589;;6,13;0,090898749;6,21;6,11;5,94;6,01;4,33;3,88;3,78;4,59;9430;9165;9067;8790;0;0;0;0;6,37;6,37;7,48;7,48;0,099452023;0,052238806;0,005991346;-0,015456989;-0,27;-0,17;0;-0,07;-0,52;-0,07;0,03;-0,78;159;424;522;799;0;0;0;0;-0,24;-0,24;-1,35;-1,35;-0,008553274;0,038659943;0,084907403;0,106355738
41213;5,94;4,11;9608;;6,13;0,085281825;6,21;6,11;5,94;6,01;4,22;4,42;3,64;4,41;9439;9189;8995;8853;0;0;0;0;6,37;6,37;7,48;7,48;0,110731937;0,071603499;-0,006077348;-0,009731544;-0,27;-0,17;0;-0,07;-0,11;-0,31;0,47;-0,3;169;419;613;755;0;0;0;0;-0,24;-0,24;-1,35;-1,35;-0,025450112;0,013678327;0,091359173;0,095013369
41243;5,94;3,8;9594;;6,13;0,04990151;6,21;6,11;5,94;6,01;4,09;4,35;3,48;4,13;9581;9400;9074;9138;0;0;0;0;6,13;6,37;6,37;7,48;0,122685728;0,101089376;0,028448374;0,013419097;-0,27;-0,17;0;-0,07;-0,29;-0,55;0,32;-0,33;13;194;520;456;0;0;0;0;0;-0,24;-0,24;-1,35;-0,072784218;-0,051187865;0,021453137;0,036482413
41274;5,87;3,65;9638;;6,13;0,062975626;5,94;6,21;6,11;5,94;3,81;4,33;3,88;3,78;9589;9430;9165;9067;0;0;0;0;6,13;6,37;6,37;7,48;0,090898749;0,099452023;0,052238806;0,005991346;-0,07;-0,34;-0,24;-0,07;-0,16;-0,68;-0,23;-0,13;49;208;473;571;0;0;0;0;0;-0,24;-0,24;-1,35;-0,027923123;-0,036476397;0,01073682;0,05698428
41305;5,87;3,84;9740;;6,13;0,082823791;5,94;6,21;6,11;5,94;4,11;4,22;4,42;3,64;9608;9439;9189;8995;0;0;0;0;6,13;6,37;6,37;7,48;0,085281825;0,110731937;0,071603499;-0,006077348;-0,07;-0,34;-0,24;-0,07;-0,27;-0,38;-0,58;0,2;132;301;551;745;0;0;0;0;0;-0,24;-0,24;-1,35;-0,002458034;-0,027908146;0,011220292;0,088901139
41333;5,87;4,6;9664;;5,88;0,065020939;5,94;6,21;6,11;5,94;3,8;4,09;4,35;3,48;9594;9581;9400;9074;0;0;0;0;6,13;6,13;6,37;6,37;0,04990151;0,122685728;0,101089376;0,028448374;-0,07;-0,34;-0,24;-0,07;0,8;0,51;0,25;1,12;70;83;264;590;0;0;0;0;-0,25;-0,25;-0,49;-0,49;0,015119429;-0,057664789;-0,036068437;0,036572565
41364;5,54;5,02;9715;;5,88;0,060010911;5,87;5,94;6,21;6,11;3,65;3,81;4,33;3,88;9638;9589;9430;9165;0;0;0;0;6,13;6,13;6,37;6,37;0,062975626;0,090898749;0,099452023;0,052238806;-0,33;-0,4;-0,67;-0,57;1,37;1,21;0,69;1,14;77;126;285;550;0;0;0;0;-0,25;-0,25;-0,49;-0,49;-0,002964715;-0,030887838;-0,039441112;0,007772105
41394;5,54;4,86;9723;;5,88;0,058112961;5,87;5,94;6,21;6,11;3,84;4,11;4,22;4,42;9740;9608;9439;9189;0;0;0;0;6,13;6,13;6,37;6,37;0,082823791;0,085281825;0,110731937;0,071603499;-0,33;-0,4;-0,67;-0,57;1,02;0,75;0,64;0,44;-17;115;284;534;0;0;0;0;-0,25;-0,25;-0,49;-0,49;-0,02471083;-0,027168864;-0,052618976;-0,013490537
41425;5,54;4,9;9795;;5,88;0,042021277;5,87;5,94;6,21;6,11;4,6;3,8;4,09;4,35;9664;9594;9581;9400;0;0;0;0;5,88;6,13;6,13;6,37;0,065020939;0,04990151;0,122685728;0,101089376;-0,33;-0,4;-0,67;-0,57;0,3;1,1;0,81;0,55;131;201;214;395;0;0;0;0;0;-0,25;-0,25;-0,49;-0,022999662;-0,007880234;-0,080664451;-0,059068099
41455;5,59;5,41;9925;;5,88;0,052492047;5,54;5,87;5,94;6,21;5,02;3,65;3,81;4,33;9715;9638;9589;9430;0;0;0;0;5,88;6,13;6,13;6,37;0,060010911;0,062975626;0,090898749;0,099452023;0,05;-0,28;-0,35;-0,62;0,39;1,76;1,6;1,08;210;287;336;495;0;0;0;0;0;-0,25;-0,25;-0,49;-0,007518864;-0,010483579;-0,038406702;-0,046959976
41486;5,59;7,98;10278;;5,88;0,088886535;5,54;5,87;5,94;6,21;4,86;3,84;4,11;4,22;9723;9740;9608;9439;0;0;0;0;5,88;6,13;6,13;6,37;0,058112961;0,082823791;0,085281825;0,110731937;0,05;-0,28;-0,35;-0,62;3,12;4,14;3,87;3,76;555;538;670;839;0;0;0;0;0;-0,25;-0,25;-0,49;0,030773573;0,006062744;0,003604709;-0,021845402
41517;5,59;8,18;10920;;6,17;0,139755767;5,54;5,87;5,94;6,21;4,9;4,6;3,8;4,09;9795;9664;9594;9581;0;0;0;0;5,88;5,88;6,13;6,13;0,042021277;0,065020939;0,04990151;0,122685728;0,05;-0,28;-0,35;-0,62;3,28;3,58;4,38;4,09;1125;1256;1326;1339;0;0;0;0;0,29;0,29;0,04;0,04;0,09773449;0,074734828;0,089854256;0,017070039
41547;5,52;7,9;11580;;6,17;0,207633747;5,59;5,54;5,87;5,94;5,41;5,02;3,65;3,81;9925;9715;9638;9589;0;0;0;0;5,88;5,88;6,13;6,13;0,052492047;0,060010911;0,062975626;0,090898749;-0,07;-0,02;-0,35;-0,42;2,49;2,88;4,25;4,09;1655;1865;1942;1991;0;0;0;0;0,29;0,29;0,04;0,04;0,1551417;0,147622836;0,144658121;0,116734998
41578;5,52;7,93;11273;;6,17;0,173293089;5,59;5,54;5,87;5,94;7,98;4,86;3,84;4,11;10278;9723;9740;9608;0;0;0;0;5,88;5,88;6,13;6,13;0,088886535;0,058112961;0,082823791;0,085281825;-0,07;-0,02;-0,35;-0,42;-0,05;3,07;4,09;3,82;995;1550;1533;1665;0;0;0;0;0,29;0,29;0,04;0,04;0,084406555;0,115180128;0,090469298;0,088011264
41608;5,52;8,07;11963;;6,17;0,246925162;5,59;5,54;5,87;5,94;8,18;4,9;4,6;3,8;10920;9795;9664;9594;0;0;0;0;6,17;5,88;5,88;6,13;0,139755767;0,042021277;0,065020939;0,04990151;-0,07;-0,02;-0,35;-0,42;-0,11;3,17;3,47;4,27;1043;2168;2299;2369;0;0;0;0;0;0,29;0,29;0,04;0,107169395;0,204903885;0,181904223;0,197023651
41639;5,58;8,08;12170;;6,17;0,262710106;5,52;5,59;5,54;5,87;7,9;5,41;5,02;3,65;11580;9925;9715;9638;0;0;0;0;6,17;5,88;5,88;6,13;0,207633747;0,052492047;0,060010911;0,062975626;0,06;-0,01;0,04;-0,29;0,18;2,67;3,06;4,43;590;2245;2455;2532;0;0;0;0;0;0,29;0,29;0,04;0,055076359;0,210218059;0,202699195;0,19973448
41670;5,58;8,22;12210;;6,17;0,253593429;5,52;5,59;5,54;5,87;7,93;7,98;4,86;3,84;11273;10278;9723;9740;0;0;0;0;6,17;5,88;5,88;6,13;0,173293089;0,088886535;0,058112961;0,082823791;0,06;-0,01;0,04;-0,29;0,29;0,24;3,36;4,38;937;1932;2487;2470;0;0;0;0;0;0,29;0,29;0,04;0,08030034;0,164706895;0,195480468;0,170769638
41698;5,58;7,75;11609;;5,7;0,201262417;5,52;5,59;5,54;5,87;8,07;8,18;4,9;4,6;11963;10920;9795;9664;0;0;0;0;6,17;6,17;5,88;5,88;0,246925162;0,139755767;0,042021277;0,065020939;0,06;-0,01;0,04;-0,29;-0,32;-0,43;2,85;3,15;-354;689;1814;1945;0;0;0;0;-0,47;-0,47;-0,18;-0,18;-0,045662744;0,061506651;0,159241141;0,136241478
41729;5,12;7,32;11360;;5,7;0,169325785;5,58;5,52;5,59;5,54;8,08;7,9;5,41;5,02;12170;11580;9925;9715;0;0;0;0;6,17;6,17;5,88;5,88;0,262710106;0,207633747;0,052492047;0,060010911;-0,46;-0,4;-0,47;-0,42;-0,76;-0,58;1,91;2,3;-810;-220;1435;1645;0;0;0;0;-0,47;-0,47;-0,18;-0,18;-0,093384321;-0,038307962;0,116833738;0,109314874
41759;5,12;7,25;11562;;5,7;0,189139155;5,58;5,52;5,59;5,54;8,22;7,93;7,98;4,86;12210;11273;10278;9723;0;0;0;0;6,17;6,17;5,88;5,88;0,253593429;0,173293089;0,088886535;0,058112961;-0,46;-0,4;-0,47;-0,42;-0,97;-0,68;-0,73;2,39;-648;289;1284;1839;0;0;0;0;-0,47;-0,47;-0,18;-0,18;-0,064454275;0,015846065;0,10025262;0,131026193
41790;5,12;7,32;11675;;5,7;0,191934661;5,58;5,52;5,59;5,54;7,75;8,07;8,18;4,9;11609;11963;10920;9795;0;0;0;0;5,7;6,17;6,17;5,88;0,201262417;0,246925162;0,139755767;0,042021277;-0,46;-0,4;-0,47;-0,42;-0,43;-0,75;-0,86;2,42;66;-288;755;1880;0;0;0;0;0;-0,47;-0,47;-0,18;-0,009327757;-0,054990501;0,052178894;0,149913384
41820;4,94;6,7;11855;;5,7;0,194458438;5,12;5,58;5,52;5,59;7,32;8,08;7,9;5,41;11360;12170;11580;9925;0;0;0;0;5,7;6,17;6,17;5,88;0,169325785;0,262710106;0,207633747;0,052492047;-0,18;-0,64;-0,58;-0,65;-0,62;-1,38;-1,2;1,29;495;-315;275;1930;0;0;0;0;0;-0,47;-0,47;-0,18;0,025132653;-0,068251668;-0,013175309;0,141966392
41851;4,94;4,53;11580;;5,7;0,126678342;5,12;5,58;5,52;5,59;7,25;8,22;7,93;7,98;11562;12210;11273;10278;0;0;0;0;5,7;6,17;6,17;5,88;0,189139155;0,253593429;0,173293089;0,088886535;-0,18;-0,64;-0,58;-0,65;-2,72;-3,69;-3,4;-3,45;18;-630;307;1302;0;0;0;0;0;-0,47;-0,47;-0,18;-0,062460812;-0,126915087;-0,046614747;0,037791807
41882;4,94;3,99;11694;;5,94;0,070879121;5,12;5,58;5,52;5,59;7,32;7,75;8,07;8,18;11675;11609;11963;10920;0;0;0;0;5,7;5,7;6,17;6,17;0,191934661;0,201262417;0,246925162;0,139755767;-0,18;-0,64;-0,58;-0,65;-3,33;-3,76;-4,08;-4,19;19;85;-269;774;0;0;0;0;0,24;0,24;-0,23;-0,23;-0,12105554;-0,130383296;-0,176046041;-0,068876646
41912;4,93;4,53;12183;;5,94;0,052072539;4,94;5,12;5,58;5,52;6,7;7,32;8,08;7,9;11855;11360;12170;11580;0;0;0;0;5,7;5,7;6,17;6,17;0,194458438;0,169325785;0,262710106;0,207633747;-0,01;-0,19;-0,65;-0,59;-2,17;-2,79;-3,55;-3,37;328;823;13;603;0;0;0;0;0,24;0,24;-0,23;-0,23;-0,142385899;-0,117253246;-0,210637567;-0,155561208
41943;4,93;4,83;12085;;5,94;0,072030515;4,94;5,12;5,58;5,52;4,53;7,25;8,22;7,93;11580;11562;12210;11273;0;0;0;0;5,7;5,7;6,17;6,17;0,126678342;0,189139155;0,253593429;0,173293089;-0,01;-0,19;-0,65;-0,59;0,3;-2,42;-3,39;-3,1;505;523;-125;812;0;0;0;0;0,24;0,24;-0,23;-0,23;-0,054647827;-0,117108639;-0,181562914;-0,101262574
41973;4,93;6,23;12203;;5,94;0,020061857;4,94;5,12;5,58;5,52;3,99;7,32;7,75;8,07;11694;11675;11609;11963;0;0;0;0;5,94;5,7;5,7;6,17;0,070879121;0,191934661;0,201262417;0,246925162;-0,01;-0,19;-0,65;-0,59;2,24;-1,09;-1,52;-1,84;509;528;594;240;0;0;0;0;0;0,24;0,24;-0,23;-0,050817263;-0,171872803;-0,18120056;-0,226863304
42004;5,05;8,36;12385;;5,94;0,017666393;4,93;4,94;5,12;5,58;4,53;6,7;7,32;8,08;12183;11855;11360;12170;0;0;0;0;5,94;5,7;5,7;6,17;0,052072539;0,194458438;0,169325785;0,262710106;0,12;0,11;-0,07;-0,53;3,83;1,66;1,04;0,28;202;530;1025;215;0;0;0;0;0;0,24;0,24;-0,23;-0,034406146;-0,176792046;-0,151659392;-0,245043713
42035;5,05;6,96;12670;;5,94;0,037674038;4,93;4,94;5,12;5,58;4,83;4,53;7,25;8,22;12085;11580;11562;12210;0;0;0;0;5,94;5,7;5,7;6,17;0,072030515;0,126678342;0,189139155;0,253593429;0,12;0,11;-0,07;-0,53;2,13;2,43;-0,29;-1,26;585;1090;1108;460;0;0;0;0;0;0,24;0,24;-0,23;-0,034356478;-0,089004304;-0,151465117;-0,215919391
42063;5,05;6,29;12928;;5,81;0,113618744;4,93;4,94;5,12;5,58;6,23;3,99;7,32;7,75;12203;11694;11675;11609;0;0;0;0;5,94;5,94;5,7;5,7;0,020061857;0,070879121;0,191934661;0,201262417;0,12;0,11;-0,07;-0,53;0,06;2,3;-1,03;-1,46;725;1234;1253;1319;0;0;0;0;-0,13;-0,13;0,11;0,11;0,093556887;0,042739623;-0,078315916;-0,087643673
42094;4,83;6,38;13075;;5,81;0,15096831;5,05;4,93;4,94;5,12;8,36;4,53;6,7;7,32;12385;12183;11855;11360;0;0;0;0;5,94;5,94;5,7;5,7;0,017666393;0,052072539;0,194458438;0,169325785;-0,22;-0,1;-0,11;-0,29;-1,98;1,85;-0,32;-0,94;690;892;1220;1715;0;0;0;0;-0,13;-0,13;0,11;0,11;0,133301917;0,098895771;-0,043490128;-0,018357475
42124;4,83;6,79;12964;;5,81;0,121259298;5,05;4,93;4,94;5,12;6,96;4,83;4,53;7,25;12670;12085;11580;11562;0;0;0;0;5,94;5,94;5,7;5,7;0,037674038;0,072030515;0,126678342;0,189139155;-0,22;-0,1;-0,11;-0,29;-0,17;1,96;2,26;-0,46;294;879;1384;1402;0;0;0;0;-0,13;-0,13;0,11;0,11;0,08358526;0,049228782;-0,005419044;-0,067879857
42155;4,83;7,15;13225;;5,81;0,132762313;5,05;4,93;4,94;5,12;6,29;6,23;3,99;7,32;12928;12203;11694;11675;0;0;0;0;5,81;5,94;5,94;5,7;0,113618744;0,020061857;0,070879121;0,191934661;-0,22;-0,1;-0,11;-0,29;0,86;0,92;3,16;-0,17;297;1022;1531;1550;0;0;0;0;0;-0,13;-0,13;0,11;0,019143569;0,112700455;0,061883192;-0,059172348
42185;4,74;7,26;13333;;5,81;0,124673134;4,83;5,05;4,93;4,94;6,38;8,36;4,53;6,7;13075;12385;12183;11855;0;0;0;0;5,81;5,94;5,94;5,7;0,15096831;0,017666393;0,052072539;0,194458438;-0,09;-0,31;-0,19;-0,2;0,88;-1,1;2,73;0,56;258;948;1150;1478;0;0;0;0;0;-0,13;-0,13;0,11;-0,026295176;0,107006741;0,072600595;-0,069785305
42216;4,74;7,26;13531;;5,81;0,168480138;4,83;5,05;4,93;4,94;6,79;6,96;4,83;4,53;12964;12670;12085;11580;0;0;0;0;5,81;5,94;5,94;5,7;0,121259298;0,037674038;0,072030515;0,126678342;-0,09;-0,31;-0,19;-0,2;0,47;0,3;2,43;2,73;567;861;1446;1951;0;0;0;0;0;-0,13;-0,13;0,11;0,04722084;0,1308061;0,096449623;0,041801796
42247;4,74;7,18;14053;;6,18;0,201727382;4,83;5,05;4,93;4,94;7,15;6,29;6,23;3,99;13225;12928;12203;11694;0;0;0;0;5,81;5,81;5,94;5,94;0,132762313;0,113618744;0,020061857;0,070879121;-0,09;-0,31;-0,19;-0,2;0,03;0,89;0,95;3,19;828;1125;1850;2359;0;0;0;0;0,37;0,37;0,24;0,24;0,068965069;0,088108637;0,181665524;0,130848261
42277;4,78;6,83;14651;;6,18;0,202577362;4,74;4,83;5,05;4,93;7,26;6,38;8,36;4,53;13333;13075;12385;12183;0;0;0;0;5,81;5,81;5,94;5,94;0,124673134;0,15096831;0,017666393;0,052072539;0,04;-0,05;-0,27;-0,15;-0,43;0,45;-1,53;2,3;1318;1576;2266;2468;0;0;0;0;0,37;0,37;0,24;0,24;0,077904228;0,051609052;0,184910969;0,150504823
42308;4,78;6,25;13695;;6,18;0,133223004;4,74;4,83;5,05;4,93;7,26;6,79;6,96;4,83;13531;12964;12670;12085;0;0;0;0;5,81;5,81;5,94;5,94;0,168480138;0,121259298;0,037674038;0,072030515;0,04;-0,05;-0,27;-0,15;-1,01;-0,54;-0,71;1,42;164;731;1025;1610;0;0;0;0;0,37;0,37;0,24;0,24;-0,035257134;0,011963706;0,095548966;0,061192488
42338;4,78;4,89;13841;;6,18;0,134229288;4,74;4,83;5,05;4,93;7,18;7,15;6,29;6,23;14053;13225;12928;12203;0;0;0;0;6,18;5,81;5,81;5,94;0,201727382;0,132762313;0,113618744;0,020061857;0,04;-0,05;-0,27;-0,15;-2,29;-2,26;-1,4;-1,34;-212;616;913;1638;0;0;0;0;0;0,37;0,37;0,24;-0,067498094;0,001466975;0,020610544;0,11416743
42369;5,15;3,35;13788;;6,18;0,113282196;4,78;4,74;4,83;5,05;6,83;7,26;6,38;8,36;14651;13333;13075;12385;0;0;0;0;6,18;5,81;5,81;5,94;0,202577362;0,124673134;0,15096831;0,017666393;0,37;0,41;0,32;0,1;-3,48;-3,91;-3,03;-5,01;-863;455;713;1403;0;0;0;0;0;0,37;0,37;0,24;-0,089295166;-0,011390937;-0,037686114;0,095615803
42400;5,15;4,14;13776;;6,18;0,087292818;4,78;4,74;4,83;5,05;6,25;7,26;6,79;6,96;13695;13531;12964;12670;0;0;0;0;6,18;5,81;5,81;5,94;0,133223004;0,168480138;0,121259298;0,037674038;0,37;0,41;0,32;0,1;-2,11;-3,12;-2,65;-2,82;81;245;812;1106;0;0;0;0;0;0,37;0,37;0,24;-0,045930186;-0,08118732;-0,03396648;0,04961878
42429;5,15;4,42;13376;;5,5;0,034653465;4,78;4,74;4,83;5,05;4,89;7,18;7,15;6,29;13841;14053;13225;12928;0;0;0;0;6,18;6,18;5,81;5,81;0,134229288;0,201727382;0,132762313;0,113618744;0,37;0,41;0,32;0,1;-0,47;-2,76;-2,73;-1,87;-465;-677;151;448;0;0;0;0;-0,68;-0,68;-0,31;-0,31;-0,099575823;-0,167073916;-0,098108847;-0,078965279
42460;4,94;4,45;13260;;5,5;0,01414914;5,15;4,78;4,74;4,83;3,35;6,83;7,26;6,38;13788;14651;13333;13075;0;0;0;0;6,18;6,18;5,81;5,81;0,113282196;0,202577362;0,124673134;0,15096831;-0,21;0,16;0,2;0,11;1,1;-2,38;-2,81;-1,93;-528;-1391;-73;185;0;0;0;0;-0,68;-0,68;-0,31;-0,31;-0,099133057;-0,188428222;-0,110523994;-0,13681917
42490;4,94;3,6;13197;5,5;5,5;0,017972848;5,15;4,78;4,74;4,83;4,14;6,25;7,26;6,79;13776;13695;13531;12964;0;0;0;0;6,18;6,18;5,81;5,81;0,087292818;0,133223004;0,168480138;0,121259298;-0,21;0,16;0,2;0,11;-0,54;-2,65;-3,66;-3,19;-579;-498;-334;233;5,5;5,5;5,5;5,5;-0,68;-0,68;-0,31;-0,31;-0,06931997;-0,115250156;-0,15050729;-0,10328645
42521;4,94;3,33;13658;5,5;5,5;0,032741021;5,15;4,78;4,74;4,83;4,42;4,89;7,18;7,15;13376;13841;14053;13225;0;0;0;0;5,5;6,18;6,18;5,81;0,034653465;0,134229288;0,201727382;0,132762313;-0,21;0,16;0,2;0,11;-1,09;-1,56;-3,85;-3,82;282;-183;-395;433;5,5;5,5;5,5;5,5;0;-0,68;-0,68;-0,31;-0,001912445;-0,101488267;-0,168986361;-0,100021292
42551;5,21;3,45;13220;5,25;5,5;-0,008475212;4,94;5,15;4,78;4,74;4,45;3,35;6,83;7,26;13260;13788;14651;13333;0;0;0;0;5,5;6,18;6,18;5,81;0,01414914;0,113282196;0,202577362;0,124673134;0,27;0,06;0,43;0,47;-1;0,1;-3,38;-3,81;-40;-568;-1431;-113;5,25;5,25;5,25;5,25;0;-0,68;-0,68;-0,31;-0,022624351;-0,121757408;-0,211052574;-0,133148346
42582;5,21;3,21;13099;5,25;5,5;-0,031926687;4,94;5,15;4,78;4,74;3,6;4,14;6,25;7,26;13197;13776;13695;13531;5,5;0;0;0;5,5;6,18;6,18;5,81;0,017972848;0,087292818;0,133223004;0,168480138;0,27;0,06;0,43;0,47;-0,39;-0,93;-3,04;-4,05;-98;-677;-596;-432;-0,25;5,25;5,25;5,25;0;-0,68;-0,68;-0,31;-0,049899535;-0,119219505;-0,165149691;-0,200406825
42613;5,21;2,79;13265;5,25;5,61;-0,056073436;4,94;5,15;4,78;4,74;3,33;4,42;4,89;7,18;13658;13376;13841;14053;5,5;0;0;0;5,5;5,5;6,18;6,18;0,032741021;0,034653465;0,134229288;0,201727382;0,27;0,06;0,43;0,47;-0,54;-1,63;-2,1;-4,39;-393;-111;-576;-788;-0,25;5,25;5,25;5,25;0,11;0,11;-0,57;-0,57;-0,088814457;-0,090726902;-0,190302724;-0,257800818
42643;5,03;3,07;13051;5;5,61;-0,109207563;5,21;4,94;5,15;4,78;3,45;4,45;3,35;6,83;13220;13260;13788;14651;5,25;0;0;0;5,5;5,5;6,18;6,18;-0,008475212;0,01414914;0,113282196;0,202577362;-0,18;0,09;-0,12;0,25;-0,38;-1,38;-0,28;-3,76;-169;-209;-737;-1600;-0,25;5;5;5;0,11;0,11;-0,57;-0,57;-0,100732351;-0,123356702;-0,222489759;-0,311784925
42674;5,03;3,31;13048;4,75;5,61;-0,04724352;5,21;4,94;5,15;4,78;3,21;3,6;4,14;6,25;13099;13197;13776;13695;5,25;5,5;0;0;5,5;5,5;6,18;6,18;-0,031926687;0,017972848;0,087292818;0,133223004;-0,18;0,09;-0,12;0,25;0,1;-0,29;-0,83;-2,94;-51;-149;-728;-647;-0,5;-0,75;4,75;4,75;0,11;0,11;-0,57;-0,57;-0,015316833;-0,065216367;-0,134536337;-0,180466523
42704;5,03;3,58;13553;4,75;5,61;-0,020807745;5,21;4,94;5,15;4,78;2,79;3,33;4,42;4,89;13265;13658;13376;13841;5,25;5,5;0;0;5,61;5,5;5,5;6,18;-0,056073436;0,032741021;0,034653465;0,134229288;-0,18;0,09;-0,12;0,25;0,79;0,25;-0,84;-1,31;288;-105;177;-288;-0,5;-0,75;4,75;4,75;0;0,11;0,11;-0,57;0,035265691;-0,053548766;-0,05546121;-0,155037033
42735;4,94;3,02;13473;4,75;5,61;-0,022845953;5,03;5,21;4,94;5,15;3,07;3,45;4,45;3,35;13051;13220;13260;13788;5;5,25;0;0;5,61;5,5;5,5;6,18;-0,109207563;-0,008475212;0,01414914;0,113282196;-0,09;-0,27;0;-0,21;-0,05;-0,43;-1,43;-0,33;422;253;213;-315;-0,25;-0,5;4,75;4,75;0;0,11;0,11;-0,57;0,08636161;-0,014370741;-0,036995093;-0,136128149
42766;4,94;3,49;13352;4,75;5,61;-0,030778165;5,03;5,21;4,94;5,15;3,31;3,21;3,6;4,14;13048;13099;13197;13776;4,75;5,25;5,5;0;5,61;5,5;5,5;6,18;-0,04724352;-0,031926687;0,017972848;0,087292818;-0,09;-0,27;0;-0,21;0,18;0,28;-0,11;-0,65;304;253;155;-424;0;-0,5;-0,75;4,75;0;0,11;0,11;-0,57;0,016465355;0,001148522;-0,048751013;-0,118070983
42794;4,94;3,83;13336;4,75;5,33;-0,002990431;5,03;5,21;4,94;5,15;3,58;2,79;3,33;4,42;13553;13265;13658;13376;4,75;5,25;5,5;0;5,61;5,61;5,5;5,5;-0,020807745;-0,056073436;0,032741021;0,034653465;-0,09;-0,27;0;-0,21;0,25;1,04;0,5;-0,59;-217;71;-322;-40;0;-0,5;-0,75;4,75;-0,28;-0,28;-0,17;-0,17;0,017817314;0,053083006;-0,035731451;-0,037643896
42825;5,01;3,61;13326;4,75;5,33;0,004977376;4,94;5,03;5,21;4,94;3,02;3,07;3,45;4,45;13473;13051;13220;13260;4,75;5;5,25;0;5,61;5,61;5,5;5,5;-0,022845953;-0,109207563;-0,008475212;0,01414914;0,07;-0,02;-0,2;0,07;0,59;0,54;0,16;-0,84;-147;275;106;66;0;-0,25;-0,5;4,75;-0,28;-0,28;-0,17;-0,17;0,027823329;0,114184938;0,013452587;-0,009171764
42855;5,01;4,17;13329;4,75;5,33;0,010002273;4,94;5,03;5,21;4,94;3,49;3,31;3,21;3,6;13352;13048;13099;13197;4,75;4,75;5,25;5,5;5,61;5,61;5,5;5,5;-0,030778165;-0,04724352;-0,031926687;0,017972848;0,07;-0,02;-0,2;0,07;0,68;0,86;0,96;0,57;-23;281;230;132;0;0;-0,5;-0,75;-0,28;-0,28;-0,17;-0,17;0,040780438;0,057245793;0,04192896;-0,007970575
42886;5,01;4,33;13323;4,75;5,33;-0,024527749;4,94;5,03;5,21;4,94;3,83;3,58;2,79;3,33;13336;13553;13265;13658;4,75;4,75;5,25;5,5;5,33;5,61;5,61;5,5;-0,002990431;-0,020807745;-0,056073436;0,032741021;0,07;-0,02;-0,2;0,07;0,5;0,75;1,54;1;-13;-230;58;-335;0;0;-0,5;-0,75;0;-0,28;-0,28;-0,17;-0,021537319;-0,003720004;0,031545687;-0,05726877
42916;5,01;4,37;13328;4,75;5,33;0,00816944;5,01;4,94;5,03;5,21;3,61;3,02;3,07;3,45;13326;13473;13051;13220;4,75;4,75;5;5,25;5,33;5,61;5,61;5,5;0,004977376;-0,022845953;-0,109207563;-0,008475212;0;0,07;-0,02;-0,2;0,76;1,35;1,3;0,92;2;-145;277;108;0;0;-0,25;-0,5;0;-0,28;-0,28;-0,17;0,003192065;0,031015393;0,117377003;0,016644652
42947;5,01;3,88;13325;4,75;5,33;0,017253225;5,01;4,94;5,03;5,21;4,17;3,49;3,31;3,21;13329;13352;13048;13099;4,75;4,75;4,75;5,25;5,33;5,61;5,61;5,5;0,010002273;-0,030778165;-0,04724352;-0,031926687;0;0,07;-0,02;-0,2;-0,29;0,39;0,57;0,67;-4;-27;277;226;0;0;0;-0,5;0;-0,28;-0,28;-0,17;0,007250952;0,04803139;0,064496745;0,049179912
42978;5,01;3,82;13342;4,5;5,5;0,005804749;5,01;4,94;5,03;5,21;4,33;3,83;3,58;2,79;13323;13336;13553;13265;4,75;4,75;4,75;5,25;5,33;5,33;5,61;5,61;-0,024527749;-0,002990431;-0,020807745;-0,056073436;0;0,07;-0,02;-0,2;-0,51;-0,01;0,24;1,03;19;6;-211;77;-0,25;-0,25;-0,25;-0,75;0,17;0,17;-0,11;-0,11;0,030332499;0,00879518;0,026612494;0,061878186
43008;5,06;3,72;13472;4,25;5,5;0,032258065;5,01;5,01;4,94;5,03;4,37;3,61;3,02;3,07;13328;13326;13473;13051;4,75;4,75;4,75;5;5,33;5,33;5,61;5,61;0,00816944;0,004977376;-0,022845953;-0,109207563;0,05;0,05;0,12;0,03;-0,65;0,11;0,7;0,65;144;146;-1;421;-0,5;-0,5;-0,5;-0,75;0,17;0,17;-0,11;-0,11;0,024088624;0,027280689;0,055104018;0,141465627
43039;5,06;3,58;13563;4,25;5,5;0,039469651;5,01;5,01;4,94;5,03;3,88;4,17;3,49;3,31;13325;13329;13352;13048;4,75;4,75;4,75;4,75;5,33;5,33;5,61;5,61;0,017253225;0,010002273;-0,030778165;-0,04724352;0,05;0,05;0,12;0,03;-0,3;-0,59;0,09;0,27;238;234;211;515;-0,5;-0,5;-0,5;-0,5;0,17;0,17;-0,11;-0,11;0,022216425;0,029467377;0,070247815;0,08671317
43069;5,06;3,3;13526;4,25;5,5;-0,001992179;5,01;5,01;4,94;5,03;3,82;4,33;3,83;3,58;13342;13323;13336;13553;4,5;4,75;4,75;4,75;5,5;5,33;5,33;5,61;0,005804749;-0,024527749;-0,002990431;-0,020807745;0,05;0,05;0,12;0,03;-0,52;-1,03;-0,53;-0,28;184;203;190;-27;-0,25;-0,5;-0,5;-0,5;0;0,17;0,17;-0,11;-0,007796928;0,02253557;0,000998252;0,018815566
43100;5,19;3,61;13568;4,25;5,5;0,007051139;5,06;5,01;5,01;4,94;3,72;4,37;3,61;3,02;13472;13328;13326;13473;4,25;4,75;4,75;4,75;5,5;5,33;5,33;5,61;0,032258065;0,00816944;0,004977376;-0,022845953;0,13;0,18;0,18;0,25;-0,11;-0,76;0;0,59;96;240;242;95;0;-0,5;-0,5;-0,5;0;0,17;0,17;-0,11;-0,025206925;-0,001118301;0,002073764;0,029897092
43131;5,19;3,25;13389;4,25;5,5;0,00277112;5,06;5,01;5,01;4,94;3,58;3,88;4,17;3,49;13563;13325;13329;13352;4,25;4,75;4,75;4,75;5,5;5,33;5,33;5,61;0,039469651;0,017253225;0,010002273;-0,030778165;0,13;0,18;0,18;0,25;-0,33;-0,63;-0,92;-0,24;-174;64;60;37;0;-0,5;-0,5;-0,5;0;0,17;0,17;-0,11;-0,03669853;-0,014482105;-0,007231153;0,033549285
43159;5,19;3,18;13745;4,25;5,13;0,030668866;5,06;5,01;5,01;4,94;3,3;3,82;4,33;3,83;13526;13342;13323;13336;4,25;4,5;4,75;4,75;5,5;5,5;5,33;5,33;-0,001992179;0,005804749;-0,024527749;-0,002990431;0,13;0,18;0,18;0,25;-0,12;-0,64;-1,15;-0,65;219;403;422;409;0;-0,25;-0,5;-0,5;-0,37;-0,37;-0,2;-0,2;0,032661045;0,024864117;0,055196616;0,033659297
43190;5,07;3,4;13768;4,25;5,13;0,033168243;5,19;5,06;5,01;5,01;3,61;3,72;4,37;3,61;13568;13472;13328;13326;4,25;4,25;4,75;4,75;5,5;5,5;5,33;5,33;0,007051139;0,032258065;0,00816944;0,004977376;-0,12;0,01;0,06;0,06;-0,21;-0,32;-0,97;-0,21;200;296;440;442;0;0;-0,5;-0,5;-0,37;-0,37;-0,2;-0,2;0,026117103;0,000910178;0,024998802;0,028190867
43220;5,07;3,41;13913;4,25;5,13;0,04381424;5,19;5,06;5,01;5,01;3,25;3,58;3,88;4,17;13389;13563;13325;13329;4,25;4,25;4,75;4,75;5,5;5,5;5,33;5,33;0,00277112;0,039469651;0,017253225;0,010002273;-0,12;0,01;0,06;0,06;0,16;-0,17;-0,47;-0,76;524;350;588;584;0;0;-0,5;-0,5;-0,37;-0,37;-0,2;-0,2;0,041043119;0,004344589;0,026561014;0,033811966
43251;5,07;3,23;13894;4,75;5,13;0,042858215;5,19;5,06;5,01;5,01;3,18;3,3;3,82;4,33;13745;13526;13342;13323;4,25;4,25;4,5;4,75;5,13;5,5;5,5;5,33;0,030668866;-0,001992179;0,005804749;-0,024527749;-0,12;0,01;0,06;0,06;0,05;-0,07;-0,59;-1,1;149;368;552;571;0,5;0,5;0,25;0;0;-0,37;-0,37;-0,2;0,012189349;0,044850394;0,037053466;0,067385964
43281;5,27;3,12;14330;5,25;5,13;0,075180072;5,07;5,19;5,06;5,01;3,4;3,61;3,72;4,37;13768;13568;13472;13328;4,25;4,25;4,25;4,75;5,13;5,5;5,5;5,33;0,033168243;0,007051139;0,032258065;0,00816944;0,2;0,08;0,21;0,26;-0,28;-0,49;-0,6;-1,25;562;762;858;1002;1;1;1;0,5;0;-0,37;-0,37;-0,2;0,042011829;0,068128933;0,042922008;0,067010632
43312;5,27;3,18;14420;5,25;5,13;0,08217636;5,07;5,19;5,06;5,01;3,41;3,25;3,58;3,88;13913;13389;13563;13325;4,25;4,25;4,25;4,75;5,13;5,5;5,5;5,33;0,04381424;0,00277112;0,039469651;0,017253225;0,2;0,08;0,21;0,26;-0,23;-0,07;-0,4;-0,7;507;1031;857;1095;1;1;1;0,5;0;-0,37;-0,37;-0,2;0,038362121;0,07940524;0,04270671;0,064923135
43343;5,27;3,2;14730;5,5;5,3;0,104032379;5,07;5,19;5,06;5,01;3,23;3,18;3,3;3,82;13894;13745;13526;13342;4,75;4,25;4,25;4,5;5,13;5,13;5,5;5,5;0,042858215;0,030668866;-0,001992179;0,005804749;0,2;0,08;0,21;0,26;-0,03;0,02;-0,1;-0,62;836;985;1204;1388;0,75;1,25;1,25;1;0,17;0,17;-0,2;-0,2;0,061174164;0,073363513;0,106024558;0,09822763
43373;5,17;2,88;14903;5,75;5,3;0,106220309;5,27;5,07;5,19;5,06;3,12;3,4;3,61;3,72;14330;13768;13568;13472;5,25;4,25;4,25;4,25;5,13;5,13;5,5;5,5;0,075180072;0,033168243;0,007051139;0,032258065;-0,1;0,1;-0,02;0,11;-0,24;-0,52;-0,73;-0,84;573;1135;1335;1431;0,5;1,5;1,5;1,5;0,17;0,17;-0,2;-0,2;0,031040237;0,073052066;0,099169169;0,073962244
43404;5,17;3,16;15203;5,75;5,3;0,120917201;5,27;5,07;5,19;5,06;3,18;3,41;3,25;3,58;14420;13913;13389;13563;5,25;4,25;4,25;4,25;5,13;5,13;5,5;5,5;0,08217636;0,04381424;0,00277112;0,039469651;-0,1;0,1;-0,02;0,11;-0,02;-0,25;-0,09;-0,42;783;1290;1814;1640;0,5;1,5;1,5;1,5;0,17;0,17;-0,2;-0,2;0,038740841;0,077102962;0,118146081;0,081447551
43434;5,17;3,23;14302;6;5,3;0,057370989;5,27;5,07;5,19;5,06;3,2;3,23;3,18;3,3;14730;13894;13745;13526;5,5;4,75;4,25;4,25;5,3;5,13;5,13;5,5;0,104032379;0,042858215;0,030668866;-0,001992179;-0,1;0,1;-0,02;0,11;0,03;0;0,05;-0,07;-428;408;557;776;0,5;1,25;1,75;1,75;0;0,17;0,17;-0,2;-0,04666139;0,014512774;0,026702123;0,059363168
43465;5,18;3,13;14390;6;5,3;0,060583726;5,17;5,27;5,07;5,19;2,88;3,12;3,4;3,61;14903;14330;13768;13568;5,75;5,25;4,25;4,25;5,3;5,13;5,13;5,5;0,106220309;0,075180072;0,033168243;0,007051139;0,01;-0,09;0,11;-0,01;0,25;0,01;-0,27;-0,48;-513;60;622;822;0,25;0,75;1,75;1,75;0;0,17;0,17;-0,2;-0,045636582;-0,014596346;0,027415484;0,053532587
43496;5,18;2,82;13973;6;5,3;0,043617895;5,17;5,27;5,07;5,19;3,16;3,18;3,41;3,25;15203;14420;13913;13389;5,75;5,25;4,25;4,25;5,3;5,13;5,13;5,5;0,120917201;0,08217636;0,04381424;0,00277112;0,01;-0,09;0,11;-0,01;-0,34;-0,36;-0,59;-0,43;-1230;-447;60;584;0,25;0,75;1,75;1,75;0;0,17;0,17;-0,2;-0,077299306;-0,038558465;-0,000196344;0,040846775
43524;5,18;2,66;14069;6;5,01;0,023572208;5,17;5,27;5,07;5,19;3,23;3,2;3,23;3,18;14302;14730;13894;13745;6;5,5;4,75;4,25;5,3;5,3;5,13;5,13;0,057370989;0,104032379;0,042858215;0,030668866;0,01;-0,09;0,11;-0,01;-0,57;-0,54;-0,57;-0,52;-233;-661;175;324;0;0,5;1,25;1,75;-0,29;-0,29;-0,12;-0,12;-0,033798781;-0,080460171;-0,019286007;-0,007096658
43555;5,06;2,53;14241;6;5,01;0,034355026;5,18;5,17;5,27;5,07;3,13;2,88;3,12;3,4;14390;14903;14330;13768;6;5,75;5,25;4,25;5,3;5,3;5,13;5,13;0,060583726;0,106220309;0,075180072;0,033168243;-0,12;-0,11;-0,21;-0,01;-0,6;-0,35;-0,59;-0,87;-149;-662;-89;473;0;0,25;0,75;1,75;-0,29;-0,29;-0,12;-0,12;-0,0262287;-0,071865283;-0,040825046;0,001186784
43585;5,06;2,78;14259;6;5,01;0,024868828;5,18;5,17;5,27;5,07;2,82;3,16;3,18;3,41;13973;15203;14420;13913;6;5,75;5,25;4,25;5,3;5,3;5,13;5,13;0,043617895;0,120917201;0,08217636;0,04381424;-0,12;-0,11;-0,21;-0,01;-0,04;-0,38;-0,4;-0,63;286;-944;-161;346;0;0,25;0,75;1,75;-0,29;-0,29;-0,12;-0,12;-0,018749068;-0,096048373;-0,057307533;-0,018945412
43616;5,06;3,06;14273;6;5,01;0,027277962;5,18;5,17;5,27;5,07;2,66;3,23;3,2;3,23;14069;14302;14730;13894;6;6;5,5;4,75;5,01;5,3;5,3;5,13;0,023572208;0,057370989;0,104032379;0,042858215;-0,12;-0,11;-0,21;-0,01;0,4;-0,17;-0,14;-0,17;204;-29;-457;379;0;0;0,5;1,25;0;-0,29;-0,29;-0,12;0,003705754;-0,030093027;-0,076754417;-0,015580253
43646;5,05;2,84;14128;6;5,01;-0,014096301;5,06;5,18;5,17;5,27;2,53;3,13;2,88;3,12;14241;14390;14903;14330;6;6;5,75;5,25;5,01;5,3;5,3;5,13;0,034355026;0,060583726;0,106220309;0,075180072;-0,01;-0,13;-0,12;-0,22;0,31;-0,29;-0,04;-0,28;-113;-262;-775;-202;0;0;0,25;0,75;0;-0,29;-0,29;-0,12;-0,048451328;-0,074680028;-0,12031661;-0,089276373
43677;5,05;2,82;14022;5,75;5,01;-0,027600555;5,06;5,18;5,17;5,27;2,78;2,82;3,16;3,18;14259;13973;15203;14420;6;6;5,75;5,25;5,01;5,3;5,3;5,13;0,024868828;0,043617895;0,120917201;0,08217636;-0,01;-0,13;-0,12;-0,22;0,04;0;-0,34;-0,36;-237;49;-1181;-398;-0,25;-0,25;0;0,5;0;-0,29;-0,29;-0,12;-0,052469383;-0,07121845;-0,148517756;-0,109776915
43708;5,05;3,06;14191;5,5;5,23;-0,036591989;5,06;5,18;5,17;5,27;3,06;2,66;3,23;3,2;14273;14069;14302;14730;6;6;6;5,5;5,01;5,01;5,3;5,3;0,027277962;0,023572208;0,057370989;0,104032379;-0,01;-0,13;-0,12;-0,22;0;0,4;-0,17;-0,14;-82;122;-111;-539;-0,5;-0,5;-0,5;0;0,22;0,22;-0,07;-0,07;-0,063869951;-0,060164197;-0,093962978;-0,140624368
43738;5,01;3,12;14195;5,25;5,23;-0,047507213;5,05;5,06;5,18;5,17;2,84;2,53;3,13;2,88;14128;14241;14390;14903;6;6;6;5,75;5,01;5,01;5,3;5,3;-0,014096301;0,034355026;0,060583726;0,106220309;-0,04;-0,05;-0,17;-0,16;0,28;0,59;-0,01;0,24;67;-46;-195;-708;-0,75;-0,75;-0,75;-0,5;0,22;0,22;-0,07;-0,07;-0,033410912;-0,081862239;-0,10809094;-0,153727522
43769;5,01;2,86;14041;5;5,23;-0,076432283;5,05;5,06;5,18;5,17;2,82;2,78;2,82;3,16;14022;14259;13973;15203;5,75;6;6;5,75;5,01;5,01;5,3;5,3;-0,027600555;0,024868828;0,043617895;0,120917201;-0,04;-0,05;-0,17;-0,16;0,04;0,08;0,04;-0,3;19;-218;68;-1162;-0,75;-1;-1;-0,75;0,22;0,22;-0,07;-0,07;-0,048831728;-0,101301111;-0,120050178;-0,197349484
43799;5,01;2,7;14108;5;5,23;-0,013564536;5,05;5,06;5,18;5,17;3,06;3,06;2,66;3,23;14191;14273;14069;14302;5,5;6;6;6;5,23;5,01;5,01;5,3;-0,036591989;0,027277962;0,023572208;0,057370989;-0,04;-0,05;-0,17;-0,16;-0,36;-0,36;0,04;-0,53;-83;-165;39;-194;-0,5;-1;-1;-1;0;0,22;0,22;-0,07;0,023027453;-0,040842498;-0,037136745;-0,070935526
43830;4,96;2,59;13866;5;5,23;-0,036414177;5,01;5,05;5,06;5,18;3,12;2,84;2,53;3,13;14195;14128;14241;14390;5,25;6;6;6;5,23;5,01;5,01;5,3;-0,047507213;-0,014096301;0,034355026;0,060583726;-0,05;-0,09;-0,1;-0,22;-0,53;-0,25;0,06;-0,54;-329;-262;-375;-524;-0,25;-1;-1;-1;0;0,22;0,22;-0,07;0,011093037;-0,022317875;-0,070769203;-0,096997903
43861;4,96;2,68;13655;5;5,23;-0,022758176;5,01;5,05;5,06;5,18;2,86;2,82;2,78;2,82;14041;14022;14259;13973;5;5,75;6;6;5,23;5,01;5,01;5,3;-0,076432283;-0,027600555;0,024868828;0,043617895;-0,05;-0,09;-0,1;-0,22;-0,18;-0,14;-0,1;-0,14;-386;-367;-604;-318;0;-0,75;-1;-1;0;0,22;0,22;-0,07;0,053674107;0,004842378;-0,047627004;-0,066376072
43890;4,96;2,98;14318;4,75;4,94;0,017698486;5,01;5,05;5,06;5,18;2,7;3,06;3,06;2,66;14108;14191;14273;14069;5;5,5;6;6;5,23;5,23;5,01;5,01;-0,013564536;-0,036591989;0,027277962;0,023572208;-0,05;-0,09;-0,1;-0,22;0,28;-0,08;-0,08;0,32;210;127;45;249;-0,25;-0,75;-1,25;-1,25;-0,29;-0,29;-0,07;-0,07;0,031263022;0,054290475;-0,009579476;-0,005873722
43921;2,97;2,96;16310;4,5;4,94;0,145284741;4,96;5,01;5,05;5,06;2,59;3,12;2,84;2,53;13866;14195;14128;14241;5;5,25;6;6;5,23;5,23;5,01;5,01;-0,036414177;-0,047507213;-0,014096301;0,034355026;-1,99;-2,04;-2,08;-2,09;0,37;-0,16;0,12;0,43;2444;2115;2182;2069;-0,5;-0,75;-1,5;-1,5;-0,29;-0,29;-0,07;-0,07;0,181698918;0,192791955;0,159381043;0,110929715
43951;2,97;2,67;14882;4,5;4,94;0,043691703;4,96;5,01;5,05;5,06;2,68;2,86;2,82;2,78;13655;14041;14022;14259;5;5;5,75;6;5,23;5,23;5,01;5,01;-0,022758176;-0,076432283;-0,027600555;0,024868828;-1,99;-2,04;-2,08;-2,09;-0,01;-0,19;-0,15;-0,11;1227;841;860;623;-0,5;-0,5;-1,25;-1,5;-0,29;-0,29;-0,07;-0,07;0,06644988;0,120123987;0,071292258;0,018822876
43982;2,97;2,19;14610;4,5;4,94;0,023611014;4,96;5,01;5,05;5,06;2,98;2,7;3,06;3,06;14318;14108;14191;14273;4,75;5;5,5;6;4,94;5,23;5,23;5,01;0,017698486;-0,013564536;-0,036591989;0,027277962;-1,99;-2,04;-2,08;-2,09;-0,79;-0,51;-0,87;-0,87;292;502;419;337;-0,25;-0,5;-1;-1,5;0;-0,29;-0,29;-0,07;0,005912528;0,03717555;0,060203003;-0,003666948
44012;-5,32;1,96;14265;4,25;4,94;0,009697055;2,97;4,96;5,01;5,05;2,96;2,59;3,12;2,84;16310;13866;14195;14128;4,5;5;5,25;6;4,94;5,23;5,23;5,01;0,145284741;-0,036414177;-0,047507213;-0,014096301;-8,29;-10,28;-10,33;-10,37;-1;-0,63;-1,16;-0,88;-2045;399;70;137;-0,25;-0,75;-1;-1,75;0;-0,29;-0,29;-0,07;-0,135587686;0,046111232;0,057204269;0,023793357
44043;-5,32;1,54;14600;4;4,94;0,041220939;2,97;4,96;5,01;5,05;2,67;2,68;2,86;2,82;14882;13655;14041;14022;4,5;5;5;5,75;4,94;5,23;5,23;5,01;0,043691703;-0,022758176;-0,076432283;-0,027600555;-8,29;-10,28;-10,33;-10,37;-1,13;-1,14;-1,32;-1,28;-282;945;559;578;-0,5;-1;-1;-1,75;0;-0,29;-0,29;-0,07;-0,002470765;0,063979115;0,117653222;0,068821493
44074;-5,32;1,32;14563;4;7,07;0,026213797;2,97;4,96;5,01;5,05;2,19;2,98;2,7;3,06;14610;14318;14108;14191;4,5;4,75;5;5,5;4,94;4,94;5,23;5,23;0,023611014;0,017698486;-0,013564536;-0,036591989;-8,29;-10,28;-10,33;-10,37;-0,87;-1,66;-1,38;-1,74;-47;245;455;372;-0,5;-0,75;-1;-1,5;2,13;2,13;1,84;1,84;0,002602784;0,008515311;0,039778334;0,062805787
44104;-3,49;1,42;14880;4;7,07;0,048256428;-5,32;2,97;4,96;5,01;1,96;2,96;2,59;3,12;14265;16310;13866;14195;4,25;4,5;5;5,25;4,94;4,94;5,23;5,23;0,009697055;0,145284741;-0,036414177;-0,047507213;1,83;-6,46;-8,45;-8,5;-0,54;-1,54;-1,17;-1,7;615;-1430;1014;685;-0,25;-0,5;-1;-1,25;2,13;2,13;1,84;1,84;0,038559373;-0,097028313;0,084670605;0,095763642
44135;-3,49;1,44;14625;4;7,07;0,041592479;-5,32;2,97;4,96;5,01;1,54;2,67;2,68;2,86;14600;14882;13655;14041;4;4,5;5;5;4,94;4,94;5,23;5,23;0,041220939;0,043691703;-0,022758176;-0,076432283;1,83;-6,46;-8,45;-8,5;-0,1;-1,23;-1,24;-1,42;25;-257;970;584;0;-0,5;-1;-1;2,13;2,13;1,84;1,84;0,000371541;-0,002099224;0,064350656;0,118024762
44165;-3,49;1,59;14120;3,75;7,07;0,000850581;-5,32;2,97;4,96;5,01;1,32;2,19;2,98;2,7;14563;14610;14318;14108;4;4,5;4,75;5;7,07;4,94;4,94;5,23;0,026213797;0,023611014;0,017698486;-0,013564536;1,83;-6,46;-8,45;-8,5;0,27;-0,6;-1,39;-1,11;-443;-490;-198;12;-0,25;-0,75;-1;-1,25;0;2,13;2,13;1,84;-0,025363216;-0,022760433;-0,016847905;0,014415118
44196;-2,17;1,68;14050;3,75;7,07;0,013269869;-3,49;-5,32;2,97;4,96;1,42;1,96;2,96;2,59;14880;14265;16310;13866;4;4,25;4,5;5;7,07;4,94;4,94;5,23;0,048256428;0,009697055;0,145284741;-0,036414177;1,32;3,15;-5,14;-7,13;0,26;-0,28;-1,28;-0,91;-830;-215;-2260;184;-0,25;-0,5;-0,75;-1,25;0;2,13;2,13;1,84;-0,03498656;0,003572813;-0,132014872;0,049684045
44227;-2,17;1,55;14030;3,75;7,07;0,027462468;-3,49;-5,32;2,97;4,96;1,44;1,54;2,67;2,68;14625;14600;14882;13655;4;4;4,5;5;7,07;4,94;4,94;5,23;0,041592479;0,041220939;0,043691703;-0,022758176;1,32;3,15;-5,14;-7,13;0,11;0,01;-1,12;-1,13;-595;-570;-852;375;-0,25;-0,25;-0,75;-1,25;0;2,13;2,13;1,84;-0,014130011;-0,013758471;-0,016229236;0,050220644
44255;-2,17;1,38;14235;3,5;6,26;-0,005796899;-3,49;-5,32;2,97;4,96;1,59;1,32;2,19;2,98;14120;14563;14610;14318;3,75;4;4,5;4,75;7,07;7,07;4,94;4,94;0,000850581;0,026213797;0,023611014;0,017698486;1,32;3,15;-5,14;-7,13;-0,21;0,06;-0,81;-1,6;115;-328;-375;-83;-0,25;-0,5;-1;-1,25;-0,81;-0,81;1,32;1,32;-0,00664748;-0,032010696;-0,029407913;-0,023495385
44286;-0,69;1,37;14525;3,5;6,26;-0,10944206;-2,17;-3,49;-5,32;2,97;1,68;1,42;1,96;2,96;14050;14880;14265;16310;3,75;4;4,25;4,5;7,07;7,07;4,94;4,94;0,013269869;0,048256428;0,009697055;0,145284741;1,48;2,8;4,63;-3,66;-0,31;-0,05;-0,59;-1,59;475;-355;260;-1785;-0,25;-0,5;-0,75;-1;-0,81;-0,81;1,32;1,32;-0,122711929;-0,157698488;-0,119139116;-0,254726801
44316;-0,69;1,42;14445;3,5;6,26;-0,029364333;-2,17;-3,49;-5,32;2,97;1,55;1,44;1,54;2,67;14030;14625;14600;14882;3,75;4;4;4,5;7,07;7,07;4,94;4,94;0,027462468;0,041592479;0,041220939;0,043691703;1,48;2,8;4,63;-3,66;-0,13;-0,02;-0,12;-1,25;415;-180;-155;-437;-0,25;-0,5;-0,5;-1;-0,81;-0,81;1,32;1,32;-0,056826801;-0,070956812;-0,070585271;-0,073056036
44347;-0,69;1,68;14280;3,5;6,26;-0,022587269;-2,17;-3,49;-5,32;2,97;1,38;1,59;1,32;2,19;14235;14120;14563;14610;3,5;3,75;4;4,5;6,26;7,07;7,07;4,94;-0,005796899;0,000850581;0,026213797;0,023611014;1,48;2,8;4,63;-3,66;0,3;0,09;0,36;-0,51;45;160;-283;-330;0;-0,25;-0,5;-1;0;-0,81;-0,81;1,32;-0,01679037;-0,02343785;-0,048801066;-0,046198283
44377;7,08;1,33;14500;3,5;6,26;0,016473887;-0,69;-2,17;-3,49;-5,32;1,37;1,68;1,42;1,96;14525;14050;14880;14265;3,5;3,75;4;4,25;6,26;7,07;7,07;4,94;-0,10944206;0,013269869;0,048256428;0,009697055;7,77;9,25;10,57;12,4;-0,04;-0,35;-0,09;-0,63;-25;450;-380;235;0;-0,25;-0,5;-0,75;0;-0,81;-0,81;1,32;0,125915947;0,003204018;-0,031782541;0,006776832
44408;7,08;1,52;14463;3,5;6,26;-0,009383562;-0,69;-2,17;-3,49;-5,32;1,42;1,55;1,44;1,54;14445;14030;14625;14600;3,5;3,75;4;4;6,26;7,07;7,07;4,94;-0,029364333;0,027462468;0,041592479;0,041220939;7,77;9,25;10,57;12,4;0,1;-0,03;0,08;-0,02;18;433;-162;-137;0;-0,25;-0,5;-0,5;0;-0,81;-0,81;1,32;0,019980771;-0,03684603;-0,050976041;-0,0506045
44439;7,08;1,59;14268;3,5;6,49;-0,020256815;-0,69;-2,17;-3,49;-5,32;1,68;1,38;1,59;1,32;14280;14235;14120;14563;3,5;3,5;3,75;4;6,26;6,26;7,07;7,07;-0,022587269;-0,005796899;0,000850581;0,026213797;7,77;9,25;10,57;12,4;-0,09;0,21;0;0,27;-12;33;148;-295;0;0;-0,25;-0,5;0,23;0,23;-0,58;-0,58;0,002330454;-0,014459916;-0,021107396;-0,046470613
44469;3,53;1,6;14313;3,5;6,49;-0,038104839;7,08;-0,69;-2,17;-3,49;1,33;1,37;1,68;1,42;14500;14525;14050;14880;3,5;3,5;3,75;4;6,26;6,26;7,07;7,07;0,016473887;-0,10944206;0,013269869;0,048256428;-3,55;4,22;5,7;7,02;0,27;0,23;-0,08;0,18;-187;-212;263;-567;0;0;-0,25;-0,5;0,23;0,23;-0,58;-0,58;-0,054578726;0,071337221;-0,051374707;-0,086361267
44500;3,53;1,66;14168;3,5;6,49;-0,031247863;7,08;-0,69;-2,17;-3,49;1,52;1,42;1,55;1,44;14463;14445;14030;14625;3,5;3,5;3,75;4;6,26;6,26;7,07;7,07;-0,009383562;-0,029364333;0,027462468;0,041592479;-3,55;4,22;5,7;7,02;0,14;0,24;0,11;0,22;-295;-277;138;-457;0;0;-0,25;-0,5;0,23;0,23;-0,58;-0,58;-0,021864302;-0,00188353;-0,058710331;-0,072840342
44530;3,53;1,75;14323;3,5;6,49;0,014376771;7,08;-0,69;-2,17;-3,49;1,59;1,68;1,38;1,59;14268;14280;14235;14120;3,5;3,5;3,5;3,75;6,49;6,26;6,26;7,07;-0,020256815;-0,022587269;-0,005796899;0,000850581;-3,55;4,22;5,7;7,02;0,16;0,07;0,37;0,16;55;43;88;203;0;0;0;-0,25;0;0,23;0,23;-0,58;0,034633586;0,03696404;0,02017367;0,013526189
44561;5,03;1,87;14253;3,5;6,49;0,014448399;3,53;7,08;-0,69;-2,17;1,6;1,33;1,37;1,68;14313;14500;14525;14050;3,5;3,5;3,5;3,75;6,49;6,26;6,26;7,07;-0,038104839;0,016473887;-0,10944206;0,013269869;1,5;-2,05;5,72;7,2;0,27;0,54;0,5;0,19;-60;-247;-272;203;0;0;0;-0,25;0;0,23;0,23;-0,58;0,052553237;-0,002025489;0,123890459;0,00117853
44592;5,03;2,18;14383;3,5;6,49;0,025160371;3,53;7,08;-0,69;-2,17;1,66;1,52;1,42;1,55;14168;14463;14445;14030;3,5;3,5;3,5;3,75;6,49;6,26;6,26;7,07;-0,031247863;-0,009383562;-0,029364333;0,027462468;1,5;-2,05;5,72;7,2;0,52;0,66;0,76;0,63;215;-80;-62;353;0;0;0;-0,25;0;0,23;0,23;-0,58;0,056408234;0,034543932;0,054524703;-0,002302097
44620;5,03;2,06;14367;3,5;5,83;0,009272919;3,53;7,08;-0,69;-2,17;1,75;1,59;1,68;1,38;14323;14268;14280;14235;3,5;3,5;3,5;3,5;6,49;6,49;6,26;6,26;0,014376771;-0,020256815;-0,022587269;-0,005796899;1,5;-2,05;5,72;7,2;0,31;0,47;0,38;0,68;44;99;87;132;0;0;0;0;-0,66;-0,66;-0,43;-0,43;-0,005103852;0,029529734;0,031860188;0,015069818
44651;5,02;2,64;14369;3,5;5,83;-0,010740103;5,03;3,53;7,08;-0,69;1,87;1,6;1,33;1,37;14253;14313;14500;14525;3,5;3,5;3,5;3,5;6,49;6,49;6,26;6,26;0,014448399;-0,038104839;0,016473887;-0,10944206;-0,01;1,49;-2,06;5,71;0,77;1,04;1,31;1,27;116;56;-131;-156;0;0;0;0;-0,66;-0,66;-0,43;-0,43;-0,025188502;0,027364735;-0,02721399;0,098701957
44681;5,02;3,47;14497;3,5;5,83;0,003599862;5,03;3,53;7,08;-0,69;2,18;1,66;1,52;1,42;14383;14168;14463;14445;3,5;3,5;3,5;3,5;6,49;6,49;6,26;6,26;0,025160371;-0,031247863;-0,009383562;-0,029364333;-0,01;1,49;-2,06;5,71;1,29;1,81;1,95;2,05;114;329;34;52;0;0;0;0;-0,66;-0,66;-0,43;-0,43;-0,021560509;0,034847725;0,012983423;0,032964194
44712;5,02;3,55;14583;3,5;5,83;0,021218487;5,03;3,53;7,08;-0,69;2,06;1,75;1,59;1,68;14367;14323;14268;14280;3,5;3,5;3,5;3,5;5,83;6,49;6,49;6,26;0,009272919;0,014376771;-0,020256815;-0,022587269;-0,01;1,49;-2,06;5,71;1,49;1,8;1,96;1,87;216;260;315;303;0;0;0;0;0;-0,66;-0,66;-0,43;0,011945569;0,006841717;0,041475303;0,043805756
44742;5,46;4,35;14898;3,5;5,83;0,027448276;5,02;5,03;3,53;7,08;2,64;1,87;1,6;1,33;14369;14253;14313;14500;3,5;3,5;3,5;3,5;5,83;6,49;6,49;6,26;-0,010740103;0,014448399;-0,038104839;0,016473887;0,44;0,43;1,93;-1,62;1,71;2,48;2,75;3,02;529;645;585;398;0;0;0;0;0;-0,66;-0,66;-0,43;0,038188379;0,012999877;0,065553115;0,010974389
44773;5,46;4,94;14833;3,5;5,83;0,025582521;5,02;5,03;3,53;7,08;3,47;2,18;1,66;1,52;14497;14383;14168;14463;3,5;3,5;3,5;3,5;5,83;6,49;6,49;6,26;0,003599862;0,025160371;-0,031247863;-0,009383562;0,44;0,43;1,93;-1,62;1,47;2,76;3,28;3,42;336;450;665;370;0;0;0;0;0;-0,66;-0,66;-0,43;0,021982659;0,00042215;0,056830384;0,034966083
44804;5,46;4,69;14843;3,75;5,86;0,040299972;5,02;5,03;3,53;7,08;3,55;2,06;1,75;1,59;14583;14367;14323;14268;3,5;3,5;3,5;3,5;5,83;5,83;6,49;6,49;0,021218487;0,009272919;0,014376771;-0,020256815;0,44;0,43;1,93;-1,62;1,14;2,63;2,94;3,1;260;476;520;575;0,25;0,25;0,25;0,25;0,03;0,03;-0,63;-0,63;0,019081485;0,031027053;0,025923201;0,060556787
44834;5,73;5,95;15228;4,25;5,86;0,063927898;5,46;5,02;5,03;3,53;4,35;2,64;1,87;1,6;14898;14369;14253;14313;3,5;3,5;3,5;3,5;5,83;5,83;6,49;6,49;0,027448276;-0,010740103;0,014448399;-0,038104839;0,27;0,71;0,7;2,2;1,6;3,31;4,08;4,35;330;859;975;915;0,75;0,75;0,75;0,75;0,03;0,03;-0,63;-0,63;0,036479622;0,074668001;0,049479499;0,102032736
44865;5,73;5,71;15598;4,75;5,86;0,100931677;5,46;5,02;5,03;3,53;4,94;3,47;2,18;1,66;14833;14497;14383;14168;3,5;3,5;3,5;3,5;5,83;5,83;6,49;6,49;0,025582521;0,003599862;0,025160371;-0,031247863;0,27;0,71;0,7;2,2;0,77;2,24;3,53;4,05;765;1101;1215;1430;1,25;1,25;1,25;1,25;0,03;0,03;-0,63;-0,63;0,075349156;0,097331815;0,075771306;0,13217954
44895;5,73;5,42;15732;5,25;5,86;0,098373246;5,46;5,02;5,03;3,53;4,69;3,55;2,06;1,75;14843;14583;14367;14323;3,75;3,5;3,5;3,5;5,86;5,83;5,83;6,49;0,040299972;0,021218487;0,009272919;0,014376771;0,27;0,71;0,7;2,2;0,73;1,87;3,36;3,67;889;1149;1365;1409;1,5;1,75;1,75;1,75;0;0,03;0,03;-0,63;0,058073274;0,077154758;0,089100327;0,083996475
44926;5,01;5,51;15568;5,5;5,86;0,092261278;5,73;5,46;5,02;5,03;5,95;4,35;2,64;1,87;15228;14898;14369;14253;4,25;3,5;3,5;3,5;5,86;5,83;5,83;6,49;0,063927898;0,027448276;-0,010740103;0,014448399;-0,72;-0,45;-0,01;-0,02;-0,44;1,16;2,87;3,64;340;670;1199;1315;1,25;2;2;2;0;0,03;0,03;-0,63;0,028333381;0,064813002;0,103001382;0,07781288
44957;5,01;5,28;14990;5,75;5,86;0,0422026;5,73;5,46;5,02;5,03;5,71;4,94;3,47;2,18;15598;14833;14497;14383;4,75;3,5;3,5;3,5;5,86;5,83;5,83;6,49;0,100931677;0,025582521;0,003599862;0,025160371;-0,72;-0,45;-0,01;-0,02;-0,43;0,34;1,81;3,1;-608;157;493;607;1;2,25;2,25;2,25;0;0,03;0,03;-0,63;-0,058729077;0,016620079;0,038602739;0,01704223
44985;5,01;5,47;15250;5,75;5,45;0,061460291;5,73;5,46;5,02;5,03;5,42;4,69;3,55;2,06;15732;14843;14583;14367;5,25;3,75;3,5;3,5;5,86;5,86;5,83;5,83;0,098373246;0,040299972;0,021218487;0,009272919;-0,72;-0,45;-0,01;-0,02;0,05;0,78;1,92;3,41;-482;407;667;883;0,5;2;2,25;2,25;-0,41;-0,41;-0,38;-0,38;-0,036912955;0,021160319;0,040241804;0,052187372
45016;5,04;4,97;14995;5,75;5,45;0,04356601;5,01;5,73;5,46;5,02;5,51;5,95;4,35;2,64;15568;15228;14898;14369;5,5;4,25;3,5;3,5;5,86;5,86;5,83;5,83;0,092261278;0,063927898;0,027448276;-0,010740103;0,03;-0,69;-0,42;0,02;-0,54;-0,98;0,62;2,33;-573;-233;97;626;0,25;1,5;2,25;2,25;-0,41;-0,41;-0,38;-0,38;-0,048695268;-0,020361888;0,016117734;0,054306113
45046;5,04;4,33;14670;5,75;5,45;0,011933503;5,01;5,73;5,46;5,02;5,28;5,71;4,94;3,47;14990;15598;14833;14497;5,75;4,75;3,5;3,5;5,86;5,86;5,83;5,83;0,0422026;0,100931677;0,025582521;0,003599862;0,03;-0,69;-0,42;0,02;-0,95;-1,38;-0,61;0,86;-320;-928;-163;173;0;1;2,25;2,25;-0,41;-0,41;-0,38;-0,38;-0,030269097;-0,088998174;-0,013649017;0,008333642
45077;5,04;4;14993;5,75;5,45;0,028114928;5,01;5,73;5,46;5,02;5,47;5,42;4,69;3,55;15250;15732;14843;14583;5,75;5,25;3,75;3,5;5,45;5,86;5,86;5,83;0,061460291;0,098373246;0,040299972;0,021218487;0,03;-0,69;-0,42;0,02;-1,47;-1,42;-0,69;0,45;-257;-739;150;410;0;0,5;2;2,25;0;-0,41;-0,41;-0,38;-0,033345363;-0,070258317;-0,012185044;0,006896441
45107;5,17;3,52;14993;5,75;5,45;0,006376695;5,04;5,01;5,73;5,46;4,97;5,51;5,95;4,35;14995;15568;15228;14898;5,75;5,5;4,25;3,5;5,45;5,86;5,86;5,83;0,04356601;0,092261278;0,063927898;0,027448276;0,13;0,16;-0,56;-0,29;-1,45;-1,99;-2,43;-0,83;-2;-575;-235;95;0;0,25;1,5;2,25;0;-0,41;-0,41;-0,38;-0,037189315;-0,085884583;-0,057551203;-0,021071581
45138;4,97;2,9;14951,4;5,833333333;5,528571429;0,007982202;5,04;5,01;5,73;5,46;4,33;5,28;5,71;4,94;14670;14990;15598;14833;5,75;5,75;4,75;3,5;5,45;5,86;5,86;5,83;0,011933503;0,0422026;0,100931677;0,025582521;-0,07;-0,04;-0,76;-0,49;-1,43;-2,38;-2,81;-2,04;281,4;-38,6;-646,6;118,4;0,083333333;0,083333333;1,083333333;2,333333333;0,078571429;-0,331428571;-0,331428571;-0,301428571;-0,003951302;-0,034220398;-0,092949475;-0,017600319
45168;4,97;2,9;14951,4;5,833333333;5,528571429;0,007303106;5,04;5,01;5,73;5,46;4;5,47;5,42;4,69;14993;15250;15732;14843;5,75;5,75;5,25;3,75;5,45;5,45;5,86;5,86;0,028114928;0,061460291;0,098373246;0,040299972;-0,07;-0,04;-0,76;-0,49;-1,1;-2,57;-2,52;-1,79;-41,6;-298,6;-780,6;108,4;0,083333333;0,083333333;0,583333333;2,083333333;0,078571429;0,078571429;-0,331428571;-0,331428571;-0,020811823;-0,054157185;-0,09107014;-0,032996866
45199;4,97;2,9;14951,4;5,833333333;5,528571429;-0,018163909;5,17;5,04;5,01;5,73;3,52;4,97;5,51;5,95;14993;14995;15568;15228;5,75;5,75;5,5;4,25;5,45;5,45;5,86;5,86;0,006376695;0,04356601;0,092261278;0,063927898;-0,2;-0,07;-0,04;-0,76;-0,62;-2,07;-2,61;-3,05;-41,6;-43,6;-616,6;-276,6;0,083333333;0,083333333;0,333333333;1,583333333;0,078571429;0,078571429;-0,331428571;-0,331428571;-0,024540603;-0,061729919;-0,110425187;-0,082091806
45230;4,96;2,990909091;14814;5,854166667;5,528571429;-0,050262854;4,97;5,04;5,01;5,73;2,9;4,33;5,28;5,71;14951,4;14670;14990;15598;5,833333333;5,75;5,75;4,75;5,528571429;5,45;5,86;5,86;0,007982202;0,011933503;0,0422026;0,100931677;-0,01;-0,08;-0,05;-0,77;0,090909091;-1,339090909;-2,289090909;-2,719090909;-137,4;144;-176;-784;0,020833333;0,104166667;0,104166667;1,104166667;0;0,078571429;-0,331428571;-0,331428571;-0,058245056;-0,062196358;-0,092465455;-0,151194531
45260;4,96;2,990909091;14814;5,854166667;5,528571429;-0,058352403;4,97;5,04;5,01;5,73;2,9;4;5,47;5,42;14951,4;14993;15250;15732;5,833333333;5,75;5,75;5,25;5,528571429;5,45;5,45;5,86;0,007303106;0,028114928;0,061460291;0,098373246;-0,01;-0,08;-0,05;-0,77;0,090909091;-1,009090909;-2,479090909;-2,429090909;-137,4;-179;-436;-918;0,020833333;0,104166667;0,104166667;0,604166667;0;0,078571429;0,078571429;-0,331428571;-0,065655509;-0,086467331;-0,119812694;-0,156725649
45291;4,96;2,990909091;14814;5,854166667;5,528571429;-0,048432682;4,97;5,17;5,04;5,01;2,9;3,52;4,97;5,51;14951,4;14993;14995;15568;5,833333333;5,75;5,75;5,5;5,528571429;5,45;5,45;5,86;-0,018163909;0,006376695;0,04356601;0,092261278;-0,01;-0,21;-0,08;-0,05;0,090909091;-0,529090909;-1,979090909;-2,519090909;-137,4;-179;-181;-754;0,020833333;0,104166667;0,104166667;0,354166667;0;0,078571429;0,078571429;-0,331428571;-0,030268774;-0,054809377;-0,091998693;-0,140693961
45322;4,93;3,072727273;14729,13333;5,875;5,371428571;-0,017402713;4,96;4,97;5,04;5,01;2,990909091;2,9;4,33;5,28;14814;14951,4;14670;14990;5,854166667;5,833333333;5,75;5,75;5,528571429;5,528571429;5,45;5,86;-0,050262854;0,007982202;0,011933503;0,0422026;-0,03;-0,04;-0,11;-0,08;0,081818182;0,172727273;-1,257272727;-2,207272727;-84,86666667;-222,2666667;59,13333333;-260,8666667;0,020833333;0,041666667;0,125;0,125;-0,157142857;-0,157142857;-0,078571429;-0,488571429;0,032860141;-0,025384915;-0,029336216;-0,059605313
45351;4,93;3,072727273;14729,13333;5,875;5,371428571;-0,034155191;4,96;4,97;5,04;5,01;2,990909091;2,9;4;5,47;14814;14951,4;14993;15250;5,854166667;5,833333333;5,75;5,75;5,528571429;5,528571429;5,45;5,45;-0,058352403;0,007303106;0,028114928;0,061460291;-0,03;-0,04;-0,11;-0,08;0,081818182;0,172727273;-0,927272727;-2,397272727;-84,86666667;-222,2666667;-263,8666667;-520,8666667;0,020833333;0,041666667;0,125;0,125;-0,157142857;-0,157142857;-0,078571429;-0,078571429;0,024197211;-0,041458297;-0,06227012;-0,095615482
45382;4,93;3,072727273;14729,13333;5,875;5,371428571;-0,017730355;4,96;4,97;5,17;5,04;2,990909091;2,9;3,52;4,97;14814;14951,4;14993;14995;5,854166667;5,833333333;5,75;5,75;5,528571429;5,528571429;5,45;5,45;-0,048432682;-0,018163909;0,006376695;0,04356601;-0,03;-0,04;-0,24;-0,11;0,081818182;0,172727273;-0,447272727;-1,897272727;-84,86666667;-222,2666667;-263,8666667;-265,8666667;0,020833333;0,041666667;0,125;0,125;-0,157142857;-0,157142857;-0,078571429;-0,078571429;0,030702328;0,000433554;-0,024107049;-0,061296365
45412;4,96;2,972727273;14671,5;5,8125;5,371428571;0,000102249;4,93;4,96;4,97;5,04;3,072727273;2,990909091;2,9;4,33;14729,13333;14814;14951,4;14670;5,875;5,854166667;5,833333333;5,75;5,371428571;5,528571429;5,528571429;5,45;-0,017402713;-0,050262854;0,007982202;0,011933503;0,03;0;-0,01;-0,08;-0,1;-0,018181818;0,072727273;-1,357272727;-57,63333333;-142,5;-279,9;1,5;-0,0625;-0,041666667;-0,020833333;0,0625;0;-0,157142857;-0,157142857;-0,078571429;0,017504962;0,050365104;-0,007879952;-0,011831254
45443;4,96;2,972727273;14671,5;5,8125;5,371428571;-0,02144334;4,93;4,96;4,97;5,04;3,072727273;2,990909091;2,9;4;14729,13333;14814;14951,4;14993;5,875;5,854166667;5,833333333;5,75;5,371428571;5,528571429;5,528571429;5,45;-0,034155191;-0,058352403;0,007303106;0,028114928;0,03;0;-0,01;-0,08;-0,1;-0,018181818;0,072727273;-1,027272727;-57,63333333;-142,5;-279,9;-321,5;-0,0625;-0,041666667;-0,020833333;0,0625;0;-0,157142857;-0,157142857;-0,078571429;0,012711851;0,036909063;-0,028746446;-0,049558269
45473;4,96;2,972727273;14671,5;5,8125;5,371428571;-0,02144334;4,93;4,96;4,97;5,17;3,072727273;2,990909091;2,9;3,52;14729,13333;14814;14951,4;14993;5,875;5,854166667;5,833333333;5,75;5,371428571;5,528571429;5,528571429;5,45;-0,017730355;-0,048432682;-0,018163909;0,006376695;0,03;0;-0,01;-0,21;-0,1;-0,018181818;0,072727273;-0,547272727;-57,63333333;-142,5;-279,9;-321,5;-0,0625;-0,041666667;-0,020833333;0,0625;0;-0,157142857;-0,157142857;-0,078571429;-0,003712986;0,026989342;-0,003279432;-0,027820035
45504;5,09;2,954545455;14476,6;5,5625;5,371428571;-0,031756223;4,96;4,93;4,96;4,97;2,972727273;3,072727273;2,990909091;2,9;14671,5;14729,13333;14814;14951,4;5,8125;5,875;5,854166667;5,833333333;5,371428571;5,371428571;5,528571429;5,528571429;0,000102249;-0,017402713;-0,050262854;0,007982202;0,13;0,16;0,13;0,12;-0,018181818;-0,118181818;-0,036363636;0,054545455;-194,9;-252,5333333;-337,4;-474,8;-0,25;-0,3125;-0,291666667;-0,270833333;0;0;-0,157142857;-0,157142857;-0,031858473;-0,014353511;0,018506631;-0,039738425
45535;5,09;2,954545455;14476,6;5,5625;5,371428571;-0,031756223;4,96;4,93;4,96;4,97;2,972727273;3,072727273;2,990909091;2,9;14671,5;14729,13333;14814;14951,4;5,8125;5,875;5,854166667;5,833333333;5,371428571;5,371428571;5,528571429;5,528571429;-0,02144334;-0,034155191;-0,058352403;0,007303106;0,13;0,16;0,13;0,12;-0,018181818;-0,118181818;-0,036363636;0,054545455;-194,9;-252,5333333;-337,4;-474,8;-0,25;-0,3125;-0,291666667;-0,270833333;0;0;-0,157142857;-0,157142857;-0,010312883;0,002398968;0,026596179;-0,039059329
45565;5,09;2,954545455;14476,6;5,5625;5,371428571;-0,031756223;4,96;4,93;4,96;4,97;2,972727273;3,072727273;2,990909091;2,9;14671,5;14729,13333;14814;14951,4;5,8125;5,875;5,854166667;5,833333333;5,371428571;5,371428571;5,528571429;5,528571429;-0,02144334;-0,017730355;-0,048432682;-0,018163909;0,13;0,16;0,13;0,12;-0,018181818;-0,118181818;-0,036363636;0,054545455;-194,9;-252,5333333;-337,4;-474,8;-0,25;-0,3125;-0,291666667;-0,270833333;0;0;-0,157142857;-0,157142857;-0,010312883;-0,014025869;0,016676459;-0,013592315
45596;5,13;2,833333333;14440;5,270833333;5,371428571;-0,025246389;5,09;4,96;4,93;4,96;2,954545455;2,972727273;3,072727273;2,990909091;14476,6;14671,5;14729,13333;14814;5,5625;5,8125;5,875;5,854166667;5,371428571;5,371428571;5,371428571;5,528571429;-0,031756223;0,000102249;-0,017402713;-0,050262854;0,04;0,17;0,2;0,17;-0,121212121;-0,139393939;-0,239393939;-0,157575758;-36,6;-231,5;-289,1333333;-374;-0,291666667;-0,541666667;-0,604166667;-0,583333333;0;0;0;-0,157142857;0,006509835;-0,025348638;-0,007843676;0,025016466
45626;5,13;2,833333333;14440;5,270833333;5,371428571;-0,025246389;5,09;4,96;4,93;4,96;2,954545455;2,972727273;3,072727273;2,990909091;14476,6;14671,5;14729,13333;14814;5,5625;5,8125;5,875;5,854166667;5,371428571;5,371428571;5,371428571;5,528571429;-0,031756223;-0,02144334;-0,034155191;-0,058352403;0,04;0,17;0,2;0,17;-0,121212121;-0,139393939;-0,239393939;-0,157575758;-36,6;-231,5;-289,1333333;-374;-0,291666667;-0,541666667;-0,604166667;-0,583333333;0;0;0;-0,157142857;0,006509835;-0,003803048;0,008908803;0,033106014
45657;5,13;2,833333333;14440;5,270833333;5,371428571;-0,025246389;5,09;4,96;4,93;4,96;2,954545455;2,972727273;3,072727273;2,990909091;14476,6;14671,5;14729,13333;14814;5,5625;5,8125;5,875;5,854166667;5,371428571;5,371428571;5,371428571;5,528571429;-0,031756223;-0,02144334;-0,017730355;-0,048432682;0,04;0,17;0,2;0,17;-0,121212121;-0,139393939;-0,239393939;-0,157575758;-36,6;-231,5;-289,1333333;-374;-0,291666667;-0,541666667;-0,604166667;-0,583333333;0;0;0;-0,157142857;0,006509835;-0,003803048;-0,007516034;0,023186294
45688;5,17;2,833333333;14650;5,041666667;5,271428571;-0,005372572;5,13;5,09;4,96;4,93;2,833333333;2,954545455;2,972727273;3,072727273;14440;14476,6;14671,5;14729,13333;5,270833333;5,5625;5,8125;5,875;5,371428571;5,371428571;5,371428571;5,371428571;-0,025246389;-0,031756223;0,000102249;-0,017402713;0,04;0,08;0,21;0,24;0;-0,121212121;-0,139393939;-0,239393939;210;173,4;-21,5;-79,13333333;-0,229166667;-0,520833333;-0,770833333;-0,833333333;-0,1;-0,1;-0,1;-0,1;0,019873816;0,026383651;-0,005474822;0,012030141
45716;5,17;2,833333333;14650;5,041666667;5,271428571;-0,005372572;5,13;5,09;4,96;4,93;2,833333333;2,954545455;2,972727273;3,072727273;14440;14476,6;14671,5;14729,13333;5,270833333;5,5625;5,8125;5,875;5,371428571;5,371428571;5,371428571;5,371428571;-0,025246389;-0,031756223;-0,02144334;-0,034155191;0,04;0,08;0,21;0,24;0;-0,121212121;-0,139393939;-0,239393939;210;173,4;-21,5;-79,13333333;-0,229166667;-0,520833333;-0,770833333;-0,833333333;-0,1;-0,1;-0,1;-0,1;0,019873816;0,026383651;0,016070768;0,028782619
45747;5,17;2,833333333;14650;5,041666667;5,271428571;-0,005372572;5,13;5,09;4,96;4,93;2,833333333;2,954545455;2,972727273;3,072727273;14440;14476,6;14671,5;14729,13333;5,270833333;5,5625;5,8125;5,875;5,371428571;5,371428571;5,371428571;5,371428571;-0,025246389;-0,031756223;-0,02144334;-0,017730355;0,04;0,08;0,21;0,24;0;-0,121212121;-0,139393939;-0,239393939;210;173,4;-21,5;-79,13333333;-0,229166667;-0,520833333;-0,770833333;-0,833333333;-0,1;-0,1;-0,1;-0,1;0,019873816;0,026383651;0,016070768;0,012357782
45777;5,17;2,833333333;14463,33333;4,895833333;5,271428571;-0,014188506;5,17;5,13;5,09;4,96;2,833333333;2,833333333;2,954545455;2,972727273;14650;14440;14476,6;14671,5;5,041666667;5,270833333;5,5625;5,8125;5,271428571;5,371428571;5,371428571;5,371428571;-0,005372572;-0,025246389;-0,031756223;0,000102249;0;0,04;0,08;0,21;0;0;-0,121212121;-0,139393939;-186,6666667;23,33333333;-13,26666667;-208,1666667;-0,145833333;-0,375;-0,666666667;-0,916666667;0;-0,1;-0,1;-0,1;-0,008815934;0,011057882;0,017567717;-0,014290756
45808;5,17;2,833333333;14463,33333;4,895833333;5,271428571;-0,014188506;5,17;5,13;5,09;4,96;2,833333333;2,833333333;2,954545455;2,972727273;14650;14440;14476,6;14671,5;5,041666667;5,270833333;5,5625;5,8125;5,271428571;5,371428571;5,371428571;5,371428571;-0,005372572;-0,025246389;-0,031756223;-0,02144334;0;0,04;0,08;0,21;0;0;-0,121212121;-0,139393939;-186,6666667;23,33333333;-13,26666667;-208,1666667;-0,145833333;-0,375;-0,666666667;-0,916666667;0;-0,1;-0,1;-0,1;-0,008815934;0,011057882;0,017567717;0,007254834
45838;5,17;2,833333333;14463,33333;4,895833333;5,271428571;-0,014188506;5,17;5,13;5,09;4,96;2,833333333;2,833333333;2,954545455;2,972727273;14650;14440;14476,6;14671,5;5,041666667;5,270833333;5,5625;5,8125;5,271428571;5,371428571;5,371428571;5,371428571;-0,005372572;-0,025246389;-0,031756223;-0,02144334;0;0,04;0,08;0,21;0;0;-0,121212121;-0,139393939;-186,6666667;23,33333333;-13,26666667;-208,1666667;-0,145833333;-0,375;-0,666666667;-0,916666667;0;-0,1;-0,1;-0,1;-0,008815934;0,011057882;0,017567717;0,007254834
45869;5,17;2,833333333;14463,33333;4,75;5,271428571;-0,000916421;5,17;5,17;5,13;5,09;2,833333333;2,833333333;2,833333333;2,954545455;14463,33333;14650;14440;14476,6;4,895833333;5,041666667;5,270833333;5,5625;5,271428571;5,271428571;5,371428571;5,371428571;-0,014188506;-0,005372572;-0,025246389;-0,031756223;0;0;0,04;0,08;0;0;0;-0,121212121;0;-186,6666667;23,33333333;-13,26666667;-0,145833333;-0,291666667;-0,520833333;-0,8125;0;0;-0,1;-0,1;0,013272085;0,004456151;0,024329967;0,030839802
45900;5,17;2,833333333;14463,33333;4,75;5,271428571;-0,000916421;5,17;5,17;5,13;5,09;2,833333333;2,833333333;2,833333333;2,954545455;14463,33333;14650;14440;14476,6;4,895833333;5,041666667;5,270833333;5,5625;5,271428571;5,271428571;5,371428571;5,371428571;-0,014188506;-0,005372572;-0,025246389;-0,031756223;0;0;0,04;0,08;0;0;0;-0,121212121;0;-186,6666667;23,33333333;-13,26666667;-0,145833333;-0,291666667;-0,520833333;-0,8125;0;0;-0,1;-0,1;0,013272085;0,004456151;0,024329967;0,030839802
45930;5,17;2,833333333;14463,33333;4,75;5,271428571;-0,000916421;5,17;5,17;5,13;5,09;2,833333333;2,833333333;2,833333333;2,954545455;14463,33333;14650;14440;14476,6;4,895833333;5,041666667;5,270833333;5,5625;5,271428571;5,271428571;5,371428571;5,371428571;-0,014188506;-0,005372572;-0,025246389;-0,031756223;0;0;0,04;0,08;0;0;0;-0,121212121;0;-186,6666667;23,33333333;-13,26666667;-0,145833333;-0,291666667;-0,520833333;-0,8125;0;0;-0,1;-0,1;0,013272085;0,004456151;0,024329967;0,030839802
45961;5,17;2,833333333;14463,33333;4,666666667;5,271428571;0,001615882;5,17;5,17;5,17;5,13;2,833333333;2,833333333;2,833333333;2,833333333;14463,33333;14463,33333;14650;14440;4,75;4,895833333;5,041666667;5,270833333;5,271428571;5,271428571;5,271428571;5,371428571;-0,000916421;-0,014188506;-0,005372572;-0,025246389;0;0;0;0,04;0;0;0;0;0;0;-186,6666667;23,33333333;-0,083333333;-0,229166667;-0,375;-0,604166667;0;0;0;-0,1;0,002532303;0,015804388;0,006988454;0,02686227
45991;5,17;2,833333333;14463,33333;4,666666667;5,271428571;0,001615882;5,17;5,17;5,17;5,13;2,833333333;2,833333333;2,833333333;2,833333333;14463,33333;14463,33333;14650;14440;4,75;4,895833333;5,041666667;5,270833333;5,271428571;5,271428571;5,271428571;5,371428571;-0,000916421;-0,014188506;-0,005372572;-0,025246389;0;0;0;0,04;0;0;0;0;0;0;-186,6666667;23,33333333;-0,083333333;-0,229166667;-0,375;-0,604166667;0;0;0;-0,1;0,002532303;0,015804388;0,006988454;0,02686227
46022;5,17;2,833333333;14463,33333;4,666666667;5,271428571;0,001615882;5,17;5,17;5,17;5,13;2,833333333;2,833333333;2,833333333;2,833333333;14463,33333;14463,33333;14650;14440;4,75;4,895833333;5,041666667;5,270833333;5,271428571;5,271428571;5,271428571;5,371428571;-0,000916421;-0,014188506;-0,005372572;-0,025246389;0;0;0;0,04;0;0;0;0;0;0;-186,6666667;23,33333333;-0,083333333;-0,229166667;-0,375;-0,604166667;0;0;0;-0,1;0,002532303;0,015804388;0,006988454;0,02686227
